DATAFLOW,REF_AREA,FREQ,MEASURE,UNIT_MEASURE,TRANSPORT_MODE,PRICE_BASE,TIME_PERIOD,OBS_VALUE,OBS_STATUS,OBS_STATUS2,UNIT_MULT,DECIMALS,CURRENCY
OECD.ITF:DSD_INFRINV@DF_INFRINV(1.0),AUT,A,CV,EUR,MAR,Q,1995,,M,,0,0,
OECD.ITF:DSD_INFRINV@DF_INFRINV(1.0),AUT,A,CV,EUR,MAR,Q,1996,,M,,0,0,
OECD.ITF:DSD_INFRINV@DF_INFRINV(1.0),AUT,A,CV,EUR,MAR,Q,1997,,M,,0,0,
OECD.ITF:DSD_INFRINV@DF_INFRINV(1.0),AUT,A,CV,EUR,MAR,Q,1998,,M,,0,0,
OECD.ITF:DSD_INFRINV@DF_INFRINV(1.0),AUT,A,CV,EUR,MAR,Q,1999,,M,,0,0,
OECD.ITF:DSD_INFRINV@DF_INFRINV(1.0),AUT,A,CV,EUR,MAR,Q,2000,,M,,0,0,
OECD.ITF:DSD_INFRINV@DF_INFRINV(1.0),AUT,A,CV,EUR,MAR,Q,2001,,M,,0,0,
OECD.ITF:DSD_INFRINV@DF_INFRINV(1.0),AUT,A,CV,EUR,MAR,Q,2002,,M,,0,0,
OECD.ITF:DSD_INFRINV@DF_INFRINV(1.0),AUT,A,CV,EUR,MAR,Q,2003,,M,,0,0,
OECD.ITF:DSD_INFRINV@DF_INFRINV(1.0),AUT,A,CV,EUR,MAR,Q,2004,,M,,0,0,
OECD.ITF:DSD_INFRINV@DF_INFRINV(1.0),AUT,A,CV,EUR,MAR,Q,2005,,M,,0,0,
OECD.ITF:DSD_INFRINV@DF_INFRINV(1.0),AUT,A,CV,EUR,MAR,Q,2006,,M,,0,0,
OECD.ITF:DSD_INFRINV@DF_INFRINV(1.0),AUT,A,CV,EUR,MAR,Q,2007,,M,,0,0,
OECD.ITF:DSD_INFRINV@DF_INFRINV(1.0),AUT,A,CV,EUR,MAR,Q,2008,,M,,0,0,
OECD.ITF:DSD_INFRINV@DF_INFRINV(1.0),AUT,A,CV,EUR,MAR,Q,2009,,M,,0,0,
OECD.ITF:DSD_INFRINV@DF_INFRINV(1.0),AUT,A,CV,EUR,MAR,Q,2010,,M,,0,0,
OECD.ITF:DSD_INFRINV@DF_INFRINV(1.0),AUT,A,CV,EUR,MAR,Q,2011,,M,,0,0,
OECD.ITF:DSD_INFRINV@DF_INFRINV(1.0),AUT,A,CV,EUR,MAR,Q,2012,,M,,0,0,
OECD.ITF:DSD_INFRINV@DF_INFRINV(1.0),AUT,A,CV,EUR,MAR,Q,2013,,M,,0,0,
OECD.ITF:DSD_INFRINV@DF_INFRINV(1.0),AUT,A,CV,EUR,MAR,Q,2014,,M,,0,0,
OECD.ITF:DSD_INFRINV@DF_INFRINV(1.0),AUT,A,CV,EUR,MAR,Q,2015,,M,,0,0,
OECD.ITF:DSD_INFRINV@DF_INFRINV(1.0),AUT,A,CV,EUR,MAR,Q,2016,,M,,0,0,
OECD.ITF:DSD_INFRINV@DF_INFRINV(1.0),AUT,A,CV,EUR,MAR,Q,2017,,M,,0,0,
OECD.ITF:DSD_INFRINV@DF_INFRINV(1.0),AUT,A,CV,EUR,MAR,Q,2018,,M,,0,0,
OECD.ITF:DSD_INFRINV@DF_INFRINV(1.0),AUT,A,CV,EUR,MAR,Q,2019,,M,,0,0,
OECD.ITF:DSD_INFRINV@DF_INFRINV(1.0),AUT,A,CV,EUR,MAR,Q,2020,,M,,0,0,
OECD.ITF:DSD_INFRINV@DF_INFRINV(1.0),AUT,A,CV,EUR,MAR,Q,2021,,M,,0,0,
OECD.ITF:DSD_INFRINV@DF_INFRINV(1.0),AUT,A,CV,EUR,MAR,Q,2022,,M,,0,0,
OECD.ITF:DSD_INFRINV@DF_INFRINV(1.0),AUT,A,CV,EUR,MAR,Q,2023,,M,,0,0,
OECD.ITF:DSD_INFRINV@DF_INFRINV(1.0),AUT,A,CV,EUR,MAR,Q,2024,,M,,0,0,
OECD.ITF:DSD_INFRINV@DF_INFRINV(1.0),CZE,A,CV,EUR,MAR,Q,1995,,M,,0,0,
OECD.ITF:DSD_INFRINV@DF_INFRINV(1.0),CZE,A,CV,EUR,MAR,Q,1996,,M,,0,0,
OECD.ITF:DSD_INFRINV@DF_INFRINV(1.0),CZE,A,CV,EUR,MAR,Q,1997,,M,,0,0,
OECD.ITF:DSD_INFRINV@DF_INFRINV(1.0),CZE,A,CV,EUR,MAR,Q,1998,,M,,0,0,
OECD.ITF:DSD_INFRINV@DF_INFRINV(1.0),CZE,A,CV,EUR,MAR,Q,1999,,M,,0,0,
OECD.ITF:DSD_INFRINV@DF_INFRINV(1.0),CZE,A,CV,EUR,MAR,Q,2000,,M,,0,0,
OECD.ITF:DSD_INFRINV@DF_INFRINV(1.0),CZE,A,CV,EUR,MAR,Q,2001,,M,,0,0,
OECD.ITF:DSD_INFRINV@DF_INFRINV(1.0),CZE,A,CV,EUR,MAR,Q,2002,,M,,0,0,
OECD.ITF:DSD_INFRINV@DF_INFRINV(1.0),CZE,A,CV,EUR,MAR,Q,2003,,M,,0,0,
OECD.ITF:DSD_INFRINV@DF_INFRINV(1.0),CZE,A,CV,EUR,MAR,Q,2004,,M,,0,0,
OECD.ITF:DSD_INFRINV@DF_INFRINV(1.0),CZE,A,CV,EUR,MAR,Q,2005,,M,,0,0,
OECD.ITF:DSD_INFRINV@DF_INFRINV(1.0),CZE,A,CV,EUR,MAR,Q,2006,,M,,0,0,
OECD.ITF:DSD_INFRINV@DF_INFRINV(1.0),CZE,A,CV,EUR,MAR,Q,2007,,M,,0,0,
OECD.ITF:DSD_INFRINV@DF_INFRINV(1.0),CZE,A,CV,EUR,MAR,Q,2008,,M,,0,0,
OECD.ITF:DSD_INFRINV@DF_INFRINV(1.0),CZE,A,CV,EUR,MAR,Q,2009,,M,,0,0,
OECD.ITF:DSD_INFRINV@DF_INFRINV(1.0),CZE,A,CV,EUR,MAR,Q,2010,,M,,0,0,
OECD.ITF:DSD_INFRINV@DF_INFRINV(1.0),CZE,A,CV,EUR,MAR,Q,2011,,M,,0,0,
OECD.ITF:DSD_INFRINV@DF_INFRINV(1.0),CZE,A,CV,EUR,MAR,Q,2012,,M,,0,0,
OECD.ITF:DSD_INFRINV@DF_INFRINV(1.0),CZE,A,CV,EUR,MAR,Q,2013,,M,,0,0,
OECD.ITF:DSD_INFRINV@DF_INFRINV(1.0),CZE,A,CV,EUR,MAR,Q,2014,,M,,0,0,
OECD.ITF:DSD_INFRINV@DF_INFRINV(1.0),CZE,A,CV,EUR,MAR,Q,2015,,M,,0,0,
OECD.ITF:DSD_INFRINV@DF_INFRINV(1.0),CZE,A,CV,EUR,MAR,Q,2016,,M,,0,0,
OECD.ITF:DSD_INFRINV@DF_INFRINV(1.0),CZE,A,CV,EUR,MAR,Q,2017,,M,,0,0,
OECD.ITF:DSD_INFRINV@DF_INFRINV(1.0),CZE,A,CV,EUR,MAR,Q,2018,,M,,0,0,
OECD.ITF:DSD_INFRINV@DF_INFRINV(1.0),CZE,A,CV,EUR,MAR,Q,2019,,M,,0,0,
OECD.ITF:DSD_INFRINV@DF_INFRINV(1.0),CZE,A,CV,EUR,MAR,Q,2020,,M,,0,0,
OECD.ITF:DSD_INFRINV@DF_INFRINV(1.0),CZE,A,CV,EUR,MAR,Q,2021,,M,,0,0,
OECD.ITF:DSD_INFRINV@DF_INFRINV(1.0),CZE,A,CV,EUR,MAR,Q,2022,,M,,0,0,
OECD.ITF:DSD_INFRINV@DF_INFRINV(1.0),CZE,A,CV,EUR,MAR,Q,2023,,M,,0,0,
OECD.ITF:DSD_INFRINV@DF_INFRINV(1.0),CZE,A,CV,EUR,MAR,Q,2024,,M,,0,0,
OECD.ITF:DSD_INFRINV@DF_INFRINV(1.0),HUN,A,CV,EUR,MAR,Q,1995,,M,,0,0,
OECD.ITF:DSD_INFRINV@DF_INFRINV(1.0),HUN,A,CV,EUR,MAR,Q,1996,,M,,0,0,
OECD.ITF:DSD_INFRINV@DF_INFRINV(1.0),HUN,A,CV,EUR,MAR,Q,1997,,M,,0,0,
OECD.ITF:DSD_INFRINV@DF_INFRINV(1.0),HUN,A,CV,EUR,MAR,Q,1998,,M,,0,0,
OECD.ITF:DSD_INFRINV@DF_INFRINV(1.0),HUN,A,CV,EUR,MAR,Q,1999,,M,,0,0,
OECD.ITF:DSD_INFRINV@DF_INFRINV(1.0),HUN,A,CV,EUR,MAR,Q,2000,,M,,0,0,
OECD.ITF:DSD_INFRINV@DF_INFRINV(1.0),HUN,A,CV,EUR,MAR,Q,2001,,M,,0,0,
OECD.ITF:DSD_INFRINV@DF_INFRINV(1.0),HUN,A,CV,EUR,MAR,Q,2002,,M,,0,0,
OECD.ITF:DSD_INFRINV@DF_INFRINV(1.0),HUN,A,CV,EUR,MAR,Q,2003,,M,,0,0,
OECD.ITF:DSD_INFRINV@DF_INFRINV(1.0),HUN,A,CV,EUR,MAR,Q,2004,,M,,0,0,
OECD.ITF:DSD_INFRINV@DF_INFRINV(1.0),HUN,A,CV,EUR,MAR,Q,2005,,M,,0,0,
OECD.ITF:DSD_INFRINV@DF_INFRINV(1.0),HUN,A,CV,EUR,MAR,Q,2006,,M,,0,0,
OECD.ITF:DSD_INFRINV@DF_INFRINV(1.0),HUN,A,CV,EUR,MAR,Q,2007,,M,,0,0,
OECD.ITF:DSD_INFRINV@DF_INFRINV(1.0),HUN,A,CV,EUR,MAR,Q,2008,,M,,0,0,
OECD.ITF:DSD_INFRINV@DF_INFRINV(1.0),HUN,A,CV,EUR,MAR,Q,2009,,M,,0,0,
OECD.ITF:DSD_INFRINV@DF_INFRINV(1.0),HUN,A,CV,EUR,MAR,Q,2010,,M,,0,0,
OECD.ITF:DSD_INFRINV@DF_INFRINV(1.0),HUN,A,CV,EUR,MAR,Q,2011,,M,,0,0,
OECD.ITF:DSD_INFRINV@DF_INFRINV(1.0),HUN,A,CV,EUR,MAR,Q,2012,,M,,0,0,
OECD.ITF:DSD_INFRINV@DF_INFRINV(1.0),HUN,A,CV,EUR,MAR,Q,2013,,M,,0,0,
OECD.ITF:DSD_INFRINV@DF_INFRINV(1.0),HUN,A,CV,EUR,MAR,Q,2014,,M,,0,0,
OECD.ITF:DSD_INFRINV@DF_INFRINV(1.0),HUN,A,CV,EUR,MAR,Q,2015,,M,,0,0,
OECD.ITF:DSD_INFRINV@DF_INFRINV(1.0),HUN,A,CV,EUR,MAR,Q,2016,,M,,0,0,
OECD.ITF:DSD_INFRINV@DF_INFRINV(1.0),HUN,A,CV,EUR,MAR,Q,2017,,M,,0,0,
OECD.ITF:DSD_INFRINV@DF_INFRINV(1.0),HUN,A,CV,EUR,MAR,Q,2018,,M,,0,0,
OECD.ITF:DSD_INFRINV@DF_INFRINV(1.0),HUN,A,CV,EUR,MAR,Q,2019,,M,,0,0,
OECD.ITF:DSD_INFRINV@DF_INFRINV(1.0),HUN,A,CV,EUR,MAR,Q,2020,,M,,0,0,
OECD.ITF:DSD_INFRINV@DF_INFRINV(1.0),HUN,A,CV,EUR,MAR,Q,2021,,M,,0,0,
OECD.ITF:DSD_INFRINV@DF_INFRINV(1.0),HUN,A,CV,EUR,MAR,Q,2022,,M,,0,0,
OECD.ITF:DSD_INFRINV@DF_INFRINV(1.0),HUN,A,CV,EUR,MAR,Q,2023,,M,,0,0,
OECD.ITF:DSD_INFRINV@DF_INFRINV(1.0),HUN,A,CV,EUR,MAR,Q,2024,,M,,0,0,
OECD.ITF:DSD_INFRINV@DF_INFRINV(1.0),LUX,A,CV,EUR,MAR,Q,1995,,M,,0,0,
OECD.ITF:DSD_INFRINV@DF_INFRINV(1.0),LUX,A,CV,EUR,MAR,Q,1996,,M,,0,0,
OECD.ITF:DSD_INFRINV@DF_INFRINV(1.0),LUX,A,CV,EUR,MAR,Q,1997,,M,,0,0,
OECD.ITF:DSD_INFRINV@DF_INFRINV(1.0),LUX,A,CV,EUR,MAR,Q,1998,,M,,0,0,
OECD.ITF:DSD_INFRINV@DF_INFRINV(1.0),LUX,A,CV,EUR,MAR,Q,1999,,M,,0,0,
OECD.ITF:DSD_INFRINV@DF_INFRINV(1.0),LUX,A,CV,EUR,MAR,Q,2000,,M,,0,0,
OECD.ITF:DSD_INFRINV@DF_INFRINV(1.0),LUX,A,CV,EUR,MAR,Q,2001,,M,,0,0,
OECD.ITF:DSD_INFRINV@DF_INFRINV(1.0),LUX,A,CV,EUR,MAR,Q,2002,,M,,0,0,
OECD.ITF:DSD_INFRINV@DF_INFRINV(1.0),LUX,A,CV,EUR,MAR,Q,2003,,M,,0,0,
OECD.ITF:DSD_INFRINV@DF_INFRINV(1.0),LUX,A,CV,EUR,MAR,Q,2004,,M,,0,0,
OECD.ITF:DSD_INFRINV@DF_INFRINV(1.0),LUX,A,CV,EUR,MAR,Q,2005,,M,,0,0,
OECD.ITF:DSD_INFRINV@DF_INFRINV(1.0),LUX,A,CV,EUR,MAR,Q,2006,,M,,0,0,
OECD.ITF:DSD_INFRINV@DF_INFRINV(1.0),LUX,A,CV,EUR,MAR,Q,2007,,M,,0,0,
OECD.ITF:DSD_INFRINV@DF_INFRINV(1.0),LUX,A,CV,EUR,MAR,Q,2008,,M,,0,0,
OECD.ITF:DSD_INFRINV@DF_INFRINV(1.0),LUX,A,CV,EUR,MAR,Q,2009,,M,,0,0,
OECD.ITF:DSD_INFRINV@DF_INFRINV(1.0),LUX,A,CV,EUR,MAR,Q,2010,,M,,0,0,
OECD.ITF:DSD_INFRINV@DF_INFRINV(1.0),LUX,A,CV,EUR,MAR,Q,2011,,M,,0,0,
OECD.ITF:DSD_INFRINV@DF_INFRINV(1.0),LUX,A,CV,EUR,MAR,Q,2012,,M,,0,0,
OECD.ITF:DSD_INFRINV@DF_INFRINV(1.0),LUX,A,CV,EUR,MAR,Q,2013,,M,,0,0,
OECD.ITF:DSD_INFRINV@DF_INFRINV(1.0),LUX,A,CV,EUR,MAR,Q,2014,,M,,0,0,
OECD.ITF:DSD_INFRINV@DF_INFRINV(1.0),LUX,A,CV,EUR,MAR,Q,2015,,M,,0,0,
OECD.ITF:DSD_INFRINV@DF_INFRINV(1.0),LUX,A,CV,EUR,MAR,Q,2016,,M,,0,0,
OECD.ITF:DSD_INFRINV@DF_INFRINV(1.0),LUX,A,CV,EUR,MAR,Q,2017,,M,,0,0,
OECD.ITF:DSD_INFRINV@DF_INFRINV(1.0),LUX,A,CV,EUR,MAR,Q,2018,,M,,0,0,
OECD.ITF:DSD_INFRINV@DF_INFRINV(1.0),LUX,A,CV,EUR,MAR,Q,2019,,M,,0,0,
OECD.ITF:DSD_INFRINV@DF_INFRINV(1.0),LUX,A,CV,EUR,MAR,Q,2020,,M,,0,0,
OECD.ITF:DSD_INFRINV@DF_INFRINV(1.0),LUX,A,CV,EUR,MAR,Q,2021,,M,,0,0,
OECD.ITF:DSD_INFRINV@DF_INFRINV(1.0),LUX,A,CV,EUR,MAR,Q,2022,,M,,0,0,
OECD.ITF:DSD_INFRINV@DF_INFRINV(1.0),LUX,A,CV,EUR,MAR,Q,2023,,M,,0,0,
OECD.ITF:DSD_INFRINV@DF_INFRINV(1.0),LUX,A,CV,EUR,MAR,Q,2024,,M,,0,0,
OECD.ITF:DSD_INFRINV@DF_INFRINV(1.0),SVK,A,CV,EUR,MAR,Q,1995,,M,,0,0,
OECD.ITF:DSD_INFRINV@DF_INFRINV(1.0),SVK,A,CV,EUR,MAR,Q,1996,,M,,0,0,
OECD.ITF:DSD_INFRINV@DF_INFRINV(1.0),SVK,A,CV,EUR,MAR,Q,1997,,M,,0,0,
OECD.ITF:DSD_INFRINV@DF_INFRINV(1.0),SVK,A,CV,EUR,MAR,Q,1998,,M,,0,0,
OECD.ITF:DSD_INFRINV@DF_INFRINV(1.0),SVK,A,CV,EUR,MAR,Q,1999,,M,,0,0,
OECD.ITF:DSD_INFRINV@DF_INFRINV(1.0),SVK,A,CV,EUR,MAR,Q,2000,,M,,0,0,
OECD.ITF:DSD_INFRINV@DF_INFRINV(1.0),SVK,A,CV,EUR,MAR,Q,2001,,M,,0,0,
OECD.ITF:DSD_INFRINV@DF_INFRINV(1.0),SVK,A,CV,EUR,MAR,Q,2002,,M,,0,0,
OECD.ITF:DSD_INFRINV@DF_INFRINV(1.0),SVK,A,CV,EUR,MAR,Q,2003,,M,,0,0,
OECD.ITF:DSD_INFRINV@DF_INFRINV(1.0),SVK,A,CV,EUR,MAR,Q,2004,,M,,0,0,
OECD.ITF:DSD_INFRINV@DF_INFRINV(1.0),SVK,A,CV,EUR,MAR,Q,2005,,M,,0,0,
OECD.ITF:DSD_INFRINV@DF_INFRINV(1.0),SVK,A,CV,EUR,MAR,Q,2006,,M,,0,0,
OECD.ITF:DSD_INFRINV@DF_INFRINV(1.0),SVK,A,CV,EUR,MAR,Q,2007,,M,,0,0,
OECD.ITF:DSD_INFRINV@DF_INFRINV(1.0),SVK,A,CV,EUR,MAR,Q,2008,,M,,0,0,
OECD.ITF:DSD_INFRINV@DF_INFRINV(1.0),SVK,A,CV,EUR,MAR,Q,2009,,M,,0,0,
OECD.ITF:DSD_INFRINV@DF_INFRINV(1.0),SVK,A,CV,EUR,MAR,Q,2010,,M,,0,0,
OECD.ITF:DSD_INFRINV@DF_INFRINV(1.0),SVK,A,CV,EUR,MAR,Q,2011,,M,,0,0,
OECD.ITF:DSD_INFRINV@DF_INFRINV(1.0),SVK,A,CV,EUR,MAR,Q,2012,,M,,0,0,
OECD.ITF:DSD_INFRINV@DF_INFRINV(1.0),SVK,A,CV,EUR,MAR,Q,2013,,M,,0,0,
OECD.ITF:DSD_INFRINV@DF_INFRINV(1.0),SVK,A,CV,EUR,MAR,Q,2014,,M,,0,0,
OECD.ITF:DSD_INFRINV@DF_INFRINV(1.0),SVK,A,CV,EUR,MAR,Q,2015,,M,,0,0,
OECD.ITF:DSD_INFRINV@DF_INFRINV(1.0),SVK,A,CV,EUR,MAR,Q,2016,,M,,0,0,
OECD.ITF:DSD_INFRINV@DF_INFRINV(1.0),SVK,A,CV,EUR,MAR,Q,2017,,M,,0,0,
OECD.ITF:DSD_INFRINV@DF_INFRINV(1.0),SVK,A,CV,EUR,MAR,Q,2018,,M,,0,0,
OECD.ITF:DSD_INFRINV@DF_INFRINV(1.0),SVK,A,CV,EUR,MAR,Q,2019,,M,,0,0,
OECD.ITF:DSD_INFRINV@DF_INFRINV(1.0),SVK,A,CV,EUR,MAR,Q,2020,,M,,0,0,
OECD.ITF:DSD_INFRINV@DF_INFRINV(1.0),SVK,A,CV,EUR,MAR,Q,2021,,M,,0,0,
OECD.ITF:DSD_INFRINV@DF_INFRINV(1.0),SVK,A,CV,EUR,MAR,Q,2022,,M,,0,0,
OECD.ITF:DSD_INFRINV@DF_INFRINV(1.0),SVK,A,CV,EUR,MAR,Q,2023,,M,,0,0,
OECD.ITF:DSD_INFRINV@DF_INFRINV(1.0),SVK,A,CV,EUR,MAR,Q,2024,,M,,0,0,
OECD.ITF:DSD_INFRINV@DF_INFRINV(1.0),CHE,A,CV,EUR,MAR,Q,1995,,M,,0,0,
OECD.ITF:DSD_INFRINV@DF_INFRINV(1.0),CHE,A,CV,EUR,MAR,Q,1996,,M,,0,0,
OECD.ITF:DSD_INFRINV@DF_INFRINV(1.0),CHE,A,CV,EUR,MAR,Q,1997,,M,,0,0,
OECD.ITF:DSD_INFRINV@DF_INFRINV(1.0),CHE,A,CV,EUR,MAR,Q,1998,,M,,0,0,
OECD.ITF:DSD_INFRINV@DF_INFRINV(1.0),CHE,A,CV,EUR,MAR,Q,1999,,M,,0,0,
OECD.ITF:DSD_INFRINV@DF_INFRINV(1.0),CHE,A,CV,EUR,MAR,Q,2000,,M,,0,0,
OECD.ITF:DSD_INFRINV@DF_INFRINV(1.0),CHE,A,CV,EUR,MAR,Q,2001,,M,,0,0,
OECD.ITF:DSD_INFRINV@DF_INFRINV(1.0),CHE,A,CV,EUR,MAR,Q,2002,,M,,0,0,
OECD.ITF:DSD_INFRINV@DF_INFRINV(1.0),CHE,A,CV,EUR,MAR,Q,2003,,M,,0,0,
OECD.ITF:DSD_INFRINV@DF_INFRINV(1.0),CHE,A,CV,EUR,MAR,Q,2004,,M,,0,0,
OECD.ITF:DSD_INFRINV@DF_INFRINV(1.0),CHE,A,CV,EUR,MAR,Q,2005,,M,,0,0,
OECD.ITF:DSD_INFRINV@DF_INFRINV(1.0),CHE,A,CV,EUR,MAR,Q,2006,,M,,0,0,
OECD.ITF:DSD_INFRINV@DF_INFRINV(1.0),CHE,A,CV,EUR,MAR,Q,2007,,M,,0,0,
OECD.ITF:DSD_INFRINV@DF_INFRINV(1.0),CHE,A,CV,EUR,MAR,Q,2008,,M,,0,0,
OECD.ITF:DSD_INFRINV@DF_INFRINV(1.0),CHE,A,CV,EUR,MAR,Q,2009,,M,,0,0,
OECD.ITF:DSD_INFRINV@DF_INFRINV(1.0),CHE,A,CV,EUR,MAR,Q,2010,,M,,0,0,
OECD.ITF:DSD_INFRINV@DF_INFRINV(1.0),CHE,A,CV,EUR,MAR,Q,2011,,M,,0,0,
OECD.ITF:DSD_INFRINV@DF_INFRINV(1.0),CHE,A,CV,EUR,MAR,Q,2012,,M,,0,0,
OECD.ITF:DSD_INFRINV@DF_INFRINV(1.0),CHE,A,CV,EUR,MAR,Q,2013,,M,,0,0,
OECD.ITF:DSD_INFRINV@DF_INFRINV(1.0),CHE,A,CV,EUR,MAR,Q,2014,,M,,0,0,
OECD.ITF:DSD_INFRINV@DF_INFRINV(1.0),CHE,A,CV,EUR,MAR,Q,2015,,M,,0,0,
OECD.ITF:DSD_INFRINV@DF_INFRINV(1.0),CHE,A,CV,EUR,MAR,Q,2016,,M,,0,0,
OECD.ITF:DSD_INFRINV@DF_INFRINV(1.0),CHE,A,CV,EUR,MAR,Q,2017,,M,,0,0,
OECD.ITF:DSD_INFRINV@DF_INFRINV(1.0),CHE,A,CV,EUR,MAR,Q,2018,,M,,0,0,
OECD.ITF:DSD_INFRINV@DF_INFRINV(1.0),CHE,A,CV,EUR,MAR,Q,2019,,M,,0,0,
OECD.ITF:DSD_INFRINV@DF_INFRINV(1.0),CHE,A,CV,EUR,MAR,Q,2020,,M,,0,0,
OECD.ITF:DSD_INFRINV@DF_INFRINV(1.0),CHE,A,CV,EUR,MAR,Q,2021,,M,,0,0,
OECD.ITF:DSD_INFRINV@DF_INFRINV(1.0),CHE,A,CV,EUR,MAR,Q,2022,,M,,0,0,
OECD.ITF:DSD_INFRINV@DF_INFRINV(1.0),CHE,A,CV,EUR,MAR,Q,2023,,M,,0,0,
OECD.ITF:DSD_INFRINV@DF_INFRINV(1.0),CHE,A,CV,EUR,MAR,Q,2024,,M,,0,0,
OECD.ITF:DSD_INFRINV@DF_INFRINV(1.0),ARM,A,CV,EUR,MAR,Q,1995,,M,,0,0,
OECD.ITF:DSD_INFRINV@DF_INFRINV(1.0),ARM,A,CV,EUR,MAR,Q,1996,,M,,0,0,
OECD.ITF:DSD_INFRINV@DF_INFRINV(1.0),ARM,A,CV,EUR,MAR,Q,1997,,M,,0,0,
OECD.ITF:DSD_INFRINV@DF_INFRINV(1.0),ARM,A,CV,EUR,MAR,Q,1998,,M,,0,0,
OECD.ITF:DSD_INFRINV@DF_INFRINV(1.0),ARM,A,CV,EUR,MAR,Q,1999,,M,,0,0,
OECD.ITF:DSD_INFRINV@DF_INFRINV(1.0),ARM,A,CV,EUR,MAR,Q,2000,,M,,0,0,
OECD.ITF:DSD_INFRINV@DF_INFRINV(1.0),ARM,A,CV,EUR,MAR,Q,2001,,M,,0,0,
OECD.ITF:DSD_INFRINV@DF_INFRINV(1.0),ARM,A,CV,EUR,MAR,Q,2002,,M,,0,0,
OECD.ITF:DSD_INFRINV@DF_INFRINV(1.0),ARM,A,CV,EUR,MAR,Q,2003,,M,,0,0,
OECD.ITF:DSD_INFRINV@DF_INFRINV(1.0),ARM,A,CV,EUR,MAR,Q,2004,,M,,0,0,
OECD.ITF:DSD_INFRINV@DF_INFRINV(1.0),ARM,A,CV,EUR,MAR,Q,2005,,M,,0,0,
OECD.ITF:DSD_INFRINV@DF_INFRINV(1.0),ARM,A,CV,EUR,MAR,Q,2006,,M,,0,0,
OECD.ITF:DSD_INFRINV@DF_INFRINV(1.0),ARM,A,CV,EUR,MAR,Q,2007,,M,,0,0,
OECD.ITF:DSD_INFRINV@DF_INFRINV(1.0),ARM,A,CV,EUR,MAR,Q,2008,,M,,0,0,
OECD.ITF:DSD_INFRINV@DF_INFRINV(1.0),ARM,A,CV,EUR,MAR,Q,2009,,M,,0,0,
OECD.ITF:DSD_INFRINV@DF_INFRINV(1.0),ARM,A,CV,EUR,MAR,Q,2010,,M,,0,0,
OECD.ITF:DSD_INFRINV@DF_INFRINV(1.0),ARM,A,CV,EUR,MAR,Q,2011,,M,,0,0,
OECD.ITF:DSD_INFRINV@DF_INFRINV(1.0),ARM,A,CV,EUR,MAR,Q,2012,,M,,0,0,
OECD.ITF:DSD_INFRINV@DF_INFRINV(1.0),ARM,A,CV,EUR,MAR,Q,2013,,M,,0,0,
OECD.ITF:DSD_INFRINV@DF_INFRINV(1.0),ARM,A,CV,EUR,MAR,Q,2014,,M,,0,0,
OECD.ITF:DSD_INFRINV@DF_INFRINV(1.0),ARM,A,CV,EUR,MAR,Q,2015,,M,,0,0,
OECD.ITF:DSD_INFRINV@DF_INFRINV(1.0),ARM,A,CV,EUR,MAR,Q,2016,,M,,0,0,
OECD.ITF:DSD_INFRINV@DF_INFRINV(1.0),ARM,A,CV,EUR,MAR,Q,2017,,M,,0,0,
OECD.ITF:DSD_INFRINV@DF_INFRINV(1.0),ARM,A,CV,EUR,MAR,Q,2018,,M,,0,0,
OECD.ITF:DSD_INFRINV@DF_INFRINV(1.0),ARM,A,CV,EUR,MAR,Q,2019,,M,,0,0,
OECD.ITF:DSD_INFRINV@DF_INFRINV(1.0),ARM,A,CV,EUR,MAR,Q,2020,,M,,0,0,
OECD.ITF:DSD_INFRINV@DF_INFRINV(1.0),ARM,A,CV,EUR,MAR,Q,2021,,M,,0,0,
OECD.ITF:DSD_INFRINV@DF_INFRINV(1.0),ARM,A,CV,EUR,MAR,Q,2022,,M,,0,0,
OECD.ITF:DSD_INFRINV@DF_INFRINV(1.0),ARM,A,CV,EUR,MAR,Q,2023,,M,,0,0,
OECD.ITF:DSD_INFRINV@DF_INFRINV(1.0),ARM,A,CV,EUR,MAR,Q,2024,,M,,0,0,
OECD.ITF:DSD_INFRINV@DF_INFRINV(1.0),LIE,A,CV,EUR,MAR,Q,1995,,M,,0,0,
OECD.ITF:DSD_INFRINV@DF_INFRINV(1.0),LIE,A,CV,EUR,MAR,Q,1996,,M,,0,0,
OECD.ITF:DSD_INFRINV@DF_INFRINV(1.0),LIE,A,CV,EUR,MAR,Q,1997,,M,,0,0,
OECD.ITF:DSD_INFRINV@DF_INFRINV(1.0),LIE,A,CV,EUR,MAR,Q,1998,,M,,0,0,
OECD.ITF:DSD_INFRINV@DF_INFRINV(1.0),LIE,A,CV,EUR,MAR,Q,1999,,M,,0,0,
OECD.ITF:DSD_INFRINV@DF_INFRINV(1.0),LIE,A,CV,EUR,MAR,Q,2000,,M,,0,0,
OECD.ITF:DSD_INFRINV@DF_INFRINV(1.0),LIE,A,CV,EUR,MAR,Q,2001,,M,,0,0,
OECD.ITF:DSD_INFRINV@DF_INFRINV(1.0),LIE,A,CV,EUR,MAR,Q,2002,,M,,0,0,
OECD.ITF:DSD_INFRINV@DF_INFRINV(1.0),LIE,A,CV,EUR,MAR,Q,2003,,M,,0,0,
OECD.ITF:DSD_INFRINV@DF_INFRINV(1.0),LIE,A,CV,EUR,MAR,Q,2004,,M,,0,0,
OECD.ITF:DSD_INFRINV@DF_INFRINV(1.0),LIE,A,CV,EUR,MAR,Q,2005,,M,,0,0,
OECD.ITF:DSD_INFRINV@DF_INFRINV(1.0),LIE,A,CV,EUR,MAR,Q,2006,,M,,0,0,
OECD.ITF:DSD_INFRINV@DF_INFRINV(1.0),LIE,A,CV,EUR,MAR,Q,2007,,M,,0,0,
OECD.ITF:DSD_INFRINV@DF_INFRINV(1.0),LIE,A,CV,EUR,MAR,Q,2008,,M,,0,0,
OECD.ITF:DSD_INFRINV@DF_INFRINV(1.0),LIE,A,CV,EUR,MAR,Q,2009,,M,,0,0,
OECD.ITF:DSD_INFRINV@DF_INFRINV(1.0),LIE,A,CV,EUR,MAR,Q,2010,,M,,0,0,
OECD.ITF:DSD_INFRINV@DF_INFRINV(1.0),LIE,A,CV,EUR,MAR,Q,2011,,M,,0,0,
OECD.ITF:DSD_INFRINV@DF_INFRINV(1.0),LIE,A,CV,EUR,MAR,Q,2012,,M,,0,0,
OECD.ITF:DSD_INFRINV@DF_INFRINV(1.0),LIE,A,CV,EUR,MAR,Q,2013,,M,,0,0,
OECD.ITF:DSD_INFRINV@DF_INFRINV(1.0),LIE,A,CV,EUR,MAR,Q,2014,,M,,0,0,
OECD.ITF:DSD_INFRINV@DF_INFRINV(1.0),LIE,A,CV,EUR,MAR,Q,2015,,M,,0,0,
OECD.ITF:DSD_INFRINV@DF_INFRINV(1.0),LIE,A,CV,EUR,MAR,Q,2016,,M,,0,0,
OECD.ITF:DSD_INFRINV@DF_INFRINV(1.0),LIE,A,CV,EUR,MAR,Q,2017,,M,,0,0,
OECD.ITF:DSD_INFRINV@DF_INFRINV(1.0),LIE,A,CV,EUR,MAR,Q,2018,,M,,0,0,
OECD.ITF:DSD_INFRINV@DF_INFRINV(1.0),LIE,A,CV,EUR,MAR,Q,2019,,M,,0,0,
OECD.ITF:DSD_INFRINV@DF_INFRINV(1.0),LIE,A,CV,EUR,MAR,Q,2020,,M,,0,0,
OECD.ITF:DSD_INFRINV@DF_INFRINV(1.0),LIE,A,CV,EUR,MAR,Q,2021,,M,,0,0,
OECD.ITF:DSD_INFRINV@DF_INFRINV(1.0),LIE,A,CV,EUR,MAR,Q,2022,,M,,0,0,
OECD.ITF:DSD_INFRINV@DF_INFRINV(1.0),LIE,A,CV,EUR,MAR,Q,2023,,M,,0,0,
OECD.ITF:DSD_INFRINV@DF_INFRINV(1.0),LIE,A,CV,EUR,MAR,Q,2024,,M,,0,0,
OECD.ITF:DSD_INFRINV@DF_INFRINV(1.0),MKD,A,CV,EUR,MAR,Q,1995,,M,,0,0,
OECD.ITF:DSD_INFRINV@DF_INFRINV(1.0),MKD,A,CV,EUR,MAR,Q,1996,,M,,0,0,
OECD.ITF:DSD_INFRINV@DF_INFRINV(1.0),MKD,A,CV,EUR,MAR,Q,1997,,M,,0,0,
OECD.ITF:DSD_INFRINV@DF_INFRINV(1.0),MKD,A,CV,EUR,MAR,Q,1998,,M,,0,0,
OECD.ITF:DSD_INFRINV@DF_INFRINV(1.0),MKD,A,CV,EUR,MAR,Q,1999,,M,,0,0,
OECD.ITF:DSD_INFRINV@DF_INFRINV(1.0),MKD,A,CV,EUR,MAR,Q,2000,,M,,0,0,
OECD.ITF:DSD_INFRINV@DF_INFRINV(1.0),MKD,A,CV,EUR,MAR,Q,2001,,M,,0,0,
OECD.ITF:DSD_INFRINV@DF_INFRINV(1.0),MKD,A,CV,EUR,MAR,Q,2002,,M,,0,0,
OECD.ITF:DSD_INFRINV@DF_INFRINV(1.0),MKD,A,CV,EUR,MAR,Q,2003,,M,,0,0,
OECD.ITF:DSD_INFRINV@DF_INFRINV(1.0),MKD,A,CV,EUR,MAR,Q,2004,,M,,0,0,
OECD.ITF:DSD_INFRINV@DF_INFRINV(1.0),MKD,A,CV,EUR,MAR,Q,2005,,M,,0,0,
OECD.ITF:DSD_INFRINV@DF_INFRINV(1.0),MKD,A,CV,EUR,MAR,Q,2006,,M,,0,0,
OECD.ITF:DSD_INFRINV@DF_INFRINV(1.0),MKD,A,CV,EUR,MAR,Q,2007,,M,,0,0,
OECD.ITF:DSD_INFRINV@DF_INFRINV(1.0),MKD,A,CV,EUR,MAR,Q,2008,,M,,0,0,
OECD.ITF:DSD_INFRINV@DF_INFRINV(1.0),MKD,A,CV,EUR,MAR,Q,2009,,M,,0,0,
OECD.ITF:DSD_INFRINV@DF_INFRINV(1.0),MKD,A,CV,EUR,MAR,Q,2010,,M,,0,0,
OECD.ITF:DSD_INFRINV@DF_INFRINV(1.0),MKD,A,CV,EUR,MAR,Q,2011,,M,,0,0,
OECD.ITF:DSD_INFRINV@DF_INFRINV(1.0),MKD,A,CV,EUR,MAR,Q,2012,,M,,0,0,
OECD.ITF:DSD_INFRINV@DF_INFRINV(1.0),MKD,A,CV,EUR,MAR,Q,2013,,M,,0,0,
OECD.ITF:DSD_INFRINV@DF_INFRINV(1.0),MKD,A,CV,EUR,MAR,Q,2014,,M,,0,0,
OECD.ITF:DSD_INFRINV@DF_INFRINV(1.0),MKD,A,CV,EUR,MAR,Q,2015,,M,,0,0,
OECD.ITF:DSD_INFRINV@DF_INFRINV(1.0),MKD,A,CV,EUR,MAR,Q,2016,,M,,0,0,
OECD.ITF:DSD_INFRINV@DF_INFRINV(1.0),MKD,A,CV,EUR,MAR,Q,2017,,M,,0,0,
OECD.ITF:DSD_INFRINV@DF_INFRINV(1.0),MKD,A,CV,EUR,MAR,Q,2018,,M,,0,0,
OECD.ITF:DSD_INFRINV@DF_INFRINV(1.0),MKD,A,CV,EUR,MAR,Q,2019,,M,,0,0,
OECD.ITF:DSD_INFRINV@DF_INFRINV(1.0),MKD,A,CV,EUR,MAR,Q,2020,,M,,0,0,
OECD.ITF:DSD_INFRINV@DF_INFRINV(1.0),MKD,A,CV,EUR,MAR,Q,2021,,M,,0,0,
OECD.ITF:DSD_INFRINV@DF_INFRINV(1.0),MKD,A,CV,EUR,MAR,Q,2022,,M,,0,0,
OECD.ITF:DSD_INFRINV@DF_INFRINV(1.0),MKD,A,CV,EUR,MAR,Q,2023,,M,,0,0,
OECD.ITF:DSD_INFRINV@DF_INFRINV(1.0),MKD,A,CV,EUR,MAR,Q,2024,,M,,0,0,
OECD.ITF:DSD_INFRINV@DF_INFRINV(1.0),SRB,A,CV,EUR,MAR,Q,1995,,M,,0,0,
OECD.ITF:DSD_INFRINV@DF_INFRINV(1.0),SRB,A,CV,EUR,MAR,Q,1996,,M,,0,0,
OECD.ITF:DSD_INFRINV@DF_INFRINV(1.0),SRB,A,CV,EUR,MAR,Q,1997,,M,,0,0,
OECD.ITF:DSD_INFRINV@DF_INFRINV(1.0),SRB,A,CV,EUR,MAR,Q,1998,,M,,0,0,
OECD.ITF:DSD_INFRINV@DF_INFRINV(1.0),SRB,A,CV,EUR,MAR,Q,1999,,M,,0,0,
OECD.ITF:DSD_INFRINV@DF_INFRINV(1.0),SRB,A,CV,EUR,MAR,Q,2000,,M,,0,0,
OECD.ITF:DSD_INFRINV@DF_INFRINV(1.0),SRB,A,CV,EUR,MAR,Q,2001,,M,,0,0,
OECD.ITF:DSD_INFRINV@DF_INFRINV(1.0),SRB,A,CV,EUR,MAR,Q,2002,,M,,0,0,
OECD.ITF:DSD_INFRINV@DF_INFRINV(1.0),SRB,A,CV,EUR,MAR,Q,2003,,M,,0,0,
OECD.ITF:DSD_INFRINV@DF_INFRINV(1.0),SRB,A,CV,EUR,MAR,Q,2004,,M,,0,0,
OECD.ITF:DSD_INFRINV@DF_INFRINV(1.0),SRB,A,CV,EUR,MAR,Q,2005,,M,,0,0,
OECD.ITF:DSD_INFRINV@DF_INFRINV(1.0),SRB,A,CV,EUR,MAR,Q,2006,,M,,0,0,
OECD.ITF:DSD_INFRINV@DF_INFRINV(1.0),SRB,A,CV,EUR,MAR,Q,2007,,M,,0,0,
OECD.ITF:DSD_INFRINV@DF_INFRINV(1.0),SRB,A,CV,EUR,MAR,Q,2008,,M,,0,0,
OECD.ITF:DSD_INFRINV@DF_INFRINV(1.0),SRB,A,CV,EUR,MAR,Q,2009,,M,,0,0,
OECD.ITF:DSD_INFRINV@DF_INFRINV(1.0),SRB,A,CV,EUR,MAR,Q,2010,,M,,0,0,
OECD.ITF:DSD_INFRINV@DF_INFRINV(1.0),SRB,A,CV,EUR,MAR,Q,2011,,M,,0,0,
OECD.ITF:DSD_INFRINV@DF_INFRINV(1.0),SRB,A,CV,EUR,MAR,Q,2012,,M,,0,0,
OECD.ITF:DSD_INFRINV@DF_INFRINV(1.0),SRB,A,CV,EUR,MAR,Q,2013,,M,,0,0,
OECD.ITF:DSD_INFRINV@DF_INFRINV(1.0),SRB,A,CV,EUR,MAR,Q,2014,,M,,0,0,
OECD.ITF:DSD_INFRINV@DF_INFRINV(1.0),SRB,A,CV,EUR,MAR,Q,2015,,M,,0,0,
OECD.ITF:DSD_INFRINV@DF_INFRINV(1.0),SRB,A,CV,EUR,MAR,Q,2016,,M,,0,0,
OECD.ITF:DSD_INFRINV@DF_INFRINV(1.0),SRB,A,CV,EUR,MAR,Q,2017,,M,,0,0,
OECD.ITF:DSD_INFRINV@DF_INFRINV(1.0),SRB,A,CV,EUR,MAR,Q,2018,,M,,0,0,
OECD.ITF:DSD_INFRINV@DF_INFRINV(1.0),SRB,A,CV,EUR,MAR,Q,2019,,M,,0,0,
OECD.ITF:DSD_INFRINV@DF_INFRINV(1.0),SRB,A,CV,EUR,MAR,Q,2020,,M,,0,0,
OECD.ITF:DSD_INFRINV@DF_INFRINV(1.0),SRB,A,CV,EUR,MAR,Q,2021,,M,,0,0,
OECD.ITF:DSD_INFRINV@DF_INFRINV(1.0),SRB,A,CV,EUR,MAR,Q,2022,,M,,0,0,
OECD.ITF:DSD_INFRINV@DF_INFRINV(1.0),SRB,A,CV,EUR,MAR,Q,2023,,M,,0,0,
OECD.ITF:DSD_INFRINV@DF_INFRINV(1.0),SRB,A,CV,EUR,MAR,Q,2024,,M,,0,0,
OECD.ITF:DSD_INFRINV@DF_INFRINV(1.0),AUT,A,INV,EUR,MAR,Q,1995,,M,,0,0,
OECD.ITF:DSD_INFRINV@DF_INFRINV(1.0),AUT,A,INV,EUR,MAR,Q,1996,,M,,0,0,
OECD.ITF:DSD_INFRINV@DF_INFRINV(1.0),AUT,A,INV,EUR,MAR,Q,1997,,M,,0,0,
OECD.ITF:DSD_INFRINV@DF_INFRINV(1.0),AUT,A,INV,EUR,MAR,Q,1998,,M,,0,0,
OECD.ITF:DSD_INFRINV@DF_INFRINV(1.0),AUT,A,INV,EUR,MAR,Q,1999,,M,,0,0,
OECD.ITF:DSD_INFRINV@DF_INFRINV(1.0),AUT,A,INV,EUR,MAR,Q,2000,,M,,0,0,
OECD.ITF:DSD_INFRINV@DF_INFRINV(1.0),AUT,A,INV,EUR,MAR,Q,2001,,M,,0,0,
OECD.ITF:DSD_INFRINV@DF_INFRINV(1.0),AUT,A,INV,EUR,MAR,Q,2002,,M,,0,0,
OECD.ITF:DSD_INFRINV@DF_INFRINV(1.0),AUT,A,INV,EUR,MAR,Q,2003,,M,,0,0,
OECD.ITF:DSD_INFRINV@DF_INFRINV(1.0),AUT,A,INV,EUR,MAR,Q,2004,,M,,0,0,
OECD.ITF:DSD_INFRINV@DF_INFRINV(1.0),AUT,A,INV,EUR,MAR,Q,2005,,M,,0,0,
OECD.ITF:DSD_INFRINV@DF_INFRINV(1.0),AUT,A,INV,EUR,MAR,Q,2006,,M,,0,0,
OECD.ITF:DSD_INFRINV@DF_INFRINV(1.0),AUT,A,INV,EUR,MAR,Q,2007,,M,,0,0,
OECD.ITF:DSD_INFRINV@DF_INFRINV(1.0),AUT,A,INV,EUR,MAR,Q,2008,,M,,0,0,
OECD.ITF:DSD_INFRINV@DF_INFRINV(1.0),AUT,A,INV,EUR,MAR,Q,2009,,M,,0,0,
OECD.ITF:DSD_INFRINV@DF_INFRINV(1.0),AUT,A,INV,EUR,MAR,Q,2010,,M,,0,0,
OECD.ITF:DSD_INFRINV@DF_INFRINV(1.0),AUT,A,INV,EUR,MAR,Q,2011,,M,,0,0,
OECD.ITF:DSD_INFRINV@DF_INFRINV(1.0),AUT,A,INV,EUR,MAR,Q,2012,,M,,0,0,
OECD.ITF:DSD_INFRINV@DF_INFRINV(1.0),AUT,A,INV,EUR,MAR,Q,2013,,M,,0,0,
OECD.ITF:DSD_INFRINV@DF_INFRINV(1.0),AUT,A,INV,EUR,MAR,Q,2014,,M,,0,0,
OECD.ITF:DSD_INFRINV@DF_INFRINV(1.0),AUT,A,INV,EUR,MAR,Q,2015,,M,,0,0,
OECD.ITF:DSD_INFRINV@DF_INFRINV(1.0),AUT,A,INV,EUR,MAR,Q,2016,,M,,0,0,
OECD.ITF:DSD_INFRINV@DF_INFRINV(1.0),AUT,A,INV,EUR,MAR,Q,2017,,M,,0,0,
OECD.ITF:DSD_INFRINV@DF_INFRINV(1.0),AUT,A,INV,EUR,MAR,Q,2018,,M,,0,0,
OECD.ITF:DSD_INFRINV@DF_INFRINV(1.0),AUT,A,INV,EUR,MAR,Q,2019,,M,,0,0,
OECD.ITF:DSD_INFRINV@DF_INFRINV(1.0),AUT,A,INV,EUR,MAR,Q,2020,,M,,0,0,
OECD.ITF:DSD_INFRINV@DF_INFRINV(1.0),AUT,A,INV,EUR,MAR,Q,2021,,M,,0,0,
OECD.ITF:DSD_INFRINV@DF_INFRINV(1.0),AUT,A,INV,EUR,MAR,Q,2022,,M,,0,0,
OECD.ITF:DSD_INFRINV@DF_INFRINV(1.0),AUT,A,INV,EUR,MAR,Q,2023,,M,,0,0,
OECD.ITF:DSD_INFRINV@DF_INFRINV(1.0),AUT,A,INV,EUR,MAR,Q,2024,,M,,0,0,
OECD.ITF:DSD_INFRINV@DF_INFRINV(1.0),CZE,A,INV,EUR,MAR,Q,1995,,M,,0,0,
OECD.ITF:DSD_INFRINV@DF_INFRINV(1.0),CZE,A,INV,EUR,MAR,Q,1996,,M,,0,0,
OECD.ITF:DSD_INFRINV@DF_INFRINV(1.0),CZE,A,INV,EUR,MAR,Q,1997,,M,,0,0,
OECD.ITF:DSD_INFRINV@DF_INFRINV(1.0),CZE,A,INV,EUR,MAR,Q,1998,,M,,0,0,
OECD.ITF:DSD_INFRINV@DF_INFRINV(1.0),CZE,A,INV,EUR,MAR,Q,1999,,M,,0,0,
OECD.ITF:DSD_INFRINV@DF_INFRINV(1.0),CZE,A,INV,EUR,MAR,Q,2000,,M,,0,0,
OECD.ITF:DSD_INFRINV@DF_INFRINV(1.0),CZE,A,INV,EUR,MAR,Q,2001,,M,,0,0,
OECD.ITF:DSD_INFRINV@DF_INFRINV(1.0),CZE,A,INV,EUR,MAR,Q,2002,,M,,0,0,
OECD.ITF:DSD_INFRINV@DF_INFRINV(1.0),CZE,A,INV,EUR,MAR,Q,2003,,M,,0,0,
OECD.ITF:DSD_INFRINV@DF_INFRINV(1.0),CZE,A,INV,EUR,MAR,Q,2004,,M,,0,0,
OECD.ITF:DSD_INFRINV@DF_INFRINV(1.0),CZE,A,INV,EUR,MAR,Q,2005,,M,,0,0,
OECD.ITF:DSD_INFRINV@DF_INFRINV(1.0),CZE,A,INV,EUR,MAR,Q,2006,,M,,0,0,
OECD.ITF:DSD_INFRINV@DF_INFRINV(1.0),CZE,A,INV,EUR,MAR,Q,2007,,M,,0,0,
OECD.ITF:DSD_INFRINV@DF_INFRINV(1.0),CZE,A,INV,EUR,MAR,Q,2008,,M,,0,0,
OECD.ITF:DSD_INFRINV@DF_INFRINV(1.0),CZE,A,INV,EUR,MAR,Q,2009,,M,,0,0,
OECD.ITF:DSD_INFRINV@DF_INFRINV(1.0),CZE,A,INV,EUR,MAR,Q,2010,,M,,0,0,
OECD.ITF:DSD_INFRINV@DF_INFRINV(1.0),CZE,A,INV,EUR,MAR,Q,2011,,M,,0,0,
OECD.ITF:DSD_INFRINV@DF_INFRINV(1.0),CZE,A,INV,EUR,MAR,Q,2012,,M,,0,0,
OECD.ITF:DSD_INFRINV@DF_INFRINV(1.0),CZE,A,INV,EUR,MAR,Q,2013,,M,,0,0,
OECD.ITF:DSD_INFRINV@DF_INFRINV(1.0),CZE,A,INV,EUR,MAR,Q,2014,,M,,0,0,
OECD.ITF:DSD_INFRINV@DF_INFRINV(1.0),CZE,A,INV,EUR,MAR,Q,2015,,M,,0,0,
OECD.ITF:DSD_INFRINV@DF_INFRINV(1.0),CZE,A,INV,EUR,MAR,Q,2016,,M,,0,0,
OECD.ITF:DSD_INFRINV@DF_INFRINV(1.0),CZE,A,INV,EUR,MAR,Q,2017,,M,,0,0,
OECD.ITF:DSD_INFRINV@DF_INFRINV(1.0),CZE,A,INV,EUR,MAR,Q,2018,,M,,0,0,
OECD.ITF:DSD_INFRINV@DF_INFRINV(1.0),CZE,A,INV,EUR,MAR,Q,2019,,M,,0,0,
OECD.ITF:DSD_INFRINV@DF_INFRINV(1.0),CZE,A,INV,EUR,MAR,Q,2020,,M,,0,0,
OECD.ITF:DSD_INFRINV@DF_INFRINV(1.0),CZE,A,INV,EUR,MAR,Q,2021,,M,,0,0,
OECD.ITF:DSD_INFRINV@DF_INFRINV(1.0),CZE,A,INV,EUR,MAR,Q,2022,,M,,0,0,
OECD.ITF:DSD_INFRINV@DF_INFRINV(1.0),CZE,A,INV,EUR,MAR,Q,2023,,M,,0,0,
OECD.ITF:DSD_INFRINV@DF_INFRINV(1.0),CZE,A,INV,EUR,MAR,Q,2024,,M,,0,0,
OECD.ITF:DSD_INFRINV@DF_INFRINV(1.0),HUN,A,INV,EUR,MAR,Q,1995,,M,,0,0,
OECD.ITF:DSD_INFRINV@DF_INFRINV(1.0),HUN,A,INV,EUR,MAR,Q,1996,,M,,0,0,
OECD.ITF:DSD_INFRINV@DF_INFRINV(1.0),HUN,A,INV,EUR,MAR,Q,1997,,M,,0,0,
OECD.ITF:DSD_INFRINV@DF_INFRINV(1.0),HUN,A,INV,EUR,MAR,Q,1998,,M,,0,0,
OECD.ITF:DSD_INFRINV@DF_INFRINV(1.0),HUN,A,INV,EUR,MAR,Q,1999,,M,,0,0,
OECD.ITF:DSD_INFRINV@DF_INFRINV(1.0),HUN,A,INV,EUR,MAR,Q,2000,,M,,0,0,
OECD.ITF:DSD_INFRINV@DF_INFRINV(1.0),HUN,A,INV,EUR,MAR,Q,2001,,M,,0,0,
OECD.ITF:DSD_INFRINV@DF_INFRINV(1.0),HUN,A,INV,EUR,MAR,Q,2002,,M,,0,0,
OECD.ITF:DSD_INFRINV@DF_INFRINV(1.0),HUN,A,INV,EUR,MAR,Q,2003,,M,,0,0,
OECD.ITF:DSD_INFRINV@DF_INFRINV(1.0),HUN,A,INV,EUR,MAR,Q,2004,,M,,0,0,
OECD.ITF:DSD_INFRINV@DF_INFRINV(1.0),HUN,A,INV,EUR,MAR,Q,2005,,M,,0,0,
OECD.ITF:DSD_INFRINV@DF_INFRINV(1.0),HUN,A,INV,EUR,MAR,Q,2006,,M,,0,0,
OECD.ITF:DSD_INFRINV@DF_INFRINV(1.0),HUN,A,INV,EUR,MAR,Q,2007,,M,,0,0,
OECD.ITF:DSD_INFRINV@DF_INFRINV(1.0),HUN,A,INV,EUR,MAR,Q,2008,,M,,0,0,
OECD.ITF:DSD_INFRINV@DF_INFRINV(1.0),HUN,A,INV,EUR,MAR,Q,2009,,M,,0,0,
OECD.ITF:DSD_INFRINV@DF_INFRINV(1.0),HUN,A,INV,EUR,MAR,Q,2010,,M,,0,0,
OECD.ITF:DSD_INFRINV@DF_INFRINV(1.0),HUN,A,INV,EUR,MAR,Q,2011,,M,,0,0,
OECD.ITF:DSD_INFRINV@DF_INFRINV(1.0),HUN,A,INV,EUR,MAR,Q,2012,,M,,0,0,
OECD.ITF:DSD_INFRINV@DF_INFRINV(1.0),HUN,A,INV,EUR,MAR,Q,2013,,M,,0,0,
OECD.ITF:DSD_INFRINV@DF_INFRINV(1.0),HUN,A,INV,EUR,MAR,Q,2014,,M,,0,0,
OECD.ITF:DSD_INFRINV@DF_INFRINV(1.0),HUN,A,INV,EUR,MAR,Q,2015,,M,,0,0,
OECD.ITF:DSD_INFRINV@DF_INFRINV(1.0),HUN,A,INV,EUR,MAR,Q,2016,,M,,0,0,
OECD.ITF:DSD_INFRINV@DF_INFRINV(1.0),HUN,A,INV,EUR,MAR,Q,2017,,M,,0,0,
OECD.ITF:DSD_INFRINV@DF_INFRINV(1.0),HUN,A,INV,EUR,MAR,Q,2018,,M,,0,0,
OECD.ITF:DSD_INFRINV@DF_INFRINV(1.0),HUN,A,INV,EUR,MAR,Q,2019,,M,,0,0,
OECD.ITF:DSD_INFRINV@DF_INFRINV(1.0),HUN,A,INV,EUR,MAR,Q,2020,,M,,0,0,
OECD.ITF:DSD_INFRINV@DF_INFRINV(1.0),HUN,A,INV,EUR,MAR,Q,2021,,M,,0,0,
OECD.ITF:DSD_INFRINV@DF_INFRINV(1.0),HUN,A,INV,EUR,MAR,Q,2022,,M,,0,0,
OECD.ITF:DSD_INFRINV@DF_INFRINV(1.0),HUN,A,INV,EUR,MAR,Q,2023,,M,,0,0,
OECD.ITF:DSD_INFRINV@DF_INFRINV(1.0),HUN,A,INV,EUR,MAR,Q,2024,,M,,0,0,
OECD.ITF:DSD_INFRINV@DF_INFRINV(1.0),LUX,A,INV,EUR,MAR,Q,1995,,M,,0,0,
OECD.ITF:DSD_INFRINV@DF_INFRINV(1.0),LUX,A,INV,EUR,MAR,Q,1996,,M,,0,0,
OECD.ITF:DSD_INFRINV@DF_INFRINV(1.0),LUX,A,INV,EUR,MAR,Q,1997,,M,,0,0,
OECD.ITF:DSD_INFRINV@DF_INFRINV(1.0),LUX,A,INV,EUR,MAR,Q,1998,,M,,0,0,
OECD.ITF:DSD_INFRINV@DF_INFRINV(1.0),LUX,A,INV,EUR,MAR,Q,1999,,M,,0,0,
OECD.ITF:DSD_INFRINV@DF_INFRINV(1.0),LUX,A,INV,EUR,MAR,Q,2000,,M,,0,0,
OECD.ITF:DSD_INFRINV@DF_INFRINV(1.0),LUX,A,INV,EUR,MAR,Q,2001,,M,,0,0,
OECD.ITF:DSD_INFRINV@DF_INFRINV(1.0),LUX,A,INV,EUR,MAR,Q,2002,,M,,0,0,
OECD.ITF:DSD_INFRINV@DF_INFRINV(1.0),LUX,A,INV,EUR,MAR,Q,2003,,M,,0,0,
OECD.ITF:DSD_INFRINV@DF_INFRINV(1.0),LUX,A,INV,EUR,MAR,Q,2004,,M,,0,0,
OECD.ITF:DSD_INFRINV@DF_INFRINV(1.0),LUX,A,INV,EUR,MAR,Q,2005,,M,,0,0,
OECD.ITF:DSD_INFRINV@DF_INFRINV(1.0),LUX,A,INV,EUR,MAR,Q,2006,,M,,0,0,
OECD.ITF:DSD_INFRINV@DF_INFRINV(1.0),LUX,A,INV,EUR,MAR,Q,2007,,M,,0,0,
OECD.ITF:DSD_INFRINV@DF_INFRINV(1.0),LUX,A,INV,EUR,MAR,Q,2008,,M,,0,0,
OECD.ITF:DSD_INFRINV@DF_INFRINV(1.0),LUX,A,INV,EUR,MAR,Q,2009,,M,,0,0,
OECD.ITF:DSD_INFRINV@DF_INFRINV(1.0),LUX,A,INV,EUR,MAR,Q,2010,,M,,0,0,
OECD.ITF:DSD_INFRINV@DF_INFRINV(1.0),LUX,A,INV,EUR,MAR,Q,2011,,M,,0,0,
OECD.ITF:DSD_INFRINV@DF_INFRINV(1.0),LUX,A,INV,EUR,MAR,Q,2012,,M,,0,0,
OECD.ITF:DSD_INFRINV@DF_INFRINV(1.0),LUX,A,INV,EUR,MAR,Q,2013,,M,,0,0,
OECD.ITF:DSD_INFRINV@DF_INFRINV(1.0),LUX,A,INV,EUR,MAR,Q,2014,,M,,0,0,
OECD.ITF:DSD_INFRINV@DF_INFRINV(1.0),LUX,A,INV,EUR,MAR,Q,2015,,M,,0,0,
OECD.ITF:DSD_INFRINV@DF_INFRINV(1.0),LUX,A,INV,EUR,MAR,Q,2016,,M,,0,0,
OECD.ITF:DSD_INFRINV@DF_INFRINV(1.0),LUX,A,INV,EUR,MAR,Q,2017,,M,,0,0,
OECD.ITF:DSD_INFRINV@DF_INFRINV(1.0),LUX,A,INV,EUR,MAR,Q,2018,,M,,0,0,
OECD.ITF:DSD_INFRINV@DF_INFRINV(1.0),LUX,A,INV,EUR,MAR,Q,2019,,M,,0,0,
OECD.ITF:DSD_INFRINV@DF_INFRINV(1.0),LUX,A,INV,EUR,MAR,Q,2020,,M,,0,0,
OECD.ITF:DSD_INFRINV@DF_INFRINV(1.0),LUX,A,INV,EUR,MAR,Q,2021,,M,,0,0,
OECD.ITF:DSD_INFRINV@DF_INFRINV(1.0),LUX,A,INV,EUR,MAR,Q,2022,,M,,0,0,
OECD.ITF:DSD_INFRINV@DF_INFRINV(1.0),LUX,A,INV,EUR,MAR,Q,2023,,M,,0,0,
OECD.ITF:DSD_INFRINV@DF_INFRINV(1.0),LUX,A,INV,EUR,MAR,Q,2024,,M,,0,0,
OECD.ITF:DSD_INFRINV@DF_INFRINV(1.0),SVK,A,INV,EUR,MAR,Q,1995,,M,,0,0,
OECD.ITF:DSD_INFRINV@DF_INFRINV(1.0),SVK,A,INV,EUR,MAR,Q,1996,,M,,0,0,
OECD.ITF:DSD_INFRINV@DF_INFRINV(1.0),SVK,A,INV,EUR,MAR,Q,1997,,M,,0,0,
OECD.ITF:DSD_INFRINV@DF_INFRINV(1.0),SVK,A,INV,EUR,MAR,Q,1998,,M,,0,0,
OECD.ITF:DSD_INFRINV@DF_INFRINV(1.0),SVK,A,INV,EUR,MAR,Q,1999,,M,,0,0,
OECD.ITF:DSD_INFRINV@DF_INFRINV(1.0),SVK,A,INV,EUR,MAR,Q,2000,,M,,0,0,
OECD.ITF:DSD_INFRINV@DF_INFRINV(1.0),SVK,A,INV,EUR,MAR,Q,2001,,M,,0,0,
OECD.ITF:DSD_INFRINV@DF_INFRINV(1.0),SVK,A,INV,EUR,MAR,Q,2002,,M,,0,0,
OECD.ITF:DSD_INFRINV@DF_INFRINV(1.0),SVK,A,INV,EUR,MAR,Q,2003,,M,,0,0,
OECD.ITF:DSD_INFRINV@DF_INFRINV(1.0),SVK,A,INV,EUR,MAR,Q,2004,,M,,0,0,
OECD.ITF:DSD_INFRINV@DF_INFRINV(1.0),SVK,A,INV,EUR,MAR,Q,2005,,M,,0,0,
OECD.ITF:DSD_INFRINV@DF_INFRINV(1.0),SVK,A,INV,EUR,MAR,Q,2006,,M,,0,0,
OECD.ITF:DSD_INFRINV@DF_INFRINV(1.0),SVK,A,INV,EUR,MAR,Q,2007,,M,,0,0,
OECD.ITF:DSD_INFRINV@DF_INFRINV(1.0),SVK,A,INV,EUR,MAR,Q,2008,,M,,0,0,
OECD.ITF:DSD_INFRINV@DF_INFRINV(1.0),SVK,A,INV,EUR,MAR,Q,2009,,M,,0,0,
OECD.ITF:DSD_INFRINV@DF_INFRINV(1.0),SVK,A,INV,EUR,MAR,Q,2010,,M,,0,0,
OECD.ITF:DSD_INFRINV@DF_INFRINV(1.0),SVK,A,INV,EUR,MAR,Q,2011,,M,,0,0,
OECD.ITF:DSD_INFRINV@DF_INFRINV(1.0),SVK,A,INV,EUR,MAR,Q,2012,,M,,0,0,
OECD.ITF:DSD_INFRINV@DF_INFRINV(1.0),SVK,A,INV,EUR,MAR,Q,2013,,M,,0,0,
OECD.ITF:DSD_INFRINV@DF_INFRINV(1.0),SVK,A,INV,EUR,MAR,Q,2014,,M,,0,0,
OECD.ITF:DSD_INFRINV@DF_INFRINV(1.0),SVK,A,INV,EUR,MAR,Q,2015,,M,,0,0,
OECD.ITF:DSD_INFRINV@DF_INFRINV(1.0),SVK,A,INV,EUR,MAR,Q,2016,,M,,0,0,
OECD.ITF:DSD_INFRINV@DF_INFRINV(1.0),SVK,A,INV,EUR,MAR,Q,2017,,M,,0,0,
OECD.ITF:DSD_INFRINV@DF_INFRINV(1.0),SVK,A,INV,EUR,MAR,Q,2018,,M,,0,0,
OECD.ITF:DSD_INFRINV@DF_INFRINV(1.0),SVK,A,INV,EUR,MAR,Q,2019,,M,,0,0,
OECD.ITF:DSD_INFRINV@DF_INFRINV(1.0),SVK,A,INV,EUR,MAR,Q,2020,,M,,0,0,
OECD.ITF:DSD_INFRINV@DF_INFRINV(1.0),SVK,A,INV,EUR,MAR,Q,2021,,M,,0,0,
OECD.ITF:DSD_INFRINV@DF_INFRINV(1.0),SVK,A,INV,EUR,MAR,Q,2022,,M,,0,0,
OECD.ITF:DSD_INFRINV@DF_INFRINV(1.0),SVK,A,INV,EUR,MAR,Q,2023,,M,,0,0,
OECD.ITF:DSD_INFRINV@DF_INFRINV(1.0),SVK,A,INV,EUR,MAR,Q,2024,,M,,0,0,
OECD.ITF:DSD_INFRINV@DF_INFRINV(1.0),CHE,A,INV,EUR,MAR,Q,1995,,M,,0,0,
OECD.ITF:DSD_INFRINV@DF_INFRINV(1.0),CHE,A,INV,EUR,MAR,Q,1996,,M,,0,0,
OECD.ITF:DSD_INFRINV@DF_INFRINV(1.0),CHE,A,INV,EUR,MAR,Q,1997,,M,,0,0,
OECD.ITF:DSD_INFRINV@DF_INFRINV(1.0),CHE,A,INV,EUR,MAR,Q,1998,,M,,0,0,
OECD.ITF:DSD_INFRINV@DF_INFRINV(1.0),CHE,A,INV,EUR,MAR,Q,1999,,M,,0,0,
OECD.ITF:DSD_INFRINV@DF_INFRINV(1.0),CHE,A,INV,EUR,MAR,Q,2000,,M,,0,0,
OECD.ITF:DSD_INFRINV@DF_INFRINV(1.0),CHE,A,INV,EUR,MAR,Q,2001,,M,,0,0,
OECD.ITF:DSD_INFRINV@DF_INFRINV(1.0),CHE,A,INV,EUR,MAR,Q,2002,,M,,0,0,
OECD.ITF:DSD_INFRINV@DF_INFRINV(1.0),CHE,A,INV,EUR,MAR,Q,2003,,M,,0,0,
OECD.ITF:DSD_INFRINV@DF_INFRINV(1.0),CHE,A,INV,EUR,MAR,Q,2004,,M,,0,0,
OECD.ITF:DSD_INFRINV@DF_INFRINV(1.0),CHE,A,INV,EUR,MAR,Q,2005,,M,,0,0,
OECD.ITF:DSD_INFRINV@DF_INFRINV(1.0),CHE,A,INV,EUR,MAR,Q,2006,,M,,0,0,
OECD.ITF:DSD_INFRINV@DF_INFRINV(1.0),CHE,A,INV,EUR,MAR,Q,2007,,M,,0,0,
OECD.ITF:DSD_INFRINV@DF_INFRINV(1.0),CHE,A,INV,EUR,MAR,Q,2008,,M,,0,0,
OECD.ITF:DSD_INFRINV@DF_INFRINV(1.0),CHE,A,INV,EUR,MAR,Q,2009,,M,,0,0,
OECD.ITF:DSD_INFRINV@DF_INFRINV(1.0),CHE,A,INV,EUR,MAR,Q,2010,,M,,0,0,
OECD.ITF:DSD_INFRINV@DF_INFRINV(1.0),CHE,A,INV,EUR,MAR,Q,2011,,M,,0,0,
OECD.ITF:DSD_INFRINV@DF_INFRINV(1.0),CHE,A,INV,EUR,MAR,Q,2012,,M,,0,0,
OECD.ITF:DSD_INFRINV@DF_INFRINV(1.0),CHE,A,INV,EUR,MAR,Q,2013,,M,,0,0,
OECD.ITF:DSD_INFRINV@DF_INFRINV(1.0),CHE,A,INV,EUR,MAR,Q,2014,,M,,0,0,
OECD.ITF:DSD_INFRINV@DF_INFRINV(1.0),CHE,A,INV,EUR,MAR,Q,2015,,M,,0,0,
OECD.ITF:DSD_INFRINV@DF_INFRINV(1.0),CHE,A,INV,EUR,MAR,Q,2016,,M,,0,0,
OECD.ITF:DSD_INFRINV@DF_INFRINV(1.0),CHE,A,INV,EUR,MAR,Q,2017,,M,,0,0,
OECD.ITF:DSD_INFRINV@DF_INFRINV(1.0),CHE,A,INV,EUR,MAR,Q,2018,,M,,0,0,
OECD.ITF:DSD_INFRINV@DF_INFRINV(1.0),CHE,A,INV,EUR,MAR,Q,2019,,M,,0,0,
OECD.ITF:DSD_INFRINV@DF_INFRINV(1.0),CHE,A,INV,EUR,MAR,Q,2020,,M,,0,0,
OECD.ITF:DSD_INFRINV@DF_INFRINV(1.0),CHE,A,INV,EUR,MAR,Q,2021,,M,,0,0,
OECD.ITF:DSD_INFRINV@DF_INFRINV(1.0),CHE,A,INV,EUR,MAR,Q,2022,,M,,0,0,
OECD.ITF:DSD_INFRINV@DF_INFRINV(1.0),CHE,A,INV,EUR,MAR,Q,2023,,M,,0,0,
OECD.ITF:DSD_INFRINV@DF_INFRINV(1.0),CHE,A,INV,EUR,MAR,Q,2024,,M,,0,0,
OECD.ITF:DSD_INFRINV@DF_INFRINV(1.0),ARM,A,INV,EUR,MAR,Q,1995,,M,,0,0,
OECD.ITF:DSD_INFRINV@DF_INFRINV(1.0),ARM,A,INV,EUR,MAR,Q,1996,,M,,0,0,
OECD.ITF:DSD_INFRINV@DF_INFRINV(1.0),ARM,A,INV,EUR,MAR,Q,1997,,M,,0,0,
OECD.ITF:DSD_INFRINV@DF_INFRINV(1.0),ARM,A,INV,EUR,MAR,Q,1998,,M,,0,0,
OECD.ITF:DSD_INFRINV@DF_INFRINV(1.0),ARM,A,INV,EUR,MAR,Q,1999,,M,,0,0,
OECD.ITF:DSD_INFRINV@DF_INFRINV(1.0),ARM,A,INV,EUR,MAR,Q,2000,,M,,0,0,
OECD.ITF:DSD_INFRINV@DF_INFRINV(1.0),ARM,A,INV,EUR,MAR,Q,2001,,M,,0,0,
OECD.ITF:DSD_INFRINV@DF_INFRINV(1.0),ARM,A,INV,EUR,MAR,Q,2002,,M,,0,0,
OECD.ITF:DSD_INFRINV@DF_INFRINV(1.0),ARM,A,INV,EUR,MAR,Q,2003,,M,,0,0,
OECD.ITF:DSD_INFRINV@DF_INFRINV(1.0),ARM,A,INV,EUR,MAR,Q,2004,,M,,0,0,
OECD.ITF:DSD_INFRINV@DF_INFRINV(1.0),ARM,A,INV,EUR,MAR,Q,2005,,M,,0,0,
OECD.ITF:DSD_INFRINV@DF_INFRINV(1.0),ARM,A,INV,EUR,MAR,Q,2006,,M,,0,0,
OECD.ITF:DSD_INFRINV@DF_INFRINV(1.0),ARM,A,INV,EUR,MAR,Q,2007,,M,,0,0,
OECD.ITF:DSD_INFRINV@DF_INFRINV(1.0),ARM,A,INV,EUR,MAR,Q,2008,,M,,0,0,
OECD.ITF:DSD_INFRINV@DF_INFRINV(1.0),ARM,A,INV,EUR,MAR,Q,2009,,M,,0,0,
OECD.ITF:DSD_INFRINV@DF_INFRINV(1.0),ARM,A,INV,EUR,MAR,Q,2010,,M,,0,0,
OECD.ITF:DSD_INFRINV@DF_INFRINV(1.0),ARM,A,INV,EUR,MAR,Q,2011,,M,,0,0,
OECD.ITF:DSD_INFRINV@DF_INFRINV(1.0),ARM,A,INV,EUR,MAR,Q,2012,,M,,0,0,
OECD.ITF:DSD_INFRINV@DF_INFRINV(1.0),ARM,A,INV,EUR,MAR,Q,2013,,M,,0,0,
OECD.ITF:DSD_INFRINV@DF_INFRINV(1.0),ARM,A,INV,EUR,MAR,Q,2014,,M,,0,0,
OECD.ITF:DSD_INFRINV@DF_INFRINV(1.0),ARM,A,INV,EUR,MAR,Q,2015,,M,,0,0,
OECD.ITF:DSD_INFRINV@DF_INFRINV(1.0),ARM,A,INV,EUR,MAR,Q,2016,,M,,0,0,
OECD.ITF:DSD_INFRINV@DF_INFRINV(1.0),ARM,A,INV,EUR,MAR,Q,2017,,M,,0,0,
OECD.ITF:DSD_INFRINV@DF_INFRINV(1.0),ARM,A,INV,EUR,MAR,Q,2018,,M,,0,0,
OECD.ITF:DSD_INFRINV@DF_INFRINV(1.0),ARM,A,INV,EUR,MAR,Q,2019,,M,,0,0,
OECD.ITF:DSD_INFRINV@DF_INFRINV(1.0),ARM,A,INV,EUR,MAR,Q,2020,,M,,0,0,
OECD.ITF:DSD_INFRINV@DF_INFRINV(1.0),ARM,A,INV,EUR,MAR,Q,2021,,M,,0,0,
OECD.ITF:DSD_INFRINV@DF_INFRINV(1.0),ARM,A,INV,EUR,MAR,Q,2022,,M,,0,0,
OECD.ITF:DSD_INFRINV@DF_INFRINV(1.0),ARM,A,INV,EUR,MAR,Q,2023,,M,,0,0,
OECD.ITF:DSD_INFRINV@DF_INFRINV(1.0),ARM,A,INV,EUR,MAR,Q,2024,,M,,0,0,
OECD.ITF:DSD_INFRINV@DF_INFRINV(1.0),LIE,A,INV,EUR,MAR,Q,1995,,M,,0,0,
OECD.ITF:DSD_INFRINV@DF_INFRINV(1.0),LIE,A,INV,EUR,MAR,Q,1996,,M,,0,0,
OECD.ITF:DSD_INFRINV@DF_INFRINV(1.0),LIE,A,INV,EUR,MAR,Q,1997,,M,,0,0,
OECD.ITF:DSD_INFRINV@DF_INFRINV(1.0),LIE,A,INV,EUR,MAR,Q,1998,,M,,0,0,
OECD.ITF:DSD_INFRINV@DF_INFRINV(1.0),LIE,A,INV,EUR,MAR,Q,1999,,M,,0,0,
OECD.ITF:DSD_INFRINV@DF_INFRINV(1.0),LIE,A,INV,EUR,MAR,Q,2000,,M,,0,0,
OECD.ITF:DSD_INFRINV@DF_INFRINV(1.0),LIE,A,INV,EUR,MAR,Q,2001,,M,,0,0,
OECD.ITF:DSD_INFRINV@DF_INFRINV(1.0),LIE,A,INV,EUR,MAR,Q,2002,,M,,0,0,
OECD.ITF:DSD_INFRINV@DF_INFRINV(1.0),LIE,A,INV,EUR,MAR,Q,2003,,M,,0,0,
OECD.ITF:DSD_INFRINV@DF_INFRINV(1.0),LIE,A,INV,EUR,MAR,Q,2004,,M,,0,0,
OECD.ITF:DSD_INFRINV@DF_INFRINV(1.0),LIE,A,INV,EUR,MAR,Q,2005,,M,,0,0,
OECD.ITF:DSD_INFRINV@DF_INFRINV(1.0),LIE,A,INV,EUR,MAR,Q,2006,,M,,0,0,
OECD.ITF:DSD_INFRINV@DF_INFRINV(1.0),LIE,A,INV,EUR,MAR,Q,2007,,M,,0,0,
OECD.ITF:DSD_INFRINV@DF_INFRINV(1.0),LIE,A,INV,EUR,MAR,Q,2008,,M,,0,0,
OECD.ITF:DSD_INFRINV@DF_INFRINV(1.0),LIE,A,INV,EUR,MAR,Q,2009,,M,,0,0,
OECD.ITF:DSD_INFRINV@DF_INFRINV(1.0),LIE,A,INV,EUR,MAR,Q,2010,,M,,0,0,
OECD.ITF:DSD_INFRINV@DF_INFRINV(1.0),LIE,A,INV,EUR,MAR,Q,2011,,M,,0,0,
OECD.ITF:DSD_INFRINV@DF_INFRINV(1.0),LIE,A,INV,EUR,MAR,Q,2012,,M,,0,0,
OECD.ITF:DSD_INFRINV@DF_INFRINV(1.0),LIE,A,INV,EUR,MAR,Q,2013,,M,,0,0,
OECD.ITF:DSD_INFRINV@DF_INFRINV(1.0),LIE,A,INV,EUR,MAR,Q,2014,,M,,0,0,
OECD.ITF:DSD_INFRINV@DF_INFRINV(1.0),LIE,A,INV,EUR,MAR,Q,2015,,M,,0,0,
OECD.ITF:DSD_INFRINV@DF_INFRINV(1.0),LIE,A,INV,EUR,MAR,Q,2016,,M,,0,0,
OECD.ITF:DSD_INFRINV@DF_INFRINV(1.0),LIE,A,INV,EUR,MAR,Q,2017,,M,,0,0,
OECD.ITF:DSD_INFRINV@DF_INFRINV(1.0),LIE,A,INV,EUR,MAR,Q,2018,,M,,0,0,
OECD.ITF:DSD_INFRINV@DF_INFRINV(1.0),LIE,A,INV,EUR,MAR,Q,2019,,M,,0,0,
OECD.ITF:DSD_INFRINV@DF_INFRINV(1.0),LIE,A,INV,EUR,MAR,Q,2020,,M,,0,0,
OECD.ITF:DSD_INFRINV@DF_INFRINV(1.0),LIE,A,INV,EUR,MAR,Q,2021,,M,,0,0,
OECD.ITF:DSD_INFRINV@DF_INFRINV(1.0),LIE,A,INV,EUR,MAR,Q,2022,,M,,0,0,
OECD.ITF:DSD_INFRINV@DF_INFRINV(1.0),LIE,A,INV,EUR,MAR,Q,2023,,M,,0,0,
OECD.ITF:DSD_INFRINV@DF_INFRINV(1.0),LIE,A,INV,EUR,MAR,Q,2024,,M,,0,0,
OECD.ITF:DSD_INFRINV@DF_INFRINV(1.0),MKD,A,INV,EUR,MAR,Q,1995,,M,,0,0,
OECD.ITF:DSD_INFRINV@DF_INFRINV(1.0),MKD,A,INV,EUR,MAR,Q,1996,,M,,0,0,
OECD.ITF:DSD_INFRINV@DF_INFRINV(1.0),MKD,A,INV,EUR,MAR,Q,1997,,M,,0,0,
OECD.ITF:DSD_INFRINV@DF_INFRINV(1.0),MKD,A,INV,EUR,MAR,Q,1998,,M,,0,0,
OECD.ITF:DSD_INFRINV@DF_INFRINV(1.0),MKD,A,INV,EUR,MAR,Q,1999,,M,,0,0,
OECD.ITF:DSD_INFRINV@DF_INFRINV(1.0),MKD,A,INV,EUR,MAR,Q,2000,,M,,0,0,
OECD.ITF:DSD_INFRINV@DF_INFRINV(1.0),MKD,A,INV,EUR,MAR,Q,2001,,M,,0,0,
OECD.ITF:DSD_INFRINV@DF_INFRINV(1.0),MKD,A,INV,EUR,MAR,Q,2002,,M,,0,0,
OECD.ITF:DSD_INFRINV@DF_INFRINV(1.0),MKD,A,INV,EUR,MAR,Q,2003,,M,,0,0,
OECD.ITF:DSD_INFRINV@DF_INFRINV(1.0),MKD,A,INV,EUR,MAR,Q,2004,,M,,0,0,
OECD.ITF:DSD_INFRINV@DF_INFRINV(1.0),MKD,A,INV,EUR,MAR,Q,2005,,M,,0,0,
OECD.ITF:DSD_INFRINV@DF_INFRINV(1.0),MKD,A,INV,EUR,MAR,Q,2006,,M,,0,0,
OECD.ITF:DSD_INFRINV@DF_INFRINV(1.0),MKD,A,INV,EUR,MAR,Q,2007,,M,,0,0,
OECD.ITF:DSD_INFRINV@DF_INFRINV(1.0),MKD,A,INV,EUR,MAR,Q,2008,,M,,0,0,
OECD.ITF:DSD_INFRINV@DF_INFRINV(1.0),MKD,A,INV,EUR,MAR,Q,2009,,M,,0,0,
OECD.ITF:DSD_INFRINV@DF_INFRINV(1.0),MKD,A,INV,EUR,MAR,Q,2010,,M,,0,0,
OECD.ITF:DSD_INFRINV@DF_INFRINV(1.0),MKD,A,INV,EUR,MAR,Q,2011,,M,,0,0,
OECD.ITF:DSD_INFRINV@DF_INFRINV(1.0),MKD,A,INV,EUR,MAR,Q,2012,,M,,0,0,
OECD.ITF:DSD_INFRINV@DF_INFRINV(1.0),MKD,A,INV,EUR,MAR,Q,2013,,M,,0,0,
OECD.ITF:DSD_INFRINV@DF_INFRINV(1.0),MKD,A,INV,EUR,MAR,Q,2014,,M,,0,0,
OECD.ITF:DSD_INFRINV@DF_INFRINV(1.0),MKD,A,INV,EUR,MAR,Q,2015,,M,,0,0,
OECD.ITF:DSD_INFRINV@DF_INFRINV(1.0),MKD,A,INV,EUR,MAR,Q,2016,,M,,0,0,
OECD.ITF:DSD_INFRINV@DF_INFRINV(1.0),MKD,A,INV,EUR,MAR,Q,2017,,M,,0,0,
OECD.ITF:DSD_INFRINV@DF_INFRINV(1.0),MKD,A,INV,EUR,MAR,Q,2018,,M,,0,0,
OECD.ITF:DSD_INFRINV@DF_INFRINV(1.0),MKD,A,INV,EUR,MAR,Q,2019,,M,,0,0,
OECD.ITF:DSD_INFRINV@DF_INFRINV(1.0),MKD,A,INV,EUR,MAR,Q,2020,,M,,0,0,
OECD.ITF:DSD_INFRINV@DF_INFRINV(1.0),MKD,A,INV,EUR,MAR,Q,2021,,M,,0,0,
OECD.ITF:DSD_INFRINV@DF_INFRINV(1.0),MKD,A,INV,EUR,MAR,Q,2022,,M,,0,0,
OECD.ITF:DSD_INFRINV@DF_INFRINV(1.0),MKD,A,INV,EUR,MAR,Q,2023,,M,,0,0,
OECD.ITF:DSD_INFRINV@DF_INFRINV(1.0),MKD,A,INV,EUR,MAR,Q,2024,,M,,0,0,
OECD.ITF:DSD_INFRINV@DF_INFRINV(1.0),SRB,A,INV,EUR,MAR,Q,1995,,M,,0,0,
OECD.ITF:DSD_INFRINV@DF_INFRINV(1.0),SRB,A,INV,EUR,MAR,Q,1996,,M,,0,0,
OECD.ITF:DSD_INFRINV@DF_INFRINV(1.0),SRB,A,INV,EUR,MAR,Q,1997,,M,,0,0,
OECD.ITF:DSD_INFRINV@DF_INFRINV(1.0),SRB,A,INV,EUR,MAR,Q,1998,,M,,0,0,
OECD.ITF:DSD_INFRINV@DF_INFRINV(1.0),SRB,A,INV,EUR,MAR,Q,1999,,M,,0,0,
OECD.ITF:DSD_INFRINV@DF_INFRINV(1.0),SRB,A,INV,EUR,MAR,Q,2000,,M,,0,0,
OECD.ITF:DSD_INFRINV@DF_INFRINV(1.0),SRB,A,INV,EUR,MAR,Q,2001,,M,,0,0,
OECD.ITF:DSD_INFRINV@DF_INFRINV(1.0),SRB,A,INV,EUR,MAR,Q,2002,,M,,0,0,
OECD.ITF:DSD_INFRINV@DF_INFRINV(1.0),SRB,A,INV,EUR,MAR,Q,2003,,M,,0,0,
OECD.ITF:DSD_INFRINV@DF_INFRINV(1.0),SRB,A,INV,EUR,MAR,Q,2004,,M,,0,0,
OECD.ITF:DSD_INFRINV@DF_INFRINV(1.0),SRB,A,INV,EUR,MAR,Q,2005,,M,,0,0,
OECD.ITF:DSD_INFRINV@DF_INFRINV(1.0),SRB,A,INV,EUR,MAR,Q,2006,,M,,0,0,
OECD.ITF:DSD_INFRINV@DF_INFRINV(1.0),SRB,A,INV,EUR,MAR,Q,2007,,M,,0,0,
OECD.ITF:DSD_INFRINV@DF_INFRINV(1.0),SRB,A,INV,EUR,MAR,Q,2008,,M,,0,0,
OECD.ITF:DSD_INFRINV@DF_INFRINV(1.0),SRB,A,INV,EUR,MAR,Q,2009,,M,,0,0,
OECD.ITF:DSD_INFRINV@DF_INFRINV(1.0),SRB,A,INV,EUR,MAR,Q,2010,,M,,0,0,
OECD.ITF:DSD_INFRINV@DF_INFRINV(1.0),SRB,A,INV,EUR,MAR,Q,2011,,M,,0,0,
OECD.ITF:DSD_INFRINV@DF_INFRINV(1.0),SRB,A,INV,EUR,MAR,Q,2012,,M,,0,0,
OECD.ITF:DSD_INFRINV@DF_INFRINV(1.0),SRB,A,INV,EUR,MAR,Q,2013,,M,,0,0,
OECD.ITF:DSD_INFRINV@DF_INFRINV(1.0),SRB,A,INV,EUR,MAR,Q,2014,,M,,0,0,
OECD.ITF:DSD_INFRINV@DF_INFRINV(1.0),SRB,A,INV,EUR,MAR,Q,2015,,M,,0,0,
OECD.ITF:DSD_INFRINV@DF_INFRINV(1.0),SRB,A,INV,EUR,MAR,Q,2016,,M,,0,0,
OECD.ITF:DSD_INFRINV@DF_INFRINV(1.0),SRB,A,INV,EUR,MAR,Q,2017,,M,,0,0,
OECD.ITF:DSD_INFRINV@DF_INFRINV(1.0),SRB,A,INV,EUR,MAR,Q,2018,,M,,0,0,
OECD.ITF:DSD_INFRINV@DF_INFRINV(1.0),SRB,A,INV,EUR,MAR,Q,2019,,M,,0,0,
OECD.ITF:DSD_INFRINV@DF_INFRINV(1.0),SRB,A,INV,EUR,MAR,Q,2020,,M,,0,0,
OECD.ITF:DSD_INFRINV@DF_INFRINV(1.0),SRB,A,INV,EUR,MAR,Q,2021,,M,,0,0,
OECD.ITF:DSD_INFRINV@DF_INFRINV(1.0),SRB,A,INV,EUR,MAR,Q,2022,,M,,0,0,
OECD.ITF:DSD_INFRINV@DF_INFRINV(1.0),SRB,A,INV,EUR,MAR,Q,2023,,M,,0,0,
OECD.ITF:DSD_INFRINV@DF_INFRINV(1.0),SRB,A,INV,EUR,MAR,Q,2024,,M,,0,0,
OECD.ITF:DSD_INFRINV@DF_INFRINV(1.0),AUT,A,MNT,EUR,MAR,Q,1995,,M,,0,0,
OECD.ITF:DSD_INFRINV@DF_INFRINV(1.0),AUT,A,MNT,EUR,MAR,Q,1996,,M,,0,0,
OECD.ITF:DSD_INFRINV@DF_INFRINV(1.0),AUT,A,MNT,EUR,MAR,Q,1997,,M,,0,0,
OECD.ITF:DSD_INFRINV@DF_INFRINV(1.0),AUT,A,MNT,EUR,MAR,Q,1998,,M,,0,0,
OECD.ITF:DSD_INFRINV@DF_INFRINV(1.0),AUT,A,MNT,EUR,MAR,Q,1999,,M,,0,0,
OECD.ITF:DSD_INFRINV@DF_INFRINV(1.0),AUT,A,MNT,EUR,MAR,Q,2000,,M,,0,0,
OECD.ITF:DSD_INFRINV@DF_INFRINV(1.0),AUT,A,MNT,EUR,MAR,Q,2001,,M,,0,0,
OECD.ITF:DSD_INFRINV@DF_INFRINV(1.0),AUT,A,MNT,EUR,MAR,Q,2002,,M,,0,0,
OECD.ITF:DSD_INFRINV@DF_INFRINV(1.0),AUT,A,MNT,EUR,MAR,Q,2003,,M,,0,0,
OECD.ITF:DSD_INFRINV@DF_INFRINV(1.0),AUT,A,MNT,EUR,MAR,Q,2004,,M,,0,0,
OECD.ITF:DSD_INFRINV@DF_INFRINV(1.0),AUT,A,MNT,EUR,MAR,Q,2005,,M,,0,0,
OECD.ITF:DSD_INFRINV@DF_INFRINV(1.0),AUT,A,MNT,EUR,MAR,Q,2006,,M,,0,0,
OECD.ITF:DSD_INFRINV@DF_INFRINV(1.0),AUT,A,MNT,EUR,MAR,Q,2007,,M,,0,0,
OECD.ITF:DSD_INFRINV@DF_INFRINV(1.0),AUT,A,MNT,EUR,MAR,Q,2008,,M,,0,0,
OECD.ITF:DSD_INFRINV@DF_INFRINV(1.0),AUT,A,MNT,EUR,MAR,Q,2009,,M,,0,0,
OECD.ITF:DSD_INFRINV@DF_INFRINV(1.0),AUT,A,MNT,EUR,MAR,Q,2010,,M,,0,0,
OECD.ITF:DSD_INFRINV@DF_INFRINV(1.0),AUT,A,MNT,EUR,MAR,Q,2011,,M,,0,0,
OECD.ITF:DSD_INFRINV@DF_INFRINV(1.0),AUT,A,MNT,EUR,MAR,Q,2012,,M,,0,0,
OECD.ITF:DSD_INFRINV@DF_INFRINV(1.0),AUT,A,MNT,EUR,MAR,Q,2013,,M,,0,0,
OECD.ITF:DSD_INFRINV@DF_INFRINV(1.0),AUT,A,MNT,EUR,MAR,Q,2014,,M,,0,0,
OECD.ITF:DSD_INFRINV@DF_INFRINV(1.0),AUT,A,MNT,EUR,MAR,Q,2015,,M,,0,0,
OECD.ITF:DSD_INFRINV@DF_INFRINV(1.0),AUT,A,MNT,EUR,MAR,Q,2016,,M,,0,0,
OECD.ITF:DSD_INFRINV@DF_INFRINV(1.0),AUT,A,MNT,EUR,MAR,Q,2017,,M,,0,0,
OECD.ITF:DSD_INFRINV@DF_INFRINV(1.0),AUT,A,MNT,EUR,MAR,Q,2018,,M,,0,0,
OECD.ITF:DSD_INFRINV@DF_INFRINV(1.0),AUT,A,MNT,EUR,MAR,Q,2019,,M,,0,0,
OECD.ITF:DSD_INFRINV@DF_INFRINV(1.0),AUT,A,MNT,EUR,MAR,Q,2020,,M,,0,0,
OECD.ITF:DSD_INFRINV@DF_INFRINV(1.0),AUT,A,MNT,EUR,MAR,Q,2021,,M,,0,0,
OECD.ITF:DSD_INFRINV@DF_INFRINV(1.0),AUT,A,MNT,EUR,MAR,Q,2022,,M,,0,0,
OECD.ITF:DSD_INFRINV@DF_INFRINV(1.0),AUT,A,MNT,EUR,MAR,Q,2023,,M,,0,0,
OECD.ITF:DSD_INFRINV@DF_INFRINV(1.0),AUT,A,MNT,EUR,MAR,Q,2024,,M,,0,0,
OECD.ITF:DSD_INFRINV@DF_INFRINV(1.0),CZE,A,MNT,EUR,MAR,Q,1995,,M,,0,0,
OECD.ITF:DSD_INFRINV@DF_INFRINV(1.0),CZE,A,MNT,EUR,MAR,Q,1996,,M,,0,0,
OECD.ITF:DSD_INFRINV@DF_INFRINV(1.0),CZE,A,MNT,EUR,MAR,Q,1997,,M,,0,0,
OECD.ITF:DSD_INFRINV@DF_INFRINV(1.0),CZE,A,MNT,EUR,MAR,Q,1998,,M,,0,0,
OECD.ITF:DSD_INFRINV@DF_INFRINV(1.0),CZE,A,MNT,EUR,MAR,Q,1999,,M,,0,0,
OECD.ITF:DSD_INFRINV@DF_INFRINV(1.0),CZE,A,MNT,EUR,MAR,Q,2000,,M,,0,0,
OECD.ITF:DSD_INFRINV@DF_INFRINV(1.0),CZE,A,MNT,EUR,MAR,Q,2001,,M,,0,0,
OECD.ITF:DSD_INFRINV@DF_INFRINV(1.0),CZE,A,MNT,EUR,MAR,Q,2002,,M,,0,0,
OECD.ITF:DSD_INFRINV@DF_INFRINV(1.0),CZE,A,MNT,EUR,MAR,Q,2003,,M,,0,0,
OECD.ITF:DSD_INFRINV@DF_INFRINV(1.0),CZE,A,MNT,EUR,MAR,Q,2004,,M,,0,0,
OECD.ITF:DSD_INFRINV@DF_INFRINV(1.0),CZE,A,MNT,EUR,MAR,Q,2005,,M,,0,0,
OECD.ITF:DSD_INFRINV@DF_INFRINV(1.0),CZE,A,MNT,EUR,MAR,Q,2006,,M,,0,0,
OECD.ITF:DSD_INFRINV@DF_INFRINV(1.0),CZE,A,MNT,EUR,MAR,Q,2007,,M,,0,0,
OECD.ITF:DSD_INFRINV@DF_INFRINV(1.0),CZE,A,MNT,EUR,MAR,Q,2008,,M,,0,0,
OECD.ITF:DSD_INFRINV@DF_INFRINV(1.0),CZE,A,MNT,EUR,MAR,Q,2009,,M,,0,0,
OECD.ITF:DSD_INFRINV@DF_INFRINV(1.0),CZE,A,MNT,EUR,MAR,Q,2010,,M,,0,0,
OECD.ITF:DSD_INFRINV@DF_INFRINV(1.0),CZE,A,MNT,EUR,MAR,Q,2011,,M,,0,0,
OECD.ITF:DSD_INFRINV@DF_INFRINV(1.0),CZE,A,MNT,EUR,MAR,Q,2012,,M,,0,0,
OECD.ITF:DSD_INFRINV@DF_INFRINV(1.0),CZE,A,MNT,EUR,MAR,Q,2013,,M,,0,0,
OECD.ITF:DSD_INFRINV@DF_INFRINV(1.0),CZE,A,MNT,EUR,MAR,Q,2014,,M,,0,0,
OECD.ITF:DSD_INFRINV@DF_INFRINV(1.0),CZE,A,MNT,EUR,MAR,Q,2015,,M,,0,0,
OECD.ITF:DSD_INFRINV@DF_INFRINV(1.0),CZE,A,MNT,EUR,MAR,Q,2016,,M,,0,0,
OECD.ITF:DSD_INFRINV@DF_INFRINV(1.0),CZE,A,MNT,EUR,MAR,Q,2017,,M,,0,0,
OECD.ITF:DSD_INFRINV@DF_INFRINV(1.0),CZE,A,MNT,EUR,MAR,Q,2018,,M,,0,0,
OECD.ITF:DSD_INFRINV@DF_INFRINV(1.0),CZE,A,MNT,EUR,MAR,Q,2019,,M,,0,0,
OECD.ITF:DSD_INFRINV@DF_INFRINV(1.0),CZE,A,MNT,EUR,MAR,Q,2020,,M,,0,0,
OECD.ITF:DSD_INFRINV@DF_INFRINV(1.0),CZE,A,MNT,EUR,MAR,Q,2021,,M,,0,0,
OECD.ITF:DSD_INFRINV@DF_INFRINV(1.0),CZE,A,MNT,EUR,MAR,Q,2022,,M,,0,0,
OECD.ITF:DSD_INFRINV@DF_INFRINV(1.0),CZE,A,MNT,EUR,MAR,Q,2023,,M,,0,0,
OECD.ITF:DSD_INFRINV@DF_INFRINV(1.0),CZE,A,MNT,EUR,MAR,Q,2024,,M,,0,0,
OECD.ITF:DSD_INFRINV@DF_INFRINV(1.0),HUN,A,MNT,EUR,MAR,Q,1995,,M,,0,0,
OECD.ITF:DSD_INFRINV@DF_INFRINV(1.0),HUN,A,MNT,EUR,MAR,Q,1996,,M,,0,0,
OECD.ITF:DSD_INFRINV@DF_INFRINV(1.0),HUN,A,MNT,EUR,MAR,Q,1997,,M,,0,0,
OECD.ITF:DSD_INFRINV@DF_INFRINV(1.0),HUN,A,MNT,EUR,MAR,Q,1998,,M,,0,0,
OECD.ITF:DSD_INFRINV@DF_INFRINV(1.0),HUN,A,MNT,EUR,MAR,Q,1999,,M,,0,0,
OECD.ITF:DSD_INFRINV@DF_INFRINV(1.0),HUN,A,MNT,EUR,MAR,Q,2000,,M,,0,0,
OECD.ITF:DSD_INFRINV@DF_INFRINV(1.0),HUN,A,MNT,EUR,MAR,Q,2001,,M,,0,0,
OECD.ITF:DSD_INFRINV@DF_INFRINV(1.0),HUN,A,MNT,EUR,MAR,Q,2002,,M,,0,0,
OECD.ITF:DSD_INFRINV@DF_INFRINV(1.0),HUN,A,MNT,EUR,MAR,Q,2003,,M,,0,0,
OECD.ITF:DSD_INFRINV@DF_INFRINV(1.0),HUN,A,MNT,EUR,MAR,Q,2004,,M,,0,0,
OECD.ITF:DSD_INFRINV@DF_INFRINV(1.0),HUN,A,MNT,EUR,MAR,Q,2005,,M,,0,0,
OECD.ITF:DSD_INFRINV@DF_INFRINV(1.0),HUN,A,MNT,EUR,MAR,Q,2006,,M,,0,0,
OECD.ITF:DSD_INFRINV@DF_INFRINV(1.0),HUN,A,MNT,EUR,MAR,Q,2007,,M,,0,0,
OECD.ITF:DSD_INFRINV@DF_INFRINV(1.0),HUN,A,MNT,EUR,MAR,Q,2008,,M,,0,0,
OECD.ITF:DSD_INFRINV@DF_INFRINV(1.0),HUN,A,MNT,EUR,MAR,Q,2009,,M,,0,0,
OECD.ITF:DSD_INFRINV@DF_INFRINV(1.0),HUN,A,MNT,EUR,MAR,Q,2010,,M,,0,0,
OECD.ITF:DSD_INFRINV@DF_INFRINV(1.0),HUN,A,MNT,EUR,MAR,Q,2011,,M,,0,0,
OECD.ITF:DSD_INFRINV@DF_INFRINV(1.0),HUN,A,MNT,EUR,MAR,Q,2012,,M,,0,0,
OECD.ITF:DSD_INFRINV@DF_INFRINV(1.0),HUN,A,MNT,EUR,MAR,Q,2013,,M,,0,0,
OECD.ITF:DSD_INFRINV@DF_INFRINV(1.0),HUN,A,MNT,EUR,MAR,Q,2014,,M,,0,0,
OECD.ITF:DSD_INFRINV@DF_INFRINV(1.0),HUN,A,MNT,EUR,MAR,Q,2015,,M,,0,0,
OECD.ITF:DSD_INFRINV@DF_INFRINV(1.0),HUN,A,MNT,EUR,MAR,Q,2016,,M,,0,0,
OECD.ITF:DSD_INFRINV@DF_INFRINV(1.0),HUN,A,MNT,EUR,MAR,Q,2017,,M,,0,0,
OECD.ITF:DSD_INFRINV@DF_INFRINV(1.0),HUN,A,MNT,EUR,MAR,Q,2018,,M,,0,0,
OECD.ITF:DSD_INFRINV@DF_INFRINV(1.0),HUN,A,MNT,EUR,MAR,Q,2019,,M,,0,0,
OECD.ITF:DSD_INFRINV@DF_INFRINV(1.0),HUN,A,MNT,EUR,MAR,Q,2020,,M,,0,0,
OECD.ITF:DSD_INFRINV@DF_INFRINV(1.0),HUN,A,MNT,EUR,MAR,Q,2021,,M,,0,0,
OECD.ITF:DSD_INFRINV@DF_INFRINV(1.0),HUN,A,MNT,EUR,MAR,Q,2022,,M,,0,0,
OECD.ITF:DSD_INFRINV@DF_INFRINV(1.0),HUN,A,MNT,EUR,MAR,Q,2023,,M,,0,0,
OECD.ITF:DSD_INFRINV@DF_INFRINV(1.0),HUN,A,MNT,EUR,MAR,Q,2024,,M,,0,0,
OECD.ITF:DSD_INFRINV@DF_INFRINV(1.0),LUX,A,MNT,EUR,MAR,Q,1995,,M,,0,0,
OECD.ITF:DSD_INFRINV@DF_INFRINV(1.0),LUX,A,MNT,EUR,MAR,Q,1996,,M,,0,0,
OECD.ITF:DSD_INFRINV@DF_INFRINV(1.0),LUX,A,MNT,EUR,MAR,Q,1997,,M,,0,0,
OECD.ITF:DSD_INFRINV@DF_INFRINV(1.0),LUX,A,MNT,EUR,MAR,Q,1998,,M,,0,0,
OECD.ITF:DSD_INFRINV@DF_INFRINV(1.0),LUX,A,MNT,EUR,MAR,Q,1999,,M,,0,0,
OECD.ITF:DSD_INFRINV@DF_INFRINV(1.0),LUX,A,MNT,EUR,MAR,Q,2000,,M,,0,0,
OECD.ITF:DSD_INFRINV@DF_INFRINV(1.0),LUX,A,MNT,EUR,MAR,Q,2001,,M,,0,0,
OECD.ITF:DSD_INFRINV@DF_INFRINV(1.0),LUX,A,MNT,EUR,MAR,Q,2002,,M,,0,0,
OECD.ITF:DSD_INFRINV@DF_INFRINV(1.0),LUX,A,MNT,EUR,MAR,Q,2003,,M,,0,0,
OECD.ITF:DSD_INFRINV@DF_INFRINV(1.0),LUX,A,MNT,EUR,MAR,Q,2004,,M,,0,0,
OECD.ITF:DSD_INFRINV@DF_INFRINV(1.0),LUX,A,MNT,EUR,MAR,Q,2005,,M,,0,0,
OECD.ITF:DSD_INFRINV@DF_INFRINV(1.0),LUX,A,MNT,EUR,MAR,Q,2006,,M,,0,0,
OECD.ITF:DSD_INFRINV@DF_INFRINV(1.0),LUX,A,MNT,EUR,MAR,Q,2007,,M,,0,0,
OECD.ITF:DSD_INFRINV@DF_INFRINV(1.0),LUX,A,MNT,EUR,MAR,Q,2008,,M,,0,0,
OECD.ITF:DSD_INFRINV@DF_INFRINV(1.0),LUX,A,MNT,EUR,MAR,Q,2009,,M,,0,0,
OECD.ITF:DSD_INFRINV@DF_INFRINV(1.0),LUX,A,MNT,EUR,MAR,Q,2010,,M,,0,0,
OECD.ITF:DSD_INFRINV@DF_INFRINV(1.0),LUX,A,MNT,EUR,MAR,Q,2011,,M,,0,0,
OECD.ITF:DSD_INFRINV@DF_INFRINV(1.0),LUX,A,MNT,EUR,MAR,Q,2012,,M,,0,0,
OECD.ITF:DSD_INFRINV@DF_INFRINV(1.0),LUX,A,MNT,EUR,MAR,Q,2013,,M,,0,0,
OECD.ITF:DSD_INFRINV@DF_INFRINV(1.0),LUX,A,MNT,EUR,MAR,Q,2014,,M,,0,0,
OECD.ITF:DSD_INFRINV@DF_INFRINV(1.0),LUX,A,MNT,EUR,MAR,Q,2015,,M,,0,0,
OECD.ITF:DSD_INFRINV@DF_INFRINV(1.0),LUX,A,MNT,EUR,MAR,Q,2016,,M,,0,0,
OECD.ITF:DSD_INFRINV@DF_INFRINV(1.0),LUX,A,MNT,EUR,MAR,Q,2017,,M,,0,0,
OECD.ITF:DSD_INFRINV@DF_INFRINV(1.0),LUX,A,MNT,EUR,MAR,Q,2018,,M,,0,0,
OECD.ITF:DSD_INFRINV@DF_INFRINV(1.0),LUX,A,MNT,EUR,MAR,Q,2019,,M,,0,0,
OECD.ITF:DSD_INFRINV@DF_INFRINV(1.0),LUX,A,MNT,EUR,MAR,Q,2020,,M,,0,0,
OECD.ITF:DSD_INFRINV@DF_INFRINV(1.0),LUX,A,MNT,EUR,MAR,Q,2021,,M,,0,0,
OECD.ITF:DSD_INFRINV@DF_INFRINV(1.0),LUX,A,MNT,EUR,MAR,Q,2022,,M,,0,0,
OECD.ITF:DSD_INFRINV@DF_INFRINV(1.0),LUX,A,MNT,EUR,MAR,Q,2023,,M,,0,0,
OECD.ITF:DSD_INFRINV@DF_INFRINV(1.0),LUX,A,MNT,EUR,MAR,Q,2024,,M,,0,0,
OECD.ITF:DSD_INFRINV@DF_INFRINV(1.0),SVK,A,MNT,EUR,MAR,Q,1995,,M,,0,0,
OECD.ITF:DSD_INFRINV@DF_INFRINV(1.0),SVK,A,MNT,EUR,MAR,Q,1996,,M,,0,0,
OECD.ITF:DSD_INFRINV@DF_INFRINV(1.0),SVK,A,MNT,EUR,MAR,Q,1997,,M,,0,0,
OECD.ITF:DSD_INFRINV@DF_INFRINV(1.0),SVK,A,MNT,EUR,MAR,Q,1998,,M,,0,0,
OECD.ITF:DSD_INFRINV@DF_INFRINV(1.0),SVK,A,MNT,EUR,MAR,Q,1999,,M,,0,0,
OECD.ITF:DSD_INFRINV@DF_INFRINV(1.0),SVK,A,MNT,EUR,MAR,Q,2000,,M,,0,0,
OECD.ITF:DSD_INFRINV@DF_INFRINV(1.0),SVK,A,MNT,EUR,MAR,Q,2001,,M,,0,0,
OECD.ITF:DSD_INFRINV@DF_INFRINV(1.0),SVK,A,MNT,EUR,MAR,Q,2002,,M,,0,0,
OECD.ITF:DSD_INFRINV@DF_INFRINV(1.0),SVK,A,MNT,EUR,MAR,Q,2003,,M,,0,0,
OECD.ITF:DSD_INFRINV@DF_INFRINV(1.0),SVK,A,MNT,EUR,MAR,Q,2004,,M,,0,0,
OECD.ITF:DSD_INFRINV@DF_INFRINV(1.0),SVK,A,MNT,EUR,MAR,Q,2005,,M,,0,0,
OECD.ITF:DSD_INFRINV@DF_INFRINV(1.0),SVK,A,MNT,EUR,MAR,Q,2006,,M,,0,0,
OECD.ITF:DSD_INFRINV@DF_INFRINV(1.0),SVK,A,MNT,EUR,MAR,Q,2007,,M,,0,0,
OECD.ITF:DSD_INFRINV@DF_INFRINV(1.0),SVK,A,MNT,EUR,MAR,Q,2008,,M,,0,0,
OECD.ITF:DSD_INFRINV@DF_INFRINV(1.0),SVK,A,MNT,EUR,MAR,Q,2009,,M,,0,0,
OECD.ITF:DSD_INFRINV@DF_INFRINV(1.0),SVK,A,MNT,EUR,MAR,Q,2010,,M,,0,0,
OECD.ITF:DSD_INFRINV@DF_INFRINV(1.0),SVK,A,MNT,EUR,MAR,Q,2011,,M,,0,0,
OECD.ITF:DSD_INFRINV@DF_INFRINV(1.0),SVK,A,MNT,EUR,MAR,Q,2012,,M,,0,0,
OECD.ITF:DSD_INFRINV@DF_INFRINV(1.0),SVK,A,MNT,EUR,MAR,Q,2013,,M,,0,0,
OECD.ITF:DSD_INFRINV@DF_INFRINV(1.0),SVK,A,MNT,EUR,MAR,Q,2014,,M,,0,0,
OECD.ITF:DSD_INFRINV@DF_INFRINV(1.0),SVK,A,MNT,EUR,MAR,Q,2015,,M,,0,0,
OECD.ITF:DSD_INFRINV@DF_INFRINV(1.0),SVK,A,MNT,EUR,MAR,Q,2016,,M,,0,0,
OECD.ITF:DSD_INFRINV@DF_INFRINV(1.0),SVK,A,MNT,EUR,MAR,Q,2017,,M,,0,0,
OECD.ITF:DSD_INFRINV@DF_INFRINV(1.0),SVK,A,MNT,EUR,MAR,Q,2018,,M,,0,0,
OECD.ITF:DSD_INFRINV@DF_INFRINV(1.0),SVK,A,MNT,EUR,MAR,Q,2019,,M,,0,0,
OECD.ITF:DSD_INFRINV@DF_INFRINV(1.0),SVK,A,MNT,EUR,MAR,Q,2020,,M,,0,0,
OECD.ITF:DSD_INFRINV@DF_INFRINV(1.0),SVK,A,MNT,EUR,MAR,Q,2021,,M,,0,0,
OECD.ITF:DSD_INFRINV@DF_INFRINV(1.0),SVK,A,MNT,EUR,MAR,Q,2022,,M,,0,0,
OECD.ITF:DSD_INFRINV@DF_INFRINV(1.0),SVK,A,MNT,EUR,MAR,Q,2023,,M,,0,0,
OECD.ITF:DSD_INFRINV@DF_INFRINV(1.0),SVK,A,MNT,EUR,MAR,Q,2024,,M,,0,0,
OECD.ITF:DSD_INFRINV@DF_INFRINV(1.0),CHE,A,MNT,EUR,MAR,Q,1995,,M,,0,0,
OECD.ITF:DSD_INFRINV@DF_INFRINV(1.0),CHE,A,MNT,EUR,MAR,Q,1996,,M,,0,0,
OECD.ITF:DSD_INFRINV@DF_INFRINV(1.0),CHE,A,MNT,EUR,MAR,Q,1997,,M,,0,0,
OECD.ITF:DSD_INFRINV@DF_INFRINV(1.0),CHE,A,MNT,EUR,MAR,Q,1998,,M,,0,0,
OECD.ITF:DSD_INFRINV@DF_INFRINV(1.0),CHE,A,MNT,EUR,MAR,Q,1999,,M,,0,0,
OECD.ITF:DSD_INFRINV@DF_INFRINV(1.0),CHE,A,MNT,EUR,MAR,Q,2000,,M,,0,0,
OECD.ITF:DSD_INFRINV@DF_INFRINV(1.0),CHE,A,MNT,EUR,MAR,Q,2001,,M,,0,0,
OECD.ITF:DSD_INFRINV@DF_INFRINV(1.0),CHE,A,MNT,EUR,MAR,Q,2002,,M,,0,0,
OECD.ITF:DSD_INFRINV@DF_INFRINV(1.0),CHE,A,MNT,EUR,MAR,Q,2003,,M,,0,0,
OECD.ITF:DSD_INFRINV@DF_INFRINV(1.0),CHE,A,MNT,EUR,MAR,Q,2004,,M,,0,0,
OECD.ITF:DSD_INFRINV@DF_INFRINV(1.0),CHE,A,MNT,EUR,MAR,Q,2005,,M,,0,0,
OECD.ITF:DSD_INFRINV@DF_INFRINV(1.0),CHE,A,MNT,EUR,MAR,Q,2006,,M,,0,0,
OECD.ITF:DSD_INFRINV@DF_INFRINV(1.0),CHE,A,MNT,EUR,MAR,Q,2007,,M,,0,0,
OECD.ITF:DSD_INFRINV@DF_INFRINV(1.0),CHE,A,MNT,EUR,MAR,Q,2008,,M,,0,0,
OECD.ITF:DSD_INFRINV@DF_INFRINV(1.0),CHE,A,MNT,EUR,MAR,Q,2009,,M,,0,0,
OECD.ITF:DSD_INFRINV@DF_INFRINV(1.0),CHE,A,MNT,EUR,MAR,Q,2010,,M,,0,0,
OECD.ITF:DSD_INFRINV@DF_INFRINV(1.0),CHE,A,MNT,EUR,MAR,Q,2011,,M,,0,0,
OECD.ITF:DSD_INFRINV@DF_INFRINV(1.0),CHE,A,MNT,EUR,MAR,Q,2012,,M,,0,0,
OECD.ITF:DSD_INFRINV@DF_INFRINV(1.0),CHE,A,MNT,EUR,MAR,Q,2013,,M,,0,0,
OECD.ITF:DSD_INFRINV@DF_INFRINV(1.0),CHE,A,MNT,EUR,MAR,Q,2014,,M,,0,0,
OECD.ITF:DSD_INFRINV@DF_INFRINV(1.0),CHE,A,MNT,EUR,MAR,Q,2015,,M,,0,0,
OECD.ITF:DSD_INFRINV@DF_INFRINV(1.0),CHE,A,MNT,EUR,MAR,Q,2016,,M,,0,0,
OECD.ITF:DSD_INFRINV@DF_INFRINV(1.0),CHE,A,MNT,EUR,MAR,Q,2017,,M,,0,0,
OECD.ITF:DSD_INFRINV@DF_INFRINV(1.0),CHE,A,MNT,EUR,MAR,Q,2018,,M,,0,0,
OECD.ITF:DSD_INFRINV@DF_INFRINV(1.0),CHE,A,MNT,EUR,MAR,Q,2019,,M,,0,0,
OECD.ITF:DSD_INFRINV@DF_INFRINV(1.0),CHE,A,MNT,EUR,MAR,Q,2020,,M,,0,0,
OECD.ITF:DSD_INFRINV@DF_INFRINV(1.0),CHE,A,MNT,EUR,MAR,Q,2021,,M,,0,0,
OECD.ITF:DSD_INFRINV@DF_INFRINV(1.0),CHE,A,MNT,EUR,MAR,Q,2022,,M,,0,0,
OECD.ITF:DSD_INFRINV@DF_INFRINV(1.0),CHE,A,MNT,EUR,MAR,Q,2023,,M,,0,0,
OECD.ITF:DSD_INFRINV@DF_INFRINV(1.0),CHE,A,MNT,EUR,MAR,Q,2024,,M,,0,0,
OECD.ITF:DSD_INFRINV@DF_INFRINV(1.0),ARM,A,MNT,EUR,MAR,Q,1995,,M,,0,0,
OECD.ITF:DSD_INFRINV@DF_INFRINV(1.0),ARM,A,MNT,EUR,MAR,Q,1996,,M,,0,0,
OECD.ITF:DSD_INFRINV@DF_INFRINV(1.0),ARM,A,MNT,EUR,MAR,Q,1997,,M,,0,0,
OECD.ITF:DSD_INFRINV@DF_INFRINV(1.0),ARM,A,MNT,EUR,MAR,Q,1998,,M,,0,0,
OECD.ITF:DSD_INFRINV@DF_INFRINV(1.0),ARM,A,MNT,EUR,MAR,Q,1999,,M,,0,0,
OECD.ITF:DSD_INFRINV@DF_INFRINV(1.0),ARM,A,MNT,EUR,MAR,Q,2000,,M,,0,0,
OECD.ITF:DSD_INFRINV@DF_INFRINV(1.0),ARM,A,MNT,EUR,MAR,Q,2001,,M,,0,0,
OECD.ITF:DSD_INFRINV@DF_INFRINV(1.0),ARM,A,MNT,EUR,MAR,Q,2002,,M,,0,0,
OECD.ITF:DSD_INFRINV@DF_INFRINV(1.0),ARM,A,MNT,EUR,MAR,Q,2003,,M,,0,0,
OECD.ITF:DSD_INFRINV@DF_INFRINV(1.0),ARM,A,MNT,EUR,MAR,Q,2004,,M,,0,0,
OECD.ITF:DSD_INFRINV@DF_INFRINV(1.0),ARM,A,MNT,EUR,MAR,Q,2005,,M,,0,0,
OECD.ITF:DSD_INFRINV@DF_INFRINV(1.0),ARM,A,MNT,EUR,MAR,Q,2006,,M,,0,0,
OECD.ITF:DSD_INFRINV@DF_INFRINV(1.0),ARM,A,MNT,EUR,MAR,Q,2007,,M,,0,0,
OECD.ITF:DSD_INFRINV@DF_INFRINV(1.0),ARM,A,MNT,EUR,MAR,Q,2008,,M,,0,0,
OECD.ITF:DSD_INFRINV@DF_INFRINV(1.0),ARM,A,MNT,EUR,MAR,Q,2009,,M,,0,0,
OECD.ITF:DSD_INFRINV@DF_INFRINV(1.0),ARM,A,MNT,EUR,MAR,Q,2010,,M,,0,0,
OECD.ITF:DSD_INFRINV@DF_INFRINV(1.0),ARM,A,MNT,EUR,MAR,Q,2011,,M,,0,0,
OECD.ITF:DSD_INFRINV@DF_INFRINV(1.0),ARM,A,MNT,EUR,MAR,Q,2012,,M,,0,0,
OECD.ITF:DSD_INFRINV@DF_INFRINV(1.0),ARM,A,MNT,EUR,MAR,Q,2013,,M,,0,0,
OECD.ITF:DSD_INFRINV@DF_INFRINV(1.0),ARM,A,MNT,EUR,MAR,Q,2014,,M,,0,0,
OECD.ITF:DSD_INFRINV@DF_INFRINV(1.0),ARM,A,MNT,EUR,MAR,Q,2015,,M,,0,0,
OECD.ITF:DSD_INFRINV@DF_INFRINV(1.0),ARM,A,MNT,EUR,MAR,Q,2016,,M,,0,0,
OECD.ITF:DSD_INFRINV@DF_INFRINV(1.0),ARM,A,MNT,EUR,MAR,Q,2017,,M,,0,0,
OECD.ITF:DSD_INFRINV@DF_INFRINV(1.0),ARM,A,MNT,EUR,MAR,Q,2018,,M,,0,0,
OECD.ITF:DSD_INFRINV@DF_INFRINV(1.0),ARM,A,MNT,EUR,MAR,Q,2019,,M,,0,0,
OECD.ITF:DSD_INFRINV@DF_INFRINV(1.0),ARM,A,MNT,EUR,MAR,Q,2020,,M,,0,0,
OECD.ITF:DSD_INFRINV@DF_INFRINV(1.0),ARM,A,MNT,EUR,MAR,Q,2021,,M,,0,0,
OECD.ITF:DSD_INFRINV@DF_INFRINV(1.0),ARM,A,MNT,EUR,MAR,Q,2022,,M,,0,0,
OECD.ITF:DSD_INFRINV@DF_INFRINV(1.0),ARM,A,MNT,EUR,MAR,Q,2023,,M,,0,0,
OECD.ITF:DSD_INFRINV@DF_INFRINV(1.0),ARM,A,MNT,EUR,MAR,Q,2024,,M,,0,0,
OECD.ITF:DSD_INFRINV@DF_INFRINV(1.0),LIE,A,MNT,EUR,MAR,Q,1995,,M,,0,0,
OECD.ITF:DSD_INFRINV@DF_INFRINV(1.0),LIE,A,MNT,EUR,MAR,Q,1996,,M,,0,0,
OECD.ITF:DSD_INFRINV@DF_INFRINV(1.0),LIE,A,MNT,EUR,MAR,Q,1997,,M,,0,0,
OECD.ITF:DSD_INFRINV@DF_INFRINV(1.0),LIE,A,MNT,EUR,MAR,Q,1998,,M,,0,0,
OECD.ITF:DSD_INFRINV@DF_INFRINV(1.0),LIE,A,MNT,EUR,MAR,Q,1999,,M,,0,0,
OECD.ITF:DSD_INFRINV@DF_INFRINV(1.0),LIE,A,MNT,EUR,MAR,Q,2000,,M,,0,0,
OECD.ITF:DSD_INFRINV@DF_INFRINV(1.0),LIE,A,MNT,EUR,MAR,Q,2001,,M,,0,0,
OECD.ITF:DSD_INFRINV@DF_INFRINV(1.0),LIE,A,MNT,EUR,MAR,Q,2002,,M,,0,0,
OECD.ITF:DSD_INFRINV@DF_INFRINV(1.0),LIE,A,MNT,EUR,MAR,Q,2003,,M,,0,0,
OECD.ITF:DSD_INFRINV@DF_INFRINV(1.0),LIE,A,MNT,EUR,MAR,Q,2004,,M,,0,0,
OECD.ITF:DSD_INFRINV@DF_INFRINV(1.0),LIE,A,MNT,EUR,MAR,Q,2005,,M,,0,0,
OECD.ITF:DSD_INFRINV@DF_INFRINV(1.0),LIE,A,MNT,EUR,MAR,Q,2006,,M,,0,0,
OECD.ITF:DSD_INFRINV@DF_INFRINV(1.0),LIE,A,MNT,EUR,MAR,Q,2007,,M,,0,0,
OECD.ITF:DSD_INFRINV@DF_INFRINV(1.0),LIE,A,MNT,EUR,MAR,Q,2008,,M,,0,0,
OECD.ITF:DSD_INFRINV@DF_INFRINV(1.0),LIE,A,MNT,EUR,MAR,Q,2009,,M,,0,0,
OECD.ITF:DSD_INFRINV@DF_INFRINV(1.0),LIE,A,MNT,EUR,MAR,Q,2010,,M,,0,0,
OECD.ITF:DSD_INFRINV@DF_INFRINV(1.0),LIE,A,MNT,EUR,MAR,Q,2011,,M,,0,0,
OECD.ITF:DSD_INFRINV@DF_INFRINV(1.0),LIE,A,MNT,EUR,MAR,Q,2012,,M,,0,0,
OECD.ITF:DSD_INFRINV@DF_INFRINV(1.0),LIE,A,MNT,EUR,MAR,Q,2013,,M,,0,0,
OECD.ITF:DSD_INFRINV@DF_INFRINV(1.0),LIE,A,MNT,EUR,MAR,Q,2014,,M,,0,0,
OECD.ITF:DSD_INFRINV@DF_INFRINV(1.0),LIE,A,MNT,EUR,MAR,Q,2015,,M,,0,0,
OECD.ITF:DSD_INFRINV@DF_INFRINV(1.0),LIE,A,MNT,EUR,MAR,Q,2016,,M,,0,0,
OECD.ITF:DSD_INFRINV@DF_INFRINV(1.0),LIE,A,MNT,EUR,MAR,Q,2017,,M,,0,0,
OECD.ITF:DSD_INFRINV@DF_INFRINV(1.0),LIE,A,MNT,EUR,MAR,Q,2018,,M,,0,0,
OECD.ITF:DSD_INFRINV@DF_INFRINV(1.0),LIE,A,MNT,EUR,MAR,Q,2019,,M,,0,0,
OECD.ITF:DSD_INFRINV@DF_INFRINV(1.0),LIE,A,MNT,EUR,MAR,Q,2020,,M,,0,0,
OECD.ITF:DSD_INFRINV@DF_INFRINV(1.0),LIE,A,MNT,EUR,MAR,Q,2021,,M,,0,0,
OECD.ITF:DSD_INFRINV@DF_INFRINV(1.0),LIE,A,MNT,EUR,MAR,Q,2022,,M,,0,0,
OECD.ITF:DSD_INFRINV@DF_INFRINV(1.0),LIE,A,MNT,EUR,MAR,Q,2023,,M,,0,0,
OECD.ITF:DSD_INFRINV@DF_INFRINV(1.0),LIE,A,MNT,EUR,MAR,Q,2024,,M,,0,0,
OECD.ITF:DSD_INFRINV@DF_INFRINV(1.0),MKD,A,MNT,EUR,MAR,Q,1995,,M,,0,0,
OECD.ITF:DSD_INFRINV@DF_INFRINV(1.0),MKD,A,MNT,EUR,MAR,Q,1996,,M,,0,0,
OECD.ITF:DSD_INFRINV@DF_INFRINV(1.0),MKD,A,MNT,EUR,MAR,Q,1997,,M,,0,0,
OECD.ITF:DSD_INFRINV@DF_INFRINV(1.0),MKD,A,MNT,EUR,MAR,Q,1998,,M,,0,0,
OECD.ITF:DSD_INFRINV@DF_INFRINV(1.0),MKD,A,MNT,EUR,MAR,Q,1999,,M,,0,0,
OECD.ITF:DSD_INFRINV@DF_INFRINV(1.0),MKD,A,MNT,EUR,MAR,Q,2000,,M,,0,0,
OECD.ITF:DSD_INFRINV@DF_INFRINV(1.0),MKD,A,MNT,EUR,MAR,Q,2001,,M,,0,0,
OECD.ITF:DSD_INFRINV@DF_INFRINV(1.0),MKD,A,MNT,EUR,MAR,Q,2002,,M,,0,0,
OECD.ITF:DSD_INFRINV@DF_INFRINV(1.0),MKD,A,MNT,EUR,MAR,Q,2003,,M,,0,0,
OECD.ITF:DSD_INFRINV@DF_INFRINV(1.0),MKD,A,MNT,EUR,MAR,Q,2004,,M,,0,0,
OECD.ITF:DSD_INFRINV@DF_INFRINV(1.0),MKD,A,MNT,EUR,MAR,Q,2005,,M,,0,0,
OECD.ITF:DSD_INFRINV@DF_INFRINV(1.0),MKD,A,MNT,EUR,MAR,Q,2006,,M,,0,0,
OECD.ITF:DSD_INFRINV@DF_INFRINV(1.0),MKD,A,MNT,EUR,MAR,Q,2007,,M,,0,0,
OECD.ITF:DSD_INFRINV@DF_INFRINV(1.0),MKD,A,MNT,EUR,MAR,Q,2008,,M,,0,0,
OECD.ITF:DSD_INFRINV@DF_INFRINV(1.0),MKD,A,MNT,EUR,MAR,Q,2009,,M,,0,0,
OECD.ITF:DSD_INFRINV@DF_INFRINV(1.0),MKD,A,MNT,EUR,MAR,Q,2010,,M,,0,0,
OECD.ITF:DSD_INFRINV@DF_INFRINV(1.0),MKD,A,MNT,EUR,MAR,Q,2011,,M,,0,0,
OECD.ITF:DSD_INFRINV@DF_INFRINV(1.0),MKD,A,MNT,EUR,MAR,Q,2012,,M,,0,0,
OECD.ITF:DSD_INFRINV@DF_INFRINV(1.0),MKD,A,MNT,EUR,MAR,Q,2013,,M,,0,0,
OECD.ITF:DSD_INFRINV@DF_INFRINV(1.0),MKD,A,MNT,EUR,MAR,Q,2014,,M,,0,0,
OECD.ITF:DSD_INFRINV@DF_INFRINV(1.0),MKD,A,MNT,EUR,MAR,Q,2015,,M,,0,0,
OECD.ITF:DSD_INFRINV@DF_INFRINV(1.0),MKD,A,MNT,EUR,MAR,Q,2016,,M,,0,0,
OECD.ITF:DSD_INFRINV@DF_INFRINV(1.0),MKD,A,MNT,EUR,MAR,Q,2017,,M,,0,0,
OECD.ITF:DSD_INFRINV@DF_INFRINV(1.0),MKD,A,MNT,EUR,MAR,Q,2018,,M,,0,0,
OECD.ITF:DSD_INFRINV@DF_INFRINV(1.0),MKD,A,MNT,EUR,MAR,Q,2019,,M,,0,0,
OECD.ITF:DSD_INFRINV@DF_INFRINV(1.0),MKD,A,MNT,EUR,MAR,Q,2020,,M,,0,0,
OECD.ITF:DSD_INFRINV@DF_INFRINV(1.0),MKD,A,MNT,EUR,MAR,Q,2021,,M,,0,0,
OECD.ITF:DSD_INFRINV@DF_INFRINV(1.0),MKD,A,MNT,EUR,MAR,Q,2022,,M,,0,0,
OECD.ITF:DSD_INFRINV@DF_INFRINV(1.0),MKD,A,MNT,EUR,MAR,Q,2023,,M,,0,0,
OECD.ITF:DSD_INFRINV@DF_INFRINV(1.0),MKD,A,MNT,EUR,MAR,Q,2024,,M,,0,0,
OECD.ITF:DSD_INFRINV@DF_INFRINV(1.0),SRB,A,MNT,EUR,MAR,Q,1995,,M,,0,0,
OECD.ITF:DSD_INFRINV@DF_INFRINV(1.0),SRB,A,MNT,EUR,MAR,Q,1996,,M,,0,0,
OECD.ITF:DSD_INFRINV@DF_INFRINV(1.0),SRB,A,MNT,EUR,MAR,Q,1997,,M,,0,0,
OECD.ITF:DSD_INFRINV@DF_INFRINV(1.0),SRB,A,MNT,EUR,MAR,Q,1998,,M,,0,0,
OECD.ITF:DSD_INFRINV@DF_INFRINV(1.0),SRB,A,MNT,EUR,MAR,Q,1999,,M,,0,0,
OECD.ITF:DSD_INFRINV@DF_INFRINV(1.0),SRB,A,MNT,EUR,MAR,Q,2000,,M,,0,0,
OECD.ITF:DSD_INFRINV@DF_INFRINV(1.0),SRB,A,MNT,EUR,MAR,Q,2001,,M,,0,0,
OECD.ITF:DSD_INFRINV@DF_INFRINV(1.0),SRB,A,MNT,EUR,MAR,Q,2002,,M,,0,0,
OECD.ITF:DSD_INFRINV@DF_INFRINV(1.0),SRB,A,MNT,EUR,MAR,Q,2003,,M,,0,0,
OECD.ITF:DSD_INFRINV@DF_INFRINV(1.0),SRB,A,MNT,EUR,MAR,Q,2004,,M,,0,0,
OECD.ITF:DSD_INFRINV@DF_INFRINV(1.0),SRB,A,MNT,EUR,MAR,Q,2005,,M,,0,0,
OECD.ITF:DSD_INFRINV@DF_INFRINV(1.0),SRB,A,MNT,EUR,MAR,Q,2006,,M,,0,0,
OECD.ITF:DSD_INFRINV@DF_INFRINV(1.0),SRB,A,MNT,EUR,MAR,Q,2007,,M,,0,0,
OECD.ITF:DSD_INFRINV@DF_INFRINV(1.0),SRB,A,MNT,EUR,MAR,Q,2008,,M,,0,0,
OECD.ITF:DSD_INFRINV@DF_INFRINV(1.0),SRB,A,MNT,EUR,MAR,Q,2009,,M,,0,0,
OECD.ITF:DSD_INFRINV@DF_INFRINV(1.0),SRB,A,MNT,EUR,MAR,Q,2010,,M,,0,0,
OECD.ITF:DSD_INFRINV@DF_INFRINV(1.0),SRB,A,MNT,EUR,MAR,Q,2011,,M,,0,0,
OECD.ITF:DSD_INFRINV@DF_INFRINV(1.0),SRB,A,MNT,EUR,MAR,Q,2012,,M,,0,0,
OECD.ITF:DSD_INFRINV@DF_INFRINV(1.0),SRB,A,MNT,EUR,MAR,Q,2013,,M,,0,0,
OECD.ITF:DSD_INFRINV@DF_INFRINV(1.0),SRB,A,MNT,EUR,MAR,Q,2014,,M,,0,0,
OECD.ITF:DSD_INFRINV@DF_INFRINV(1.0),SRB,A,MNT,EUR,MAR,Q,2015,,M,,0,0,
OECD.ITF:DSD_INFRINV@DF_INFRINV(1.0),SRB,A,MNT,EUR,MAR,Q,2016,,M,,0,0,
OECD.ITF:DSD_INFRINV@DF_INFRINV(1.0),SRB,A,MNT,EUR,MAR,Q,2017,,M,,0,0,
OECD.ITF:DSD_INFRINV@DF_INFRINV(1.0),SRB,A,MNT,EUR,MAR,Q,2018,,M,,0,0,
OECD.ITF:DSD_INFRINV@DF_INFRINV(1.0),SRB,A,MNT,EUR,MAR,Q,2019,,M,,0,0,
OECD.ITF:DSD_INFRINV@DF_INFRINV(1.0),SRB,A,MNT,EUR,MAR,Q,2020,,M,,0,0,
OECD.ITF:DSD_INFRINV@DF_INFRINV(1.0),SRB,A,MNT,EUR,MAR,Q,2021,,M,,0,0,
OECD.ITF:DSD_INFRINV@DF_INFRINV(1.0),SRB,A,MNT,EUR,MAR,Q,2022,,M,,0,0,
OECD.ITF:DSD_INFRINV@DF_INFRINV(1.0),SRB,A,MNT,EUR,MAR,Q,2023,,M,,0,0,
OECD.ITF:DSD_INFRINV@DF_INFRINV(1.0),SRB,A,MNT,EUR,MAR,Q,2024,,M,,0,0,
OECD.ITF:DSD_INFRINV@DF_INFRINV(1.0),LIE,A,MNT,EUR,AIR,Q,1995,,M,,0,0,
OECD.ITF:DSD_INFRINV@DF_INFRINV(1.0),LIE,A,MNT,EUR,AIR,Q,1996,,M,,0,0,
OECD.ITF:DSD_INFRINV@DF_INFRINV(1.0),LIE,A,MNT,EUR,AIR,Q,1997,,M,,0,0,
OECD.ITF:DSD_INFRINV@DF_INFRINV(1.0),LIE,A,MNT,EUR,AIR,Q,1998,,M,,0,0,
OECD.ITF:DSD_INFRINV@DF_INFRINV(1.0),LIE,A,MNT,EUR,AIR,Q,1999,,M,,0,0,
OECD.ITF:DSD_INFRINV@DF_INFRINV(1.0),LIE,A,MNT,EUR,AIR,Q,2000,,M,,0,0,
OECD.ITF:DSD_INFRINV@DF_INFRINV(1.0),LIE,A,MNT,EUR,AIR,Q,2001,,M,,0,0,
OECD.ITF:DSD_INFRINV@DF_INFRINV(1.0),LIE,A,MNT,EUR,AIR,Q,2002,,M,,0,0,
OECD.ITF:DSD_INFRINV@DF_INFRINV(1.0),LIE,A,MNT,EUR,AIR,Q,2003,,M,,0,0,
OECD.ITF:DSD_INFRINV@DF_INFRINV(1.0),LIE,A,MNT,EUR,AIR,Q,2004,,M,,0,0,
OECD.ITF:DSD_INFRINV@DF_INFRINV(1.0),LIE,A,MNT,EUR,AIR,Q,2005,,M,,0,0,
OECD.ITF:DSD_INFRINV@DF_INFRINV(1.0),LIE,A,MNT,EUR,AIR,Q,2006,,M,,0,0,
OECD.ITF:DSD_INFRINV@DF_INFRINV(1.0),LIE,A,MNT,EUR,AIR,Q,2007,,M,,0,0,
OECD.ITF:DSD_INFRINV@DF_INFRINV(1.0),LIE,A,MNT,EUR,AIR,Q,2008,,M,,0,0,
OECD.ITF:DSD_INFRINV@DF_INFRINV(1.0),LIE,A,MNT,EUR,AIR,Q,2009,,M,,0,0,
OECD.ITF:DSD_INFRINV@DF_INFRINV(1.0),LIE,A,MNT,EUR,AIR,Q,2010,,M,,0,0,
OECD.ITF:DSD_INFRINV@DF_INFRINV(1.0),LIE,A,MNT,EUR,AIR,Q,2011,,M,,0,0,
OECD.ITF:DSD_INFRINV@DF_INFRINV(1.0),LIE,A,MNT,EUR,AIR,Q,2012,,M,,0,0,
OECD.ITF:DSD_INFRINV@DF_INFRINV(1.0),LIE,A,MNT,EUR,AIR,Q,2013,,M,,0,0,
OECD.ITF:DSD_INFRINV@DF_INFRINV(1.0),LIE,A,MNT,EUR,AIR,Q,2014,,M,,0,0,
OECD.ITF:DSD_INFRINV@DF_INFRINV(1.0),LIE,A,MNT,EUR,AIR,Q,2015,,M,,0,0,
OECD.ITF:DSD_INFRINV@DF_INFRINV(1.0),LIE,A,MNT,EUR,AIR,Q,2016,,M,,0,0,
OECD.ITF:DSD_INFRINV@DF_INFRINV(1.0),LIE,A,MNT,EUR,AIR,Q,2017,,M,,0,0,
OECD.ITF:DSD_INFRINV@DF_INFRINV(1.0),LIE,A,MNT,EUR,AIR,Q,2018,,M,,0,0,
OECD.ITF:DSD_INFRINV@DF_INFRINV(1.0),LIE,A,MNT,EUR,AIR,Q,2019,,M,,0,0,
OECD.ITF:DSD_INFRINV@DF_INFRINV(1.0),LIE,A,MNT,EUR,AIR,Q,2020,,M,,0,0,
OECD.ITF:DSD_INFRINV@DF_INFRINV(1.0),LIE,A,MNT,EUR,AIR,Q,2021,,M,,0,0,
OECD.ITF:DSD_INFRINV@DF_INFRINV(1.0),LIE,A,MNT,EUR,AIR,Q,2022,,M,,0,0,
OECD.ITF:DSD_INFRINV@DF_INFRINV(1.0),LIE,A,MNT,EUR,AIR,Q,2023,,M,,0,0,
OECD.ITF:DSD_INFRINV@DF_INFRINV(1.0),LIE,A,MNT,EUR,AIR,Q,2024,,M,,0,0,
OECD.ITF:DSD_INFRINV@DF_INFRINV(1.0),LIE,A,CV,EUR,AIR,Q,1995,,M,,0,0,
OECD.ITF:DSD_INFRINV@DF_INFRINV(1.0),LIE,A,CV,EUR,AIR,Q,1996,,M,,0,0,
OECD.ITF:DSD_INFRINV@DF_INFRINV(1.0),LIE,A,CV,EUR,AIR,Q,1997,,M,,0,0,
OECD.ITF:DSD_INFRINV@DF_INFRINV(1.0),LIE,A,CV,EUR,AIR,Q,1998,,M,,0,0,
OECD.ITF:DSD_INFRINV@DF_INFRINV(1.0),LIE,A,CV,EUR,AIR,Q,1999,,M,,0,0,
OECD.ITF:DSD_INFRINV@DF_INFRINV(1.0),LIE,A,CV,EUR,AIR,Q,2000,,M,,0,0,
OECD.ITF:DSD_INFRINV@DF_INFRINV(1.0),LIE,A,CV,EUR,AIR,Q,2001,,M,,0,0,
OECD.ITF:DSD_INFRINV@DF_INFRINV(1.0),LIE,A,CV,EUR,AIR,Q,2002,,M,,0,0,
OECD.ITF:DSD_INFRINV@DF_INFRINV(1.0),LIE,A,CV,EUR,AIR,Q,2003,,M,,0,0,
OECD.ITF:DSD_INFRINV@DF_INFRINV(1.0),LIE,A,CV,EUR,AIR,Q,2004,,M,,0,0,
OECD.ITF:DSD_INFRINV@DF_INFRINV(1.0),LIE,A,CV,EUR,AIR,Q,2005,,M,,0,0,
OECD.ITF:DSD_INFRINV@DF_INFRINV(1.0),LIE,A,CV,EUR,AIR,Q,2006,,M,,0,0,
OECD.ITF:DSD_INFRINV@DF_INFRINV(1.0),LIE,A,CV,EUR,AIR,Q,2007,,M,,0,0,
OECD.ITF:DSD_INFRINV@DF_INFRINV(1.0),LIE,A,CV,EUR,AIR,Q,2008,,M,,0,0,
OECD.ITF:DSD_INFRINV@DF_INFRINV(1.0),LIE,A,CV,EUR,AIR,Q,2009,,M,,0,0,
OECD.ITF:DSD_INFRINV@DF_INFRINV(1.0),LIE,A,CV,EUR,AIR,Q,2010,,M,,0,0,
OECD.ITF:DSD_INFRINV@DF_INFRINV(1.0),LIE,A,CV,EUR,AIR,Q,2011,,M,,0,0,
OECD.ITF:DSD_INFRINV@DF_INFRINV(1.0),LIE,A,CV,EUR,AIR,Q,2012,,M,,0,0,
OECD.ITF:DSD_INFRINV@DF_INFRINV(1.0),LIE,A,CV,EUR,AIR,Q,2013,,M,,0,0,
OECD.ITF:DSD_INFRINV@DF_INFRINV(1.0),LIE,A,CV,EUR,AIR,Q,2014,,M,,0,0,
OECD.ITF:DSD_INFRINV@DF_INFRINV(1.0),LIE,A,CV,EUR,AIR,Q,2015,,M,,0,0,
OECD.ITF:DSD_INFRINV@DF_INFRINV(1.0),LIE,A,CV,EUR,AIR,Q,2016,,M,,0,0,
OECD.ITF:DSD_INFRINV@DF_INFRINV(1.0),LIE,A,CV,EUR,AIR,Q,2017,,M,,0,0,
OECD.ITF:DSD_INFRINV@DF_INFRINV(1.0),LIE,A,CV,EUR,AIR,Q,2018,,M,,0,0,
OECD.ITF:DSD_INFRINV@DF_INFRINV(1.0),LIE,A,CV,EUR,AIR,Q,2019,,M,,0,0,
OECD.ITF:DSD_INFRINV@DF_INFRINV(1.0),LIE,A,CV,EUR,AIR,Q,2020,,M,,0,0,
OECD.ITF:DSD_INFRINV@DF_INFRINV(1.0),LIE,A,CV,EUR,AIR,Q,2021,,M,,0,0,
OECD.ITF:DSD_INFRINV@DF_INFRINV(1.0),LIE,A,CV,EUR,AIR,Q,2022,,M,,0,0,
OECD.ITF:DSD_INFRINV@DF_INFRINV(1.0),LIE,A,CV,EUR,AIR,Q,2023,,M,,0,0,
OECD.ITF:DSD_INFRINV@DF_INFRINV(1.0),LIE,A,CV,EUR,AIR,Q,2024,,M,,0,0,
OECD.ITF:DSD_INFRINV@DF_INFRINV(1.0),LIE,A,INV,EUR,AIR,Q,1995,,M,,0,0,
OECD.ITF:DSD_INFRINV@DF_INFRINV(1.0),LIE,A,INV,EUR,AIR,Q,1996,,M,,0,0,
OECD.ITF:DSD_INFRINV@DF_INFRINV(1.0),LIE,A,INV,EUR,AIR,Q,1997,,M,,0,0,
OECD.ITF:DSD_INFRINV@DF_INFRINV(1.0),LIE,A,INV,EUR,AIR,Q,1998,,M,,0,0,
OECD.ITF:DSD_INFRINV@DF_INFRINV(1.0),LIE,A,INV,EUR,AIR,Q,1999,,M,,0,0,
OECD.ITF:DSD_INFRINV@DF_INFRINV(1.0),LIE,A,INV,EUR,AIR,Q,2000,,M,,0,0,
OECD.ITF:DSD_INFRINV@DF_INFRINV(1.0),LIE,A,INV,EUR,AIR,Q,2001,,M,,0,0,
OECD.ITF:DSD_INFRINV@DF_INFRINV(1.0),LIE,A,INV,EUR,AIR,Q,2002,,M,,0,0,
OECD.ITF:DSD_INFRINV@DF_INFRINV(1.0),LIE,A,INV,EUR,AIR,Q,2003,,M,,0,0,
OECD.ITF:DSD_INFRINV@DF_INFRINV(1.0),LIE,A,INV,EUR,AIR,Q,2004,,M,,0,0,
OECD.ITF:DSD_INFRINV@DF_INFRINV(1.0),LIE,A,INV,EUR,AIR,Q,2005,,M,,0,0,
OECD.ITF:DSD_INFRINV@DF_INFRINV(1.0),LIE,A,INV,EUR,AIR,Q,2006,,M,,0,0,
OECD.ITF:DSD_INFRINV@DF_INFRINV(1.0),LIE,A,INV,EUR,AIR,Q,2007,,M,,0,0,
OECD.ITF:DSD_INFRINV@DF_INFRINV(1.0),LIE,A,INV,EUR,AIR,Q,2008,,M,,0,0,
OECD.ITF:DSD_INFRINV@DF_INFRINV(1.0),LIE,A,INV,EUR,AIR,Q,2009,,M,,0,0,
OECD.ITF:DSD_INFRINV@DF_INFRINV(1.0),LIE,A,INV,EUR,AIR,Q,2010,,M,,0,0,
OECD.ITF:DSD_INFRINV@DF_INFRINV(1.0),LIE,A,INV,EUR,AIR,Q,2011,,M,,0,0,
OECD.ITF:DSD_INFRINV@DF_INFRINV(1.0),LIE,A,INV,EUR,AIR,Q,2012,,M,,0,0,
OECD.ITF:DSD_INFRINV@DF_INFRINV(1.0),LIE,A,INV,EUR,AIR,Q,2013,,M,,0,0,
OECD.ITF:DSD_INFRINV@DF_INFRINV(1.0),LIE,A,INV,EUR,AIR,Q,2014,,M,,0,0,
OECD.ITF:DSD_INFRINV@DF_INFRINV(1.0),LIE,A,INV,EUR,AIR,Q,2015,,M,,0,0,
OECD.ITF:DSD_INFRINV@DF_INFRINV(1.0),LIE,A,INV,EUR,AIR,Q,2016,,M,,0,0,
OECD.ITF:DSD_INFRINV@DF_INFRINV(1.0),LIE,A,INV,EUR,AIR,Q,2017,,M,,0,0,
OECD.ITF:DSD_INFRINV@DF_INFRINV(1.0),LIE,A,INV,EUR,AIR,Q,2018,,M,,0,0,
OECD.ITF:DSD_INFRINV@DF_INFRINV(1.0),LIE,A,INV,EUR,AIR,Q,2019,,M,,0,0,
OECD.ITF:DSD_INFRINV@DF_INFRINV(1.0),LIE,A,INV,EUR,AIR,Q,2020,,M,,0,0,
OECD.ITF:DSD_INFRINV@DF_INFRINV(1.0),LIE,A,INV,EUR,AIR,Q,2021,,M,,0,0,
OECD.ITF:DSD_INFRINV@DF_INFRINV(1.0),LIE,A,INV,EUR,AIR,Q,2022,,M,,0,0,
OECD.ITF:DSD_INFRINV@DF_INFRINV(1.0),LIE,A,INV,EUR,AIR,Q,2023,,M,,0,0,
OECD.ITF:DSD_INFRINV@DF_INFRINV(1.0),LIE,A,INV,EUR,AIR,Q,2024,,M,,0,0,
OECD.ITF:DSD_INFRINV@DF_INFRINV(1.0),NLD,A,MNT,EUR,AIR,Q,2009,74797858.51,E,,0,0,
OECD.ITF:DSD_INFRINV@DF_INFRINV(1.0),NLD,A,MNT,EUR,MAR,Q,2009,99142964.15,E,,0,0,
OECD.ITF:DSD_INFRINV@DF_INFRINV(1.0),NLD,A,MNT,EUR,MAR,Q,2010,66537112.92,E,,0,0,
OECD.ITF:DSD_INFRINV@DF_INFRINV(1.0),NLD,A,MNT,EUR,AIR,Q,2010,91039668.79,E,,0,0,
OECD.ITF:DSD_INFRINV@DF_INFRINV(1.0),NLD,A,MNT,EUR,AIR,Q,2011,90615803.15,E,,0,0,
OECD.ITF:DSD_INFRINV@DF_INFRINV(1.0),NLD,A,MNT,EUR,MAR,Q,2011,49555517.35,E,,0,0,
OECD.ITF:DSD_INFRINV@DF_INFRINV(1.0),NLD,A,MNT,EUR,MAR,Q,2012,133603048.8,E,,0,0,
OECD.ITF:DSD_INFRINV@DF_INFRINV(1.0),NLD,A,MNT,EUR,AIR,Q,2012,97428478.64,E,,0,0,
OECD.ITF:DSD_INFRINV@DF_INFRINV(1.0),NLD,A,MNT,EUR,AIR,Q,2013,101077505.8,E,,0,0,
OECD.ITF:DSD_INFRINV@DF_INFRINV(1.0),NLD,A,MNT,EUR,MAR,Q,2013,133181363.8,E,,0,0,
OECD.ITF:DSD_INFRINV@DF_INFRINV(1.0),NLD,A,MNT,EUR,MAR,Q,2014,136249182,E,,0,0,
OECD.ITF:DSD_INFRINV@DF_INFRINV(1.0),NLD,A,MNT,EUR,AIR,Q,2014,111362945.1,E,,0,0,
OECD.ITF:DSD_INFRINV@DF_INFRINV(1.0),NLD,A,MNT,EUR,AIR,Q,2015,115400000,E,,0,0,
OECD.ITF:DSD_INFRINV@DF_INFRINV(1.0),NLD,A,MNT,EUR,MAR,Q,2015,149555568.7,E,,0,0,
OECD.ITF:DSD_INFRINV@DF_INFRINV(1.0),NLD,A,MNT,EUR,MAR,Q,2016,152802146.3,E,,0,0,
OECD.ITF:DSD_INFRINV@DF_INFRINV(1.0),NLD,A,MNT,EUR,AIR,Q,2016,102732482.6,E,,0,0,
OECD.ITF:DSD_INFRINV@DF_INFRINV(1.0),NLD,A,MNT,EUR,AIR,Q,2017,104531999.5,E,,0,0,
OECD.ITF:DSD_INFRINV@DF_INFRINV(1.0),NLD,A,MNT,EUR,MAR,Q,2017,164093232.9,E,,0,0,
OECD.ITF:DSD_INFRINV@DF_INFRINV(1.0),NLD,A,MNT,EUR,MAR,Q,2018,173957740.6,E,,0,0,
OECD.ITF:DSD_INFRINV@DF_INFRINV(1.0),NLD,A,MNT,EUR,AIR,Q,2018,109316395.6,E,,0,0,
OECD.ITF:DSD_INFRINV@DF_INFRINV(1.0),NLD,A,MNT,EUR,AIR,Q,2019,127118644.1,E,,0,0,
OECD.ITF:DSD_INFRINV@DF_INFRINV(1.0),NLD,A,MNT,EUR,MAR,Q,2019,166710104,E,,0,0,
OECD.ITF:DSD_INFRINV@DF_INFRINV(1.0),NLD,A,MNT,EUR,MAR,Q,2020,205721324.7,E,,0,0,
OECD.ITF:DSD_INFRINV@DF_INFRINV(1.0),NLD,A,MNT,EUR,AIR,Q,2020,121441916.7,E,,0,0,
OECD.ITF:DSD_INFRINV@DF_INFRINV(1.0),NLD,A,MNT,EUR,AIR,Q,2021,109665346.6,E,,0,0,
OECD.ITF:DSD_INFRINV@DF_INFRINV(1.0),NLD,A,MNT,EUR,MAR,Q,2021,151033987.6,E,,0,0,
OECD.ITF:DSD_INFRINV@DF_INFRINV(1.0),NLD,A,MNT,EUR,MAR,Q,2022,139378845.2,E,,0,0,
OECD.ITF:DSD_INFRINV@DF_INFRINV(1.0),NLD,A,MNT,EUR,AIR,Q,2022,111151165.6,E,,0,0,
OECD.ITF:DSD_INFRINV@DF_INFRINV(1.0),NLD,A,MNT,EUR,AIR,Q,2023,120936603,E,,0,0,
OECD.ITF:DSD_INFRINV@DF_INFRINV(1.0),NLD,A,MNT,EUR,MAR,Q,2023,139116588,E,,0,0,
OECD.ITF:DSD_INFRINV@DF_INFRINV(1.0),NLD,A,MNT,EUR,MAR,Q,2024,152599295.3,E,,0,0,
OECD.ITF:DSD_INFRINV@DF_INFRINV(1.0),NLD,A,MNT,EUR,AIR,Q,2024,128552862.1,E,,0,0,
OECD.ITF:DSD_INFRINV@DF_INFRINV(1.0),NLD,A,INV,EUR,AIR,Q,2009,120403622,E,,0,0,
OECD.ITF:DSD_INFRINV@DF_INFRINV(1.0),NLD,A,INV,EUR,MAR,Q,2009,519949767.6,E,,0,0,
OECD.ITF:DSD_INFRINV@DF_INFRINV(1.0),NLD,A,INV,EUR,MAR,Q,2010,566093532.2,E,,0,0,
OECD.ITF:DSD_INFRINV@DF_INFRINV(1.0),NLD,A,INV,EUR,AIR,Q,2010,166131553.4,E,,0,0,
OECD.ITF:DSD_INFRINV@DF_INFRINV(1.0),NLD,A,INV,EUR,AIR,Q,2011,161712800.5,E,,0,0,
OECD.ITF:DSD_INFRINV@DF_INFRINV(1.0),NLD,A,INV,EUR,MAR,Q,2011,547133365,E,,0,0,
OECD.ITF:DSD_INFRINV@DF_INFRINV(1.0),NLD,A,INV,EUR,MAR,Q,2012,668221585.8,E,,0,0,
OECD.ITF:DSD_INFRINV@DF_INFRINV(1.0),NLD,A,INV,EUR,AIR,Q,2012,187869662.3,E,,0,0,
OECD.ITF:DSD_INFRINV@DF_INFRINV(1.0),NLD,A,INV,EUR,TOT_INL,Q,2012,6548124436,E,,0,0,
OECD.ITF:DSD_INFRINV@DF_INFRINV(1.0),NLD,A,INV,EUR,TOT_INL,Q,2013,5891788982,E,,0,0,
OECD.ITF:DSD_INFRINV@DF_INFRINV(1.0),NLD,A,INV,EUR,AIR,Q,2013,127082883.6,E,,0,0,
OECD.ITF:DSD_INFRINV@DF_INFRINV(1.0),NLD,A,INV,EUR,MAR,Q,2013,276736472.3,E,,0,0,
OECD.ITF:DSD_INFRINV@DF_INFRINV(1.0),NLD,A,INV,EUR,MAR,Q,2014,172686152.7,E,,0,0,
OECD.ITF:DSD_INFRINV@DF_INFRINV(1.0),NLD,A,INV,EUR,AIR,Q,2014,298668550.5,E,,0,0,
OECD.ITF:DSD_INFRINV@DF_INFRINV(1.0),NLD,A,INV,EUR,TOT_INL,Q,2014,5979600256,E,,0,0,
OECD.ITF:DSD_INFRINV@DF_INFRINV(1.0),NLD,A,INV,EUR,TOT_INL,Q,2015,5600834954,E,,0,0,
OECD.ITF:DSD_INFRINV@DF_INFRINV(1.0),NLD,A,INV,EUR,AIR,Q,2015,146200000,E,,0,0,
OECD.ITF:DSD_INFRINV@DF_INFRINV(1.0),NLD,A,INV,EUR,MAR,Q,2015,238000000,E,,0,0,
OECD.ITF:DSD_INFRINV@DF_INFRINV(1.0),NLD,A,INV,EUR,MAR,Q,2016,213522414.8,E,,0,0,
OECD.ITF:DSD_INFRINV@DF_INFRINV(1.0),NLD,A,INV,EUR,AIR,Q,2016,252701763.6,E,,0,0,
OECD.ITF:DSD_INFRINV@DF_INFRINV(1.0),NLD,A,INV,EUR,TOT_INL,Q,2016,5145516796,E,,0,0,
OECD.ITF:DSD_INFRINV@DF_INFRINV(1.0),NLD,A,INV,EUR,TOT_INL,Q,2017,5907358358,E,,0,0,
OECD.ITF:DSD_INFRINV@DF_INFRINV(1.0),NLD,A,INV,EUR,AIR,Q,2017,362442727.2,E,,0,0,
OECD.ITF:DSD_INFRINV@DF_INFRINV(1.0),NLD,A,INV,EUR,MAR,Q,2017,285264895.8,E,,0,0,
OECD.ITF:DSD_INFRINV@DF_INFRINV(1.0),NLD,A,INV,EUR,MAR,Q,2018,508886669.1,E,,0,0,
OECD.ITF:DSD_INFRINV@DF_INFRINV(1.0),NLD,A,INV,EUR,AIR,Q,2018,377895470.9,E,,0,0,
OECD.ITF:DSD_INFRINV@DF_INFRINV(1.0),NLD,A,INV,EUR,TOT_INL,Q,2018,5719048153,E,,0,0,
OECD.ITF:DSD_INFRINV@DF_INFRINV(1.0),NLD,A,INV,EUR,TOT_INL,Q,2019,5769450231,E,,0,0,
OECD.ITF:DSD_INFRINV@DF_INFRINV(1.0),NLD,A,INV,EUR,AIR,Q,2019,551400147.4,E,,0,0,
OECD.ITF:DSD_INFRINV@DF_INFRINV(1.0),NLD,A,INV,EUR,MAR,Q,2019,419123065.6,E,,0,0,
OECD.ITF:DSD_INFRINV@DF_INFRINV(1.0),NLD,A,INV,EUR,MAR,Q,2020,312305381.5,E,,0,0,
OECD.ITF:DSD_INFRINV@DF_INFRINV(1.0),NLD,A,INV,EUR,AIR,Q,2020,532659266.6,E,,0,0,
OECD.ITF:DSD_INFRINV@DF_INFRINV(1.0),NLD,A,INV,EUR,TOT_INL,Q,2020,6080748265,E,,0,0,
OECD.ITF:DSD_INFRINV@DF_INFRINV(1.0),NLD,A,INV,EUR,TOT_INL,Q,2021,6032159891,E,,0,0,
OECD.ITF:DSD_INFRINV@DF_INFRINV(1.0),NLD,A,INV,EUR,AIR,Q,2021,224030636.7,E,,0,0,
OECD.ITF:DSD_INFRINV@DF_INFRINV(1.0),NLD,A,INV,EUR,MAR,Q,2021,267200487.4,E,,0,0,
OECD.ITF:DSD_INFRINV@DF_INFRINV(1.0),NLD,A,INV,EUR,MAR,Q,2022,303412641.2,E,,0,0,
OECD.ITF:DSD_INFRINV@DF_INFRINV(1.0),NLD,A,INV,EUR,AIR,Q,2022,189708002.9,E,,0,0,
OECD.ITF:DSD_INFRINV@DF_INFRINV(1.0),NLD,A,INV,EUR,TOT_INL,Q,2022,5154735216,E,,0,0,
OECD.ITF:DSD_INFRINV@DF_INFRINV(1.0),NLD,A,INV,EUR,TOT_INL,Q,2023,5794070619,E,,0,0,
OECD.ITF:DSD_INFRINV@DF_INFRINV(1.0),NLD,A,INV,EUR,AIR,Q,2023,365876936.1,E,,0,0,
OECD.ITF:DSD_INFRINV@DF_INFRINV(1.0),NLD,A,INV,EUR,MAR,Q,2023,277721583.5,E,,0,0,
OECD.ITF:DSD_INFRINV@DF_INFRINV(1.0),NLD,A,INV,EUR,MAR,Q,2024,260216897.4,E,,0,0,
OECD.ITF:DSD_INFRINV@DF_INFRINV(1.0),NLD,A,INV,EUR,AIR,Q,2024,380673278,E,,0,0,
OECD.ITF:DSD_INFRINV@DF_INFRINV(1.0),NLD,A,INV,EUR,TOT_INL,Q,2024,6627608588,E,,0,0,
OECD.ITF:DSD_INFRINV@DF_INFRINV(1.0),MKD,A,CV,EUR,TOT_INL,Q,1995,4190996616,E,,0,0,
OECD.ITF:DSD_INFRINV@DF_INFRINV(1.0),MKD,A,CV,EUR,TOT_INL,Q,1996,4253860093,E,,0,0,
OECD.ITF:DSD_INFRINV@DF_INFRINV(1.0),MKD,A,CV,EUR,TOT_INL,Q,1997,4221624495,E,,0,0,
OECD.ITF:DSD_INFRINV@DF_INFRINV(1.0),MKD,A,CV,EUR,TOT_INL,Q,1998,4346582049,E,,0,0,
OECD.ITF:DSD_INFRINV@DF_INFRINV(1.0),MKD,A,CV,EUR,TOT_INL,Q,1999,4296372455,E,,0,0,
OECD.ITF:DSD_INFRINV@DF_INFRINV(1.0),MKD,A,CV,EUR,TOT_INL,Q,2000,4228485972,E,,0,0,
OECD.ITF:DSD_INFRINV@DF_INFRINV(1.0),MKD,A,CV,EUR,TOT_INL,Q,2001,4022324485,E,,0,0,
OECD.ITF:DSD_INFRINV@DF_INFRINV(1.0),MKD,A,CV,EUR,TOT_INL,Q,2002,3948610584,E,,0,0,
OECD.ITF:DSD_INFRINV@DF_INFRINV(1.0),MKD,A,CV,EUR,TOT_INL,Q,2003,3896621811,E,,0,0,
OECD.ITF:DSD_INFRINV@DF_INFRINV(1.0),MKD,A,CV,EUR,TOT_INL,Q,2004,4095678060,E,,0,0,
OECD.ITF:DSD_INFRINV@DF_INFRINV(1.0),MKD,A,CV,EUR,TOT_INL,Q,2005,3885653131,E,,0,0,
OECD.ITF:DSD_INFRINV@DF_INFRINV(1.0),MKD,A,CV,EUR,TOT_INL,Q,2006,3816759513,E,,0,0,
OECD.ITF:DSD_INFRINV@DF_INFRINV(1.0),MKD,A,CV,EUR,TOT_INL,Q,2007,4030585188,E,,0,0,
OECD.ITF:DSD_INFRINV@DF_INFRINV(1.0),MKD,A,CV,EUR,TOT_INL,Q,2008,4302141228,E,,0,0,
OECD.ITF:DSD_INFRINV@DF_INFRINV(1.0),MKD,A,CV,EUR,TOT_INL,Q,2009,3847714667,E,,0,0,
OECD.ITF:DSD_INFRINV@DF_INFRINV(1.0),MKD,A,CV,EUR,TOT_INL,Q,2010,3875747551,E,,0,0,
OECD.ITF:DSD_INFRINV@DF_INFRINV(1.0),MKD,A,CV,EUR,TOT_INL,Q,2011,3759818722,E,,0,0,
OECD.ITF:DSD_INFRINV@DF_INFRINV(1.0),MKD,A,CV,EUR,TOT_INL,Q,2012,3701892663,E,,0,0,
OECD.ITF:DSD_INFRINV@DF_INFRINV(1.0),MKD,A,CV,EUR,TOT_INL,Q,2013,3565981667,E,,0,0,
OECD.ITF:DSD_INFRINV@DF_INFRINV(1.0),MKD,A,CV,EUR,TOT_INL,Q,2014,3549466420,E,,0,0,
OECD.ITF:DSD_INFRINV@DF_INFRINV(1.0),MKD,A,CV,EUR,TOT_INL,Q,2015,3464123686,E,,0,0,
OECD.ITF:DSD_INFRINV@DF_INFRINV(1.0),MKD,A,CV,EUR,TOT_INL,Q,2016,3347044821,E,,0,0,
OECD.ITF:DSD_INFRINV@DF_INFRINV(1.0),MKD,A,CV,EUR,TOT_INL,Q,2017,3411332638,E,,0,0,
OECD.ITF:DSD_INFRINV@DF_INFRINV(1.0),MKD,A,CV,EUR,TOT_INL,Q,2018,3486987752,E,,0,0,
OECD.ITF:DSD_INFRINV@DF_INFRINV(1.0),MKD,A,CV,EUR,TOT_INL,Q,2019,3628901563,E,,0,0,
OECD.ITF:DSD_INFRINV@DF_INFRINV(1.0),MKD,A,CV,EUR,TOT_INL,Q,2020,3637211591,E,,0,0,
OECD.ITF:DSD_INFRINV@DF_INFRINV(1.0),MKD,A,CV,EUR,TOT_INL,Q,2021,3970015312,E,,0,0,
OECD.ITF:DSD_INFRINV@DF_INFRINV(1.0),MKD,A,CV,EUR,TOT_INL,Q,2022,4455505753,E,,0,0,
OECD.ITF:DSD_INFRINV@DF_INFRINV(1.0),MKD,A,CV,EUR,TOT_INL,Q,2023,4723606914,E,,0,0,
OECD.ITF:DSD_INFRINV@DF_INFRINV(1.0),MKD,A,CV,EUR,TOT_INL,Q,2024,4305330083,E,,0,0,
OECD.ITF:DSD_INFRINV@DF_INFRINV(1.0),FIN,A,INV,EUR,TOT_INL,Q,1995,1197426843,E,,0,0,
OECD.ITF:DSD_INFRINV@DF_INFRINV(1.0),FIN,A,INV,EUR,TOT_INL,Q,1996,1090839053,E,,0,0,
OECD.ITF:DSD_INFRINV@DF_INFRINV(1.0),FIN,A,INV,EUR,TOT_INL,Q,1997,1131926844,E,,0,0,
OECD.ITF:DSD_INFRINV@DF_INFRINV(1.0),FIN,A,INV,EUR,TOT_INL,Q,1998,1173203164,E,,0,0,
OECD.ITF:DSD_INFRINV@DF_INFRINV(1.0),FIN,A,INV,EUR,TOT_INL,Q,1999,1200697501,E,,0,0,
OECD.ITF:DSD_INFRINV@DF_INFRINV(1.0),FIN,A,INV,EUR,TOT_INL,Q,2000,1115408416,E,,0,0,
OECD.ITF:DSD_INFRINV@DF_INFRINV(1.0),FIN,A,INV,EUR,TOT_INL,Q,2002,1109711831,E,,0,0,
OECD.ITF:DSD_INFRINV@DF_INFRINV(1.0),FIN,A,INV,EUR,TOT_INL,Q,2003,1174474749,E,,0,0,
OECD.ITF:DSD_INFRINV@DF_INFRINV(1.0),FIN,A,INV,EUR,TOT_INL,Q,2004,1303574679,E,,0,0,
OECD.ITF:DSD_INFRINV@DF_INFRINV(1.0),FIN,A,INV,EUR,TOT_INL,Q,2005,1168367483,E,,0,0,
OECD.ITF:DSD_INFRINV@DF_INFRINV(1.0),FIN,A,INV,EUR,TOT_INL,Q,2006,1116572149,E,,0,0,
OECD.ITF:DSD_INFRINV@DF_INFRINV(1.0),FIN,A,INV,EUR,TOT_INL,Q,2007,1224263998,E,,0,0,
OECD.ITF:DSD_INFRINV@DF_INFRINV(1.0),FIN,A,INV,EUR,TOT_INL,Q,2008,1451149105,E,,0,0,
OECD.ITF:DSD_INFRINV@DF_INFRINV(1.0),FIN,A,INV,EUR,TOT_INL,Q,2009,1461738844,E,,0,0,
OECD.ITF:DSD_INFRINV@DF_INFRINV(1.0),FIN,A,INV,EUR,TOT_INL,Q,2010,1418361128,E,,0,0,
OECD.ITF:DSD_INFRINV@DF_INFRINV(1.0),FIN,A,INV,EUR,TOT_INL,Q,2011,1387902586,E,,0,0,
OECD.ITF:DSD_INFRINV@DF_INFRINV(1.0),AUT,A,INV,EUR,AIR,Q,1996,148048683.9,E,,0,0,
OECD.ITF:DSD_INFRINV@DF_INFRINV(1.0),HUN,A,INV,EUR,TOT_INL,Q,2023,1354802774,E,,0,0,
OECD.ITF:DSD_INFRINV@DF_INFRINV(1.0),SVN,A,INV,EUR,AIR,Q,2017,965567.8505,E,,0,0,
OECD.ITF:DSD_INFRINV@DF_INFRINV(1.0),SVN,A,INV,EUR,AIR,Q,2018,940176.5652,E,,0,0,
OECD.ITF:DSD_INFRINV@DF_INFRINV(1.0),SVN,A,INV,EUR,AIR,Q,2020,900357.4419,E,,0,0,
OECD.ITF:DSD_INFRINV@DF_INFRINV(1.0),SWE,A,INV,EUR,TOT_INL,Q,1995,3530061167,E,,0,0,
OECD.ITF:DSD_INFRINV@DF_INFRINV(1.0),MLT,A,INV,EUR,MAR,Q,2007,9816914.544,E,,0,0,
OECD.ITF:DSD_INFRINV@DF_INFRINV(1.0),MLT,A,INV,EUR,MAR,Q,2008,8309493.002,E,,0,0,
OECD.ITF:DSD_INFRINV@DF_INFRINV(1.0),MLT,A,INV,EUR,MAR,Q,2009,15092937.67,E,,0,0,
OECD.ITF:DSD_INFRINV@DF_INFRINV(1.0),DEU,A,CV,EUR,TOT_INL,Q,2013,1055250000000,B,,0,0,
OECD.ITF:DSD_INFRINV@DF_INFRINV(1.0),CAN,A,MNT,EUR,MAR,Q,2011,266486201.9,B,,0,0,
OECD.ITF:DSD_INFRINV@DF_INFRINV(1.0),CAN,A,MNT,EUR,AIR,Q,2012,704249901.4,B,,0,0,
OECD.ITF:DSD_INFRINV@DF_INFRINV(1.0),CAN,A,MNT,EUR,MAR,Q,2017,1378006386,B,,0,0,
OECD.ITF:DSD_INFRINV@DF_INFRINV(1.0),FIN,A,MNT,EUR,MAR,Q,2006,110901071.2,B,,0,0,
OECD.ITF:DSD_INFRINV@DF_INFRINV(1.0),FIN,A,MNT,EUR,MAR,Q,2015,76000000,B,,0,0,
OECD.ITF:DSD_INFRINV@DF_INFRINV(1.0),PRT,A,MNT,EUR,AIR,Q,2010,9393199.324,B,,0,0,
OECD.ITF:DSD_INFRINV@DF_INFRINV(1.0),PRT,A,MNT,EUR,AIR,Q,2011,16742531.26,B,,0,0,
OECD.ITF:DSD_INFRINV@DF_INFRINV(1.0),SWE,A,MNT,EUR,AIR,Q,2010,29592787.6,B,,0,0,
OECD.ITF:DSD_INFRINV@DF_INFRINV(1.0),SRB,A,MNT,EUR,AIR,Q,2000,0,B,,0,0,
OECD.ITF:DSD_INFRINV@DF_INFRINV(1.0),BEL,A,INV,EUR,MAR,Q,2010,250987581.6,B,,0,0,
OECD.ITF:DSD_INFRINV@DF_INFRINV(1.0),BEL,A,INV,EUR,AIR,Q,2010,32737510.64,B,,0,0,
OECD.ITF:DSD_INFRINV@DF_INFRINV(1.0),CAN,A,INV,EUR,MAR,Q,2012,402532127,B,,0,0,
OECD.ITF:DSD_INFRINV@DF_INFRINV(1.0),CHL,A,INV,EUR,AIR,Q,2012,66861957.57,B,,0,0,
OECD.ITF:DSD_INFRINV@DF_INFRINV(1.0),EST,A,INV,EUR,MAR,Q,1998,39329257.39,B,,0,0,
OECD.ITF:DSD_INFRINV@DF_INFRINV(1.0),EST,A,INV,EUR,MAR,Q,2012,9167428.316,B,,0,0,
OECD.ITF:DSD_INFRINV@DF_INFRINV(1.0),FIN,A,INV,EUR,MAR,Q,2001,108689088.8,B,,0,0,
OECD.ITF:DSD_INFRINV@DF_INFRINV(1.0),FIN,A,INV,EUR,MAR,Q,2006,245746691.9,B,,0,0,
OECD.ITF:DSD_INFRINV@DF_INFRINV(1.0),FRA,A,INV,EUR,AIR,Q,2012,557143374,B,,0,0,
OECD.ITF:DSD_INFRINV@DF_INFRINV(1.0),JPN,A,INV,EUR,AIR,Q,2015,1390948447,B,,0,0,
OECD.ITF:DSD_INFRINV@DF_INFRINV(1.0),POL,A,INV,EUR,MAR,Q,2008,28209357.44,B,,0,0,
OECD.ITF:DSD_INFRINV@DF_INFRINV(1.0),PRT,A,INV,EUR,AIR,Q,1999,189790667.9,B,,0,0,
OECD.ITF:DSD_INFRINV@DF_INFRINV(1.0),PRT,A,INV,EUR,AIR,Q,2010,132548479.3,B,,0,0,
OECD.ITF:DSD_INFRINV@DF_INFRINV(1.0),PRT,A,INV,EUR,AIR,Q,2011,106733636.8,B,,0,0,
OECD.ITF:DSD_INFRINV@DF_INFRINV(1.0),PRT,A,INV,EUR,MAR,Q,2014,89509399.29,B,,0,0,
OECD.ITF:DSD_INFRINV@DF_INFRINV(1.0),SWE,A,INV,EUR,AIR,Q,2010,88308636.01,B,,0,0,
OECD.ITF:DSD_INFRINV@DF_INFRINV(1.0),GEO,A,INV,EUR,AIR,Q,2005,6328306.633,B,,0,0,
OECD.ITF:DSD_INFRINV@DF_INFRINV(1.0),GEO,A,INV,EUR,MAR,Q,2008,35129672.57,B,,0,0,
OECD.ITF:DSD_INFRINV@DF_INFRINV(1.0),SRB,A,INV,EUR,AIR,Q,2000,414962.6208,B,,0,0,
OECD.ITF:DSD_INFRINV@DF_INFRINV(1.0),BEL,A,INV,EUR,TOT_INL,Q,2005,1534328450,B,,0,0,
OECD.ITF:DSD_INFRINV@DF_INFRINV(1.0),BEL,A,INV,EUR,TOT_INL,Q,2010,2049877859,B,,0,0,
OECD.ITF:DSD_INFRINV@DF_INFRINV(1.0),BEL,A,INV,EUR,TOT_INL,Q,2014,1654887021,B,,0,0,
OECD.ITF:DSD_INFRINV@DF_INFRINV(1.0),BEL,A,INV,EUR,TOT_INL,Q,2015,2074993900,B,,0,0,
OECD.ITF:DSD_INFRINV@DF_INFRINV(1.0),CAN,A,INV,EUR,TOT_INL,Q,2014,6227888462,B,,0,0,
OECD.ITF:DSD_INFRINV@DF_INFRINV(1.0),EST,A,INV,EUR,TOT_INL,Q,2012,261546963.7,B,,0,0,
OECD.ITF:DSD_INFRINV@DF_INFRINV(1.0),DEU,A,INV,EUR,TOT_INL,Q,2005,18205838106,B,,0,0,
OECD.ITF:DSD_INFRINV@DF_INFRINV(1.0),DEU,A,INV,EUR,TOT_INL,Q,2013,18893359540,B,,0,0,
OECD.ITF:DSD_INFRINV@DF_INFRINV(1.0),HUN,A,INV,EUR,TOT_INL,Q,2010,1118830536,B,,0,0,
OECD.ITF:DSD_INFRINV@DF_INFRINV(1.0),ISL,A,INV,EUR,TOT_INL,Q,2011,49635006.17,B,,0,0,
OECD.ITF:DSD_INFRINV@DF_INFRINV(1.0),ITA,A,INV,EUR,TOT_INL,Q,2002,13401020357,B,,0,0,
OECD.ITF:DSD_INFRINV@DF_INFRINV(1.0),JPN,A,INV,EUR,TOT_INL,Q,2017,42307370536,B,,0,0,
OECD.ITF:DSD_INFRINV@DF_INFRINV(1.0),KOR,A,INV,EUR,TOT_INL,Q,2008,20784092237,B,,0,0,
OECD.ITF:DSD_INFRINV@DF_INFRINV(1.0),LVA,A,INV,EUR,TOT_INL,Q,2003,180873759.4,B,,0,0,
OECD.ITF:DSD_INFRINV@DF_INFRINV(1.0),POL,A,INV,EUR,TOT_INL,Q,1998,952718787.1,B,,0,0,
OECD.ITF:DSD_INFRINV@DF_INFRINV(1.0),POL,A,INV,EUR,TOT_INL,Q,2000,1656772469,B,,0,0,
OECD.ITF:DSD_INFRINV@DF_INFRINV(1.0),POL,A,INV,EUR,TOT_INL,Q,2004,2034960977,B,,0,0,
OECD.ITF:DSD_INFRINV@DF_INFRINV(1.0),POL,A,INV,EUR,TOT_INL,Q,2013,2786437632,B,,0,0,
OECD.ITF:DSD_INFRINV@DF_INFRINV(1.0),POL,A,INV,EUR,TOT_INL,Q,2014,1860330767,B,,0,0,
OECD.ITF:DSD_INFRINV@DF_INFRINV(1.0),POL,A,INV,EUR,TOT_INL,Q,2015,2511236492,B,,0,0,
OECD.ITF:DSD_INFRINV@DF_INFRINV(1.0),POL,A,INV,EUR,TOT_INL,Q,2019,3023735729,B,,0,0,
OECD.ITF:DSD_INFRINV@DF_INFRINV(1.0),PRT,A,INV,EUR,TOT_INL,Q,2000,1852808439,B,,0,0,
OECD.ITF:DSD_INFRINV@DF_INFRINV(1.0),PRT,A,INV,EUR,TOT_INL,Q,2002,2707088496,B,,0,0,
OECD.ITF:DSD_INFRINV@DF_INFRINV(1.0),PRT,A,INV,EUR,TOT_INL,Q,2009,1384228629,B,,0,0,
OECD.ITF:DSD_INFRINV@DF_INFRINV(1.0),SVK,A,INV,EUR,TOT_INL,Q,2003,430266850.9,B,,0,0,
OECD.ITF:DSD_INFRINV@DF_INFRINV(1.0),SVK,A,INV,EUR,TOT_INL,Q,2009,906497828.3,B,,0,0,
OECD.ITF:DSD_INFRINV@DF_INFRINV(1.0),SVN,A,INV,EUR,TOT_INL,Q,2015,521000000,B,,0,0,
OECD.ITF:DSD_INFRINV@DF_INFRINV(1.0),ESP,A,INV,EUR,TOT_INL,Q,2006,17589246311,B,,0,0,
OECD.ITF:DSD_INFRINV@DF_INFRINV(1.0),SWE,A,INV,EUR,TOT_INL,Q,2004,3427429268,B,,0,0,
OECD.ITF:DSD_INFRINV@DF_INFRINV(1.0),SWE,A,INV,EUR,TOT_INL,Q,2015,3491464001,B,,0,0,
OECD.ITF:DSD_INFRINV@DF_INFRINV(1.0),CHE,A,INV,EUR,TOT_INL,Q,2005,8257296996,B,,0,0,
OECD.ITF:DSD_INFRINV@DF_INFRINV(1.0),GBR,A,INV,EUR,TOT_INL,Q,2007,15140415868,B,,0,0,
OECD.ITF:DSD_INFRINV@DF_INFRINV(1.0),GBR,A,INV,EUR,TOT_INL,Q,2015,23733545455,B,,0,0,
OECD.ITF:DSD_INFRINV@DF_INFRINV(1.0),ALB,A,INV,EUR,TOT_INL,Q,1999,125178331.3,B,,0,0,
OECD.ITF:DSD_INFRINV@DF_INFRINV(1.0),HRV,A,INV,EUR,TOT_INL,Q,1998,560107538.3,B,,0,0,
OECD.ITF:DSD_INFRINV@DF_INFRINV(1.0),SRB,A,INV,EUR,TOT_INL,Q,2000,168682305.4,B,,0,0,
OECD.ITF:DSD_INFRINV@DF_INFRINV(1.0),CAN,A,MNT,EUR,MAR,Q,2019,1745087633,P,,0,0,
OECD.ITF:DSD_INFRINV@DF_INFRINV(1.0),CAN,A,INV,EUR,TOT_INL,Q,2019,8756529565,P,,0,0,
OECD.ITF:DSD_INFRINV@DF_INFRINV(1.0),DEU,A,INV,EUR,TOT_INL,Q,2023,20545174497,P,,0,0,
OECD.ITF:DSD_INFRINV@DF_INFRINV(1.0),GRC,A,INV,EUR,TOT_INL,Q,2023,1044058597,P,,0,0,
OECD.ITF:DSD_INFRINV@DF_INFRINV(1.0),GRC,A,INV,EUR,MAR,Q,2023,9463167.004,P,,0,0,
OECD.ITF:DSD_INFRINV@DF_INFRINV(1.0),GRC,A,INV,EUR,AIR,Q,2023,18735887.33,P,,0,0,
OECD.ITF:DSD_INFRINV@DF_INFRINV(1.0),USA,A,INV,EUR,TOT_INL,Q,2021,83161124893,P,,0,0,
OECD.ITF:DSD_INFRINV@DF_INFRINV(1.0),FRA,A,INV,EUR,AIR,Q,2024,589258187.7,P,,0,0,
OECD.ITF:DSD_INFRINV@DF_INFRINV(1.0),FRA,A,CV,EUR,MAR,Q,2024,8960437105,P,,0,0,
OECD.ITF:DSD_INFRINV@DF_INFRINV(1.0),FRA,A,INV,EUR,MAR,Q,2024,406421091.8,P,,0,0,
OECD.ITF:DSD_INFRINV@DF_INFRINV(1.0),FRA,A,CV,EUR,AIR,Q,2024,23988466629,P,,0,0,
OECD.ITF:DSD_INFRINV@DF_INFRINV(1.0),FRA,A,MNT,EUR,MAR,Q,2024,70236358.6,P,,0,0,
OECD.ITF:DSD_INFRINV@DF_INFRINV(1.0),FRA,A,INV,EUR,TOT_INL,Q,2024,19873746754,P,,0,0,
OECD.ITF:DSD_INFRINV@DF_INFRINV(1.0),FRA,A,CV,EUR,TOT_INL,Q,2024,554079000000,P,,0,0,
OECD.ITF:DSD_INFRINV@DF_INFRINV(1.0),DEU,A,INV,EUR,MAR,Q,2024,414336026.5,P,,0,0,
OECD.ITF:DSD_INFRINV@DF_INFRINV(1.0),DEU,A,CV,EUR,TOT_INL,Q,2024,1134690000000,P,,0,0,
OECD.ITF:DSD_INFRINV@DF_INFRINV(1.0),DEU,A,CV,EUR,MAR,Q,2024,32462000000,P,,0,0,
OECD.ITF:DSD_INFRINV@DF_INFRINV(1.0),DEU,A,INV,EUR,AIR,Q,2024,1145517250,P,,0,0,
OECD.ITF:DSD_INFRINV@DF_INFRINV(1.0),DEU,A,INV,EUR,TOT_INL,Q,2024,21198162298,P,,0,0,
OECD.ITF:DSD_INFRINV@DF_INFRINV(1.0),DEU,A,CV,EUR,AIR,Q,2024,37582000000,P,,0,0,
OECD.ITF:DSD_INFRINV@DF_INFRINV(1.0),GRC,A,INV,EUR,AIR,Q,2024,20291812.83,P,,0,0,
OECD.ITF:DSD_INFRINV@DF_INFRINV(1.0),GRC,A,INV,EUR,MAR,Q,2024,9543912.598,P,,0,0,
OECD.ITF:DSD_INFRINV@DF_INFRINV(1.0),GRC,A,INV,EUR,TOT_INL,Q,2024,980205098,P,,0,0,
OECD.ITF:DSD_INFRINV@DF_INFRINV(1.0),ESP,A,INV,EUR,MAR,Q,2024,1215148249,P,,0,0,
OECD.ITF:DSD_INFRINV@DF_INFRINV(1.0),ESP,A,INV,EUR,TOT_INL,Q,2024,7048412501,P,,0,0,
OECD.ITF:DSD_INFRINV@DF_INFRINV(1.0),SRB,A,MNT,EUR,AIR,Q,2024,15680.26595,P,,0,0,
OECD.ITF:DSD_INFRINV@DF_INFRINV(1.0),SRB,A,INV,EUR,AIR,Q,2024,8341901.483,P,,0,0,
OECD.ITF:DSD_INFRINV@DF_INFRINV(1.0),SRB,A,INV,EUR,TOT_INL,Q,2024,1207568641,P,,0,0,
OECD.ITF:DSD_INFRINV@DF_INFRINV(1.0),CHL,A,CV,EUR,AIR,Q,2007,790182493.3,P,,0,0,
OECD.ITF:DSD_INFRINV@DF_INFRINV(1.0),CHL,A,CV,EUR,AIR,Q,2008,1017124270,P,,0,0,
OECD.ITF:DSD_INFRINV@DF_INFRINV(1.0),CHL,A,CV,EUR,AIR,Q,2009,918756772.7,P,,0,0,
OECD.ITF:DSD_INFRINV@DF_INFRINV(1.0),CHL,A,CV,EUR,AIR,Q,2010,886318239.6,P,,0,0,
OECD.ITF:DSD_INFRINV@DF_INFRINV(1.0),CHL,A,CV,EUR,AIR,Q,2011,925517650,P,,0,0,
OECD.ITF:DSD_INFRINV@DF_INFRINV(1.0),CHL,A,CV,EUR,AIR,Q,2012,898766602.7,P,,0,0,
OECD.ITF:DSD_INFRINV@DF_INFRINV(1.0),CHL,A,CV,EUR,AIR,Q,2013,908429282.3,P,,0,0,
OECD.ITF:DSD_INFRINV@DF_INFRINV(1.0),CHL,A,CV,EUR,AIR,Q,2014,1035403733,P,,0,0,
OECD.ITF:DSD_INFRINV@DF_INFRINV(1.0),CHL,A,CV,EUR,AIR,Q,2015,1008012302,P,,0,0,
OECD.ITF:DSD_INFRINV@DF_INFRINV(1.0),CHL,A,CV,EUR,AIR,Q,2016,955182217,P,,0,0,
OECD.ITF:DSD_INFRINV@DF_INFRINV(1.0),CHL,A,INV,EUR,AIR,Q,2016,151265250.2,P,,0,0,
OECD.ITF:DSD_INFRINV@DF_INFRINV(1.0),CHL,A,INV,EUR,AIR,Q,2017,235887841.3,P,,0,0,
OECD.ITF:DSD_INFRINV@DF_INFRINV(1.0),CHL,A,CV,EUR,AIR,Q,2017,929587420.6,P,,0,0,
OECD.ITF:DSD_INFRINV@DF_INFRINV(1.0),CHL,A,CV,EUR,AIR,Q,2018,917531132.5,P,,0,0,
OECD.ITF:DSD_INFRINV@DF_INFRINV(1.0),CHL,A,INV,EUR,AIR,Q,2018,235623196.1,P,,0,0,
OECD.ITF:DSD_INFRINV@DF_INFRINV(1.0),CHL,A,INV,EUR,AIR,Q,2019,216601603.6,P,,0,0,
OECD.ITF:DSD_INFRINV@DF_INFRINV(1.0),CHL,A,CV,EUR,AIR,Q,2019,882977586.7,P,,0,0,
OECD.ITF:DSD_INFRINV@DF_INFRINV(1.0),CHL,A,MNT,EUR,AIR,Q,2020,44319961.23,P,,0,0,
OECD.ITF:DSD_INFRINV@DF_INFRINV(1.0),CHL,A,CV,EUR,AIR,Q,2020,759725438.8,P,,0,0,
OECD.ITF:DSD_INFRINV@DF_INFRINV(1.0),CHL,A,INV,EUR,AIR,Q,2020,443192553.4,P,,0,0,
OECD.ITF:DSD_INFRINV@DF_INFRINV(1.0),CHL,A,INV,EUR,AIR,Q,2021,74377881.7,P,,0,0,
OECD.ITF:DSD_INFRINV@DF_INFRINV(1.0),CHL,A,CV,EUR,AIR,Q,2021,702290240,P,,0,0,
OECD.ITF:DSD_INFRINV@DF_INFRINV(1.0),CHL,A,MNT,EUR,AIR,Q,2021,77797259.39,P,,0,0,
OECD.ITF:DSD_INFRINV@DF_INFRINV(1.0),CHL,A,MNT,EUR,AIR,Q,2022,91706537.45,P,,0,0,
OECD.ITF:DSD_INFRINV@DF_INFRINV(1.0),CHL,A,CV,EUR,AIR,Q,2022,655891881.7,P,,0,0,
OECD.ITF:DSD_INFRINV@DF_INFRINV(1.0),CHL,A,INV,EUR,AIR,Q,2022,46816165.65,P,,0,0,
OECD.ITF:DSD_INFRINV@DF_INFRINV(1.0),DEU,A,CV,EUR,MAR,Q,2005,28210000000,,,0,0,
OECD.ITF:DSD_INFRINV@DF_INFRINV(1.0),DEU,A,CV,EUR,MAR,Q,2006,28602000000,,,0,0,
OECD.ITF:DSD_INFRINV@DF_INFRINV(1.0),DEU,A,CV,EUR,MAR,Q,2007,29029000000,,,0,0,
OECD.ITF:DSD_INFRINV@DF_INFRINV(1.0),DEU,A,CV,EUR,MAR,Q,2008,29417000000,,,0,0,
OECD.ITF:DSD_INFRINV@DF_INFRINV(1.0),DEU,A,CV,EUR,MAR,Q,2009,29872000000,,,0,0,
OECD.ITF:DSD_INFRINV@DF_INFRINV(1.0),DEU,A,CV,EUR,MAR,Q,2010,30663000000,,,0,0,
OECD.ITF:DSD_INFRINV@DF_INFRINV(1.0),DEU,A,CV,EUR,MAR,Q,2011,31388000000,,,0,0,
OECD.ITF:DSD_INFRINV@DF_INFRINV(1.0),DEU,A,CV,EUR,MAR,Q,2012,32038000000,,,0,0,
OECD.ITF:DSD_INFRINV@DF_INFRINV(1.0),DEU,A,CV,EUR,MAR,Q,2013,32535000000,,,0,0,
OECD.ITF:DSD_INFRINV@DF_INFRINV(1.0),DEU,A,CV,EUR,MAR,Q,2014,32628000000,,,0,0,
OECD.ITF:DSD_INFRINV@DF_INFRINV(1.0),DEU,A,CV,EUR,MAR,Q,2015,32712000000,,,0,0,
OECD.ITF:DSD_INFRINV@DF_INFRINV(1.0),DEU,A,CV,EUR,MAR,Q,2016,32751000000,,,0,0,
OECD.ITF:DSD_INFRINV@DF_INFRINV(1.0),DEU,A,CV,EUR,MAR,Q,2017,32756000000,,,0,0,
OECD.ITF:DSD_INFRINV@DF_INFRINV(1.0),DEU,A,CV,EUR,MAR,Q,2018,32753000000,,,0,0,
OECD.ITF:DSD_INFRINV@DF_INFRINV(1.0),DEU,A,CV,EUR,MAR,Q,2019,32801000000,,,0,0,
OECD.ITF:DSD_INFRINV@DF_INFRINV(1.0),DEU,A,CV,EUR,MAR,Q,2020,32783000000,,,0,0,
OECD.ITF:DSD_INFRINV@DF_INFRINV(1.0),DEU,A,CV,EUR,MAR,Q,2021,32707000000,,,0,0,
OECD.ITF:DSD_INFRINV@DF_INFRINV(1.0),DEU,A,CV,EUR,MAR,Q,2022,32586000000,,,0,0,
OECD.ITF:DSD_INFRINV@DF_INFRINV(1.0),DEU,A,CV,EUR,MAR,Q,2023,32474000000,,,0,0,
OECD.ITF:DSD_INFRINV@DF_INFRINV(1.0),ALB,A,CV,EUR,MAR,Q,2005,90586281.92,,,0,0,
OECD.ITF:DSD_INFRINV@DF_INFRINV(1.0),ALB,A,CV,EUR,MAR,Q,2006,88764150.29,,,0,0,
OECD.ITF:DSD_INFRINV@DF_INFRINV(1.0),ALB,A,CV,EUR,MAR,Q,2007,82979121.76,,,0,0,
OECD.ITF:DSD_INFRINV@DF_INFRINV(1.0),ALB,A,CV,EUR,MAR,Q,2008,85038396.51,,,0,0,
OECD.ITF:DSD_INFRINV@DF_INFRINV(1.0),ALB,A,CV,EUR,MAR,Q,2009,82933897.33,,,0,0,
OECD.ITF:DSD_INFRINV@DF_INFRINV(1.0),ALB,A,CV,EUR,MAR,Q,2010,86730286.53,,,0,0,
OECD.ITF:DSD_INFRINV@DF_INFRINV(1.0),ALB,A,CV,EUR,MAR,Q,2011,95287580.42,,,0,0,
OECD.ITF:DSD_INFRINV@DF_INFRINV(1.0),ALB,A,CV,EUR,MAR,Q,2012,103636222.3,,,0,0,
OECD.ITF:DSD_INFRINV@DF_INFRINV(1.0),ALB,A,CV,EUR,MAR,Q,2013,101934248.8,,,0,0,
OECD.ITF:DSD_INFRINV@DF_INFRINV(1.0),ALB,A,CV,EUR,MAR,Q,2014,98608455.88,,,0,0,
OECD.ITF:DSD_INFRINV@DF_INFRINV(1.0),ALB,A,CV,EUR,MAR,Q,2015,99757067.17,,,0,0,
OECD.ITF:DSD_INFRINV@DF_INFRINV(1.0),ALB,A,CV,EUR,MAR,Q,2016,97261915.15,,,0,0,
OECD.ITF:DSD_INFRINV@DF_INFRINV(1.0),ALB,A,CV,EUR,MAR,Q,2017,95392147.62,,,0,0,
OECD.ITF:DSD_INFRINV@DF_INFRINV(1.0),ALB,A,CV,EUR,MAR,Q,2018,89681866.85,,,0,0,
OECD.ITF:DSD_INFRINV@DF_INFRINV(1.0),ALB,A,CV,EUR,MAR,Q,2019,88579555.12,,,0,0,
OECD.ITF:DSD_INFRINV@DF_INFRINV(1.0),ALB,A,CV,EUR,MAR,Q,2020,105861002.8,,,0,0,
OECD.ITF:DSD_INFRINV@DF_INFRINV(1.0),ALB,A,CV,EUR,MAR,Q,2021,76559574.59,,,0,0,
OECD.ITF:DSD_INFRINV@DF_INFRINV(1.0),ALB,A,CV,EUR,MAR,Q,2022,77161404.08,,,0,0,
OECD.ITF:DSD_INFRINV@DF_INFRINV(1.0),ALB,A,CV,EUR,MAR,Q,2023,74416220.11,,,0,0,
OECD.ITF:DSD_INFRINV@DF_INFRINV(1.0),ALB,A,CV,EUR,MAR,Q,2024,69499233.24,,,0,0,
OECD.ITF:DSD_INFRINV@DF_INFRINV(1.0),DEU,A,CV,EUR,AIR,Q,2005,31035000000,,,0,0,
OECD.ITF:DSD_INFRINV@DF_INFRINV(1.0),DEU,A,CV,EUR,AIR,Q,2006,30939000000,,,0,0,
OECD.ITF:DSD_INFRINV@DF_INFRINV(1.0),DEU,A,CV,EUR,AIR,Q,2007,31976000000,,,0,0,
OECD.ITF:DSD_INFRINV@DF_INFRINV(1.0),DEU,A,CV,EUR,AIR,Q,2008,32340000000,,,0,0,
OECD.ITF:DSD_INFRINV@DF_INFRINV(1.0),DEU,A,CV,EUR,AIR,Q,2009,33147000000,,,0,0,
OECD.ITF:DSD_INFRINV@DF_INFRINV(1.0),DEU,A,CV,EUR,AIR,Q,2010,33911000000,,,0,0,
OECD.ITF:DSD_INFRINV@DF_INFRINV(1.0),DEU,A,CV,EUR,AIR,Q,2011,35028000000,,,0,0,
OECD.ITF:DSD_INFRINV@DF_INFRINV(1.0),DEU,A,CV,EUR,AIR,Q,2012,35588000000,,,0,0,
OECD.ITF:DSD_INFRINV@DF_INFRINV(1.0),DEU,A,CV,EUR,AIR,Q,2013,35569000000,,,0,0,
OECD.ITF:DSD_INFRINV@DF_INFRINV(1.0),DEU,A,CV,EUR,AIR,Q,2014,35363000000,,,0,0,
OECD.ITF:DSD_INFRINV@DF_INFRINV(1.0),DEU,A,CV,EUR,AIR,Q,2015,35248000000,,,0,0,
OECD.ITF:DSD_INFRINV@DF_INFRINV(1.0),DEU,A,CV,EUR,AIR,Q,2016,35178000000,,,0,0,
OECD.ITF:DSD_INFRINV@DF_INFRINV(1.0),DEU,A,CV,EUR,AIR,Q,2017,35317000000,,,0,0,
OECD.ITF:DSD_INFRINV@DF_INFRINV(1.0),DEU,A,CV,EUR,AIR,Q,2018,35683000000,,,0,0,
OECD.ITF:DSD_INFRINV@DF_INFRINV(1.0),DEU,A,CV,EUR,AIR,Q,2019,36572000000,,,0,0,
OECD.ITF:DSD_INFRINV@DF_INFRINV(1.0),DEU,A,CV,EUR,AIR,Q,2020,37478000000,,,0,0,
OECD.ITF:DSD_INFRINV@DF_INFRINV(1.0),DEU,A,CV,EUR,AIR,Q,2021,37638000000,,,0,0,
OECD.ITF:DSD_INFRINV@DF_INFRINV(1.0),DEU,A,CV,EUR,AIR,Q,2022,37459000000,,,0,0,
OECD.ITF:DSD_INFRINV@DF_INFRINV(1.0),DEU,A,CV,EUR,AIR,Q,2023,37369000000,,,0,0,
OECD.ITF:DSD_INFRINV@DF_INFRINV(1.0),IRL,A,CV,EUR,AIR,Q,2012,31233407.25,,,0,0,
OECD.ITF:DSD_INFRINV@DF_INFRINV(1.0),IRL,A,CV,EUR,AIR,Q,2013,29793398.19,,,0,0,
OECD.ITF:DSD_INFRINV@DF_INFRINV(1.0),IRL,A,CV,EUR,AIR,Q,2014,30390826.02,,,0,0,
OECD.ITF:DSD_INFRINV@DF_INFRINV(1.0),IRL,A,CV,EUR,AIR,Q,2015,29000000,,,0,0,
OECD.ITF:DSD_INFRINV@DF_INFRINV(1.0),IRL,A,CV,EUR,AIR,Q,2016,29761904.76,,,0,0,
OECD.ITF:DSD_INFRINV@DF_INFRINV(1.0),IRL,A,CV,EUR,AIR,Q,2017,30009680.54,,,0,0,
OECD.ITF:DSD_INFRINV@DF_INFRINV(1.0),IRL,A,CV,EUR,AIR,Q,2018,37428023.03,,,0,0,
OECD.ITF:DSD_INFRINV@DF_INFRINV(1.0),IRL,A,CV,EUR,AIR,Q,2019,35882908.4,,,0,0,
OECD.ITF:DSD_INFRINV@DF_INFRINV(1.0),IRL,A,CV,EUR,AIR,Q,2020,80979284.37,,,0,0,
OECD.ITF:DSD_INFRINV@DF_INFRINV(1.0),IRL,A,CV,EUR,AIR,Q,2021,99739809.19,,,0,0,
OECD.ITF:DSD_INFRINV@DF_INFRINV(1.0),IRL,A,CV,EUR,AIR,Q,2022,85696133.33,,,0,0,
OECD.ITF:DSD_INFRINV@DF_INFRINV(1.0),IRL,A,CV,EUR,AIR,Q,2023,84934779.76,,,0,0,
OECD.ITF:DSD_INFRINV@DF_INFRINV(1.0),IRL,A,CV,EUR,AIR,Q,2024,98431971.81,,,0,0,
OECD.ITF:DSD_INFRINV@DF_INFRINV(1.0),KOR,A,CV,EUR,AIR,Q,2013,5711573363,,,0,0,
OECD.ITF:DSD_INFRINV@DF_INFRINV(1.0),KOR,A,CV,EUR,AIR,Q,2014,5805613932,,,0,0,
OECD.ITF:DSD_INFRINV@DF_INFRINV(1.0),KOR,A,CV,EUR,AIR,Q,2015,6016853874,,,0,0,
OECD.ITF:DSD_INFRINV@DF_INFRINV(1.0),KOR,A,CV,EUR,AIR,Q,2016,4695624282,,,0,0,
OECD.ITF:DSD_INFRINV@DF_INFRINV(1.0),KOR,A,CV,EUR,AIR,Q,2017,4596554813,,,0,0,
OECD.ITF:DSD_INFRINV@DF_INFRINV(1.0),KOR,A,CV,EUR,AIR,Q,2018,4785355437,,,0,0,
OECD.ITF:DSD_INFRINV@DF_INFRINV(1.0),KOR,A,CV,EUR,AIR,Q,2019,4859980789,,,0,0,
OECD.ITF:DSD_INFRINV@DF_INFRINV(1.0),IND,A,CV,EUR,AIR,Q,2011,1325553677,,,0,0,
OECD.ITF:DSD_INFRINV@DF_INFRINV(1.0),IND,A,CV,EUR,AIR,Q,2012,886980823.9,,,0,0,
OECD.ITF:DSD_INFRINV@DF_INFRINV(1.0),IND,A,CV,EUR,AIR,Q,2013,806095402.9,,,0,0,
OECD.ITF:DSD_INFRINV@DF_INFRINV(1.0),IND,A,CV,EUR,AIR,Q,2014,1018226214,,,0,0,
OECD.ITF:DSD_INFRINV@DF_INFRINV(1.0),IND,A,CV,EUR,AIR,Q,2015,200881421.3,,,0,0,
OECD.ITF:DSD_INFRINV@DF_INFRINV(1.0),IND,A,CV,EUR,AIR,Q,2016,1226012178,,,0,0,
OECD.ITF:DSD_INFRINV@DF_INFRINV(1.0),MDA,A,CV,EUR,AIR,Q,2014,10531822.23,,,0,0,
OECD.ITF:DSD_INFRINV@DF_INFRINV(1.0),MDA,A,CV,EUR,AIR,Q,2015,14278663.94,,,0,0,
OECD.ITF:DSD_INFRINV@DF_INFRINV(1.0),MDA,A,CV,EUR,AIR,Q,2016,19526727.33,,,0,0,
OECD.ITF:DSD_INFRINV@DF_INFRINV(1.0),MDA,A,CV,EUR,AIR,Q,2017,24735931.33,,,0,0,
OECD.ITF:DSD_INFRINV@DF_INFRINV(1.0),MDA,A,CV,EUR,AIR,Q,2018,24979013.33,,,0,0,
OECD.ITF:DSD_INFRINV@DF_INFRINV(1.0),MDA,A,CV,EUR,AIR,Q,2019,25552306.18,,,0,0,
OECD.ITF:DSD_INFRINV@DF_INFRINV(1.0),MDA,A,CV,EUR,AIR,Q,2020,24999779.58,,,0,0,
OECD.ITF:DSD_INFRINV@DF_INFRINV(1.0),MDA,A,CV,EUR,AIR,Q,2023,31893945.44,,,0,0,
OECD.ITF:DSD_INFRINV@DF_INFRINV(1.0),MDA,A,CV,EUR,AIR,Q,2024,35539143.94,,,0,0,
OECD.ITF:DSD_INFRINV@DF_INFRINV(1.0),BGR,A,CV,EUR,AIR,Q,2007,6226781.678,,,0,0,
OECD.ITF:DSD_INFRINV@DF_INFRINV(1.0),BGR,A,CV,EUR,AIR,Q,2008,10557958.93,,,0,0,
OECD.ITF:DSD_INFRINV@DF_INFRINV(1.0),BGR,A,CV,EUR,AIR,Q,2009,11917442.24,,,0,0,
OECD.ITF:DSD_INFRINV@DF_INFRINV(1.0),BGR,A,CV,EUR,AIR,Q,2010,18959067.7,,,0,0,
OECD.ITF:DSD_INFRINV@DF_INFRINV(1.0),BGR,A,CV,EUR,AIR,Q,2011,55007757.34,,,0,0,
OECD.ITF:DSD_INFRINV@DF_INFRINV(1.0),BGR,A,CV,EUR,AIR,Q,2012,81167052.35,,,0,0,
OECD.ITF:DSD_INFRINV@DF_INFRINV(1.0),BGR,A,CV,EUR,AIR,Q,2013,120133280.7,,,0,0,
OECD.ITF:DSD_INFRINV@DF_INFRINV(1.0),BGR,A,CV,EUR,AIR,Q,2014,117396311.5,,,0,0,
OECD.ITF:DSD_INFRINV@DF_INFRINV(1.0),BGR,A,CV,EUR,AIR,Q,2015,113508538.7,,,0,0,
OECD.ITF:DSD_INFRINV@DF_INFRINV(1.0),BGR,A,CV,EUR,MAR,Q,2016,31487413.1,,,0,0,
OECD.ITF:DSD_INFRINV@DF_INFRINV(1.0),BGR,A,CV,EUR,AIR,Q,2016,284910302.4,,,0,0,
OECD.ITF:DSD_INFRINV@DF_INFRINV(1.0),BGR,A,CV,EUR,AIR,Q,2017,305998498.4,,,0,0,
OECD.ITF:DSD_INFRINV@DF_INFRINV(1.0),BGR,A,CV,EUR,MAR,Q,2017,34660024.09,,,0,0,
OECD.ITF:DSD_INFRINV@DF_INFRINV(1.0),BGR,A,CV,EUR,MAR,Q,2018,40474943.51,,,0,0,
OECD.ITF:DSD_INFRINV@DF_INFRINV(1.0),BGR,A,CV,EUR,AIR,Q,2018,139253079.5,,,0,0,
OECD.ITF:DSD_INFRINV@DF_INFRINV(1.0),BGR,A,CV,EUR,AIR,Q,2019,134952239.1,,,0,0,
OECD.ITF:DSD_INFRINV@DF_INFRINV(1.0),BGR,A,CV,EUR,MAR,Q,2019,52608499.97,,,0,0,
OECD.ITF:DSD_INFRINV@DF_INFRINV(1.0),BGR,A,CV,EUR,MAR,Q,2020,52420778.04,,,0,0,
OECD.ITF:DSD_INFRINV@DF_INFRINV(1.0),BGR,A,CV,EUR,AIR,Q,2020,135756373.9,,,0,0,
OECD.ITF:DSD_INFRINV@DF_INFRINV(1.0),BGR,A,CV,EUR,AIR,Q,2021,195934190.1,,,0,0,
OECD.ITF:DSD_INFRINV@DF_INFRINV(1.0),BGR,A,CV,EUR,MAR,Q,2021,47877142.97,,,0,0,
OECD.ITF:DSD_INFRINV@DF_INFRINV(1.0),BGR,A,CV,EUR,MAR,Q,2022,29866548.27,,,0,0,
OECD.ITF:DSD_INFRINV@DF_INFRINV(1.0),BGR,A,CV,EUR,AIR,Q,2022,77393316.4,,,0,0,
OECD.ITF:DSD_INFRINV@DF_INFRINV(1.0),BGR,A,CV,EUR,AIR,Q,2023,106558007.8,,,0,0,
OECD.ITF:DSD_INFRINV@DF_INFRINV(1.0),BGR,A,CV,EUR,MAR,Q,2023,14967267.35,,,0,0,
OECD.ITF:DSD_INFRINV@DF_INFRINV(1.0),BGR,A,CV,EUR,MAR,Q,2024,200229983.6,,,0,0,
OECD.ITF:DSD_INFRINV@DF_INFRINV(1.0),BGR,A,CV,EUR,AIR,Q,2024,61014286.86,,,0,0,
OECD.ITF:DSD_INFRINV@DF_INFRINV(1.0),NZL,A,CV,EUR,AIR,Q,2009,3022715574,,,0,0,
OECD.ITF:DSD_INFRINV@DF_INFRINV(1.0),NZL,A,CV,EUR,AIR,Q,2010,3044852962,,,0,0,
OECD.ITF:DSD_INFRINV@DF_INFRINV(1.0),NZL,A,CV,EUR,AIR,Q,2011,3349089633,,,0,0,
OECD.ITF:DSD_INFRINV@DF_INFRINV(1.0),NZL,A,CV,EUR,AIR,Q,2012,3255822338,,,0,0,
OECD.ITF:DSD_INFRINV@DF_INFRINV(1.0),NZL,A,CV,EUR,MAR,Q,2012,1849627149,,,0,0,
OECD.ITF:DSD_INFRINV@DF_INFRINV(1.0),NZL,A,CV,EUR,MAR,Q,2013,1885096879,,,0,0,
OECD.ITF:DSD_INFRINV@DF_INFRINV(1.0),NZL,A,CV,EUR,AIR,Q,2013,3186742097,,,0,0,
OECD.ITF:DSD_INFRINV@DF_INFRINV(1.0),NZL,A,CV,EUR,AIR,Q,2014,3679502543,,,0,0,
OECD.ITF:DSD_INFRINV@DF_INFRINV(1.0),NZL,A,CV,EUR,MAR,Q,2014,1911946996,,,0,0,
OECD.ITF:DSD_INFRINV@DF_INFRINV(1.0),NZL,A,CV,EUR,MAR,Q,2015,2001412404,,,0,0,
OECD.ITF:DSD_INFRINV@DF_INFRINV(1.0),NZL,A,CV,EUR,AIR,Q,2015,3661072992,,,0,0,
OECD.ITF:DSD_INFRINV@DF_INFRINV(1.0),NZL,A,CV,EUR,AIR,Q,2016,4245522082,,,0,0,
OECD.ITF:DSD_INFRINV@DF_INFRINV(1.0),NZL,A,CV,EUR,MAR,Q,2016,2107724100,,,0,0,
OECD.ITF:DSD_INFRINV@DF_INFRINV(1.0),NZL,A,CV,EUR,MAR,Q,2017,2240739311,,,0,0,
OECD.ITF:DSD_INFRINV@DF_INFRINV(1.0),NZL,A,CV,EUR,AIR,Q,2017,4330980858,,,0,0,
OECD.ITF:DSD_INFRINV@DF_INFRINV(1.0),NZL,A,CV,EUR,AIR,Q,2018,5360277053,,,0,0,
OECD.ITF:DSD_INFRINV@DF_INFRINV(1.0),NZL,A,CV,EUR,MAR,Q,2018,2480833480,,,0,0,
OECD.ITF:DSD_INFRINV@DF_INFRINV(1.0),NZL,A,CV,EUR,MAR,Q,2019,2654904933,,,0,0,
OECD.ITF:DSD_INFRINV@DF_INFRINV(1.0),NZL,A,CV,EUR,AIR,Q,2019,5417968282,,,0,0,
OECD.ITF:DSD_INFRINV@DF_INFRINV(1.0),NZL,A,CV,EUR,MAR,Q,2024,2480704517,,,0,0,
OECD.ITF:DSD_INFRINV@DF_INFRINV(1.0),LTU,A,CV,EUR,AIR,Q,2015,19000000,,,0,0,
OECD.ITF:DSD_INFRINV@DF_INFRINV(1.0),LTU,A,CV,EUR,MAR,Q,2015,430000000,,,0,0,
OECD.ITF:DSD_INFRINV@DF_INFRINV(1.0),LTU,A,CV,EUR,MAR,Q,2016,422668427,,,0,0,
OECD.ITF:DSD_INFRINV@DF_INFRINV(1.0),LTU,A,CV,EUR,AIR,Q,2016,19704821.77,,,0,0,
OECD.ITF:DSD_INFRINV@DF_INFRINV(1.0),LTU,A,CV,EUR,AIR,Q,2017,20081665.44,,,0,0,
OECD.ITF:DSD_INFRINV@DF_INFRINV(1.0),LTU,A,CV,EUR,MAR,Q,2017,424583783.6,,,0,0,
OECD.ITF:DSD_INFRINV@DF_INFRINV(1.0),LTU,A,CV,EUR,MAR,Q,2018,431250813.2,,,0,0,
OECD.ITF:DSD_INFRINV@DF_INFRINV(1.0),LTU,A,CV,EUR,AIR,Q,2018,19517816.98,,,0,0,
OECD.ITF:DSD_INFRINV@DF_INFRINV(1.0),LTU,A,CV,EUR,AIR,Q,2019,23161758.16,,,0,0,
OECD.ITF:DSD_INFRINV@DF_INFRINV(1.0),LTU,A,CV,EUR,MAR,Q,2019,471252694.8,,,0,0,
OECD.ITF:DSD_INFRINV@DF_INFRINV(1.0),LTU,A,CV,EUR,MAR,Q,2020,493753404.4,,,0,0,
OECD.ITF:DSD_INFRINV@DF_INFRINV(1.0),LTU,A,CV,EUR,AIR,Q,2020,22842684.19,,,0,0,
OECD.ITF:DSD_INFRINV@DF_INFRINV(1.0),LTU,A,CV,EUR,AIR,Q,2021,22343040.14,,,0,0,
OECD.ITF:DSD_INFRINV@DF_INFRINV(1.0),LTU,A,CV,EUR,MAR,Q,2021,482194589.6,,,0,0,
OECD.ITF:DSD_INFRINV@DF_INFRINV(1.0),LTU,A,CV,EUR,MAR,Q,2022,441531948.2,,,0,0,
OECD.ITF:DSD_INFRINV@DF_INFRINV(1.0),LTU,A,CV,EUR,AIR,Q,2022,19561542.01,,,0,0,
OECD.ITF:DSD_INFRINV@DF_INFRINV(1.0),LTU,A,CV,EUR,AIR,Q,2023,103117474.1,,,0,0,
OECD.ITF:DSD_INFRINV@DF_INFRINV(1.0),LTU,A,CV,EUR,MAR,Q,2023,473114001.9,,,0,0,
OECD.ITF:DSD_INFRINV@DF_INFRINV(1.0),LTU,A,CV,EUR,MAR,Q,2024,472905633.8,,,0,0,
OECD.ITF:DSD_INFRINV@DF_INFRINV(1.0),LTU,A,CV,EUR,AIR,Q,2024,107478553.1,,,0,0,
OECD.ITF:DSD_INFRINV@DF_INFRINV(1.0),USA,A,CV,EUR,AIR,Q,1995,198132000000,,,0,0,
OECD.ITF:DSD_INFRINV@DF_INFRINV(1.0),USA,A,CV,EUR,AIR,Q,1996,209329000000,,,0,0,
OECD.ITF:DSD_INFRINV@DF_INFRINV(1.0),USA,A,CV,EUR,AIR,Q,1997,225727000000,,,0,0,
OECD.ITF:DSD_INFRINV@DF_INFRINV(1.0),USA,A,CV,EUR,AIR,Q,1998,251499000000,,,0,0,
OECD.ITF:DSD_INFRINV@DF_INFRINV(1.0),USA,A,CV,EUR,AIR,Q,1999,265588000000,,,0,0,
OECD.ITF:DSD_INFRINV@DF_INFRINV(1.0),USA,A,CV,EUR,AIR,Q,2000,274199000000,,,0,0,
OECD.ITF:DSD_INFRINV@DF_INFRINV(1.0),USA,A,CV,EUR,AIR,Q,2001,296237000000,,,0,0,
OECD.ITF:DSD_INFRINV@DF_INFRINV(1.0),USA,A,CV,EUR,AIR,Q,2002,300577000000,,,0,0,
OECD.ITF:DSD_INFRINV@DF_INFRINV(1.0),USA,A,CV,EUR,AIR,Q,2003,290460000000,,,0,0,
OECD.ITF:DSD_INFRINV@DF_INFRINV(1.0),USA,A,CV,EUR,AIR,Q,2004,278671000000,,,0,0,
OECD.ITF:DSD_INFRINV@DF_INFRINV(1.0),USA,A,CV,EUR,AIR,Q,2005,250817000000,,,0,0,
OECD.ITF:DSD_INFRINV@DF_INFRINV(1.0),USA,A,CV,EUR,AIR,Q,2006,230550000000,,,0,0,
OECD.ITF:DSD_INFRINV@DF_INFRINV(1.0),USA,A,CV,EUR,AIR,Q,2007,223825000000,,,0,0,
OECD.ITF:DSD_INFRINV@DF_INFRINV(1.0),USA,A,CV,EUR,AIR,Q,2008,208477000000,,,0,0,
OECD.ITF:DSD_INFRINV@DF_INFRINV(1.0),USA,A,CV,EUR,AIR,Q,2009,216680000000,,,0,0,
OECD.ITF:DSD_INFRINV@DF_INFRINV(1.0),USA,A,CV,EUR,AIR,Q,2010,206722000000,,,0,0,
OECD.ITF:DSD_INFRINV@DF_INFRINV(1.0),USA,A,CV,EUR,AIR,Q,2011,195384000000,,,0,0,
OECD.ITF:DSD_INFRINV@DF_INFRINV(1.0),USA,A,CV,EUR,AIR,Q,2012,194068000000,,,0,0,
OECD.ITF:DSD_INFRINV@DF_INFRINV(1.0),USA,A,CV,EUR,AIR,Q,2013,199488000000,,,0,0,
OECD.ITF:DSD_INFRINV@DF_INFRINV(1.0),USA,A,CV,EUR,AIR,Q,2014,206411000000,,,0,0,
OECD.ITF:DSD_INFRINV@DF_INFRINV(1.0),USA,A,CV,EUR,AIR,Q,2015,225177000000,,,0,0,
OECD.ITF:DSD_INFRINV@DF_INFRINV(1.0),USA,A,CV,EUR,AIR,Q,2016,238507000000,,,0,0,
OECD.ITF:DSD_INFRINV@DF_INFRINV(1.0),USA,A,CV,EUR,AIR,Q,2017,243148000000,,,0,0,
OECD.ITF:DSD_INFRINV@DF_INFRINV(1.0),USA,A,CV,EUR,AIR,Q,2018,241480000000,,,0,0,
OECD.ITF:DSD_INFRINV@DF_INFRINV(1.0),USA,A,CV,EUR,AIR,Q,2019,244284000000,,,0,0,
OECD.ITF:DSD_INFRINV@DF_INFRINV(1.0),USA,A,CV,EUR,AIR,Q,2020,252909000000,,,0,0,
OECD.ITF:DSD_INFRINV@DF_INFRINV(1.0),USA,A,CV,EUR,AIR,Q,2021,221636000000,,,0,0,
OECD.ITF:DSD_INFRINV@DF_INFRINV(1.0),USA,A,CV,EUR,AIR,Q,2022,201174000000,,,0,0,
OECD.ITF:DSD_INFRINV@DF_INFRINV(1.0),SWE,A,CV,EUR,TOT_INL,Q,1995,54048994990,,,0,0,
OECD.ITF:DSD_INFRINV@DF_INFRINV(1.0),SWE,A,CV,EUR,TOT_INL,Q,1996,58539612696,,,0,0,
OECD.ITF:DSD_INFRINV@DF_INFRINV(1.0),SWE,A,CV,EUR,TOT_INL,Q,1997,61200753762,,,0,0,
OECD.ITF:DSD_INFRINV@DF_INFRINV(1.0),SWE,A,CV,EUR,TOT_INL,Q,1998,61403985791,,,0,0,
OECD.ITF:DSD_INFRINV@DF_INFRINV(1.0),SWE,A,CV,EUR,TOT_INL,Q,1999,63306533359,,,0,0,
OECD.ITF:DSD_INFRINV@DF_INFRINV(1.0),SWE,A,CV,EUR,TOT_INL,Q,2000,65047797239,,,0,0,
OECD.ITF:DSD_INFRINV@DF_INFRINV(1.0),SWE,A,CV,EUR,TOT_INL,Q,2001,65610214803,,,0,0,
OECD.ITF:DSD_INFRINV@DF_INFRINV(1.0),SWE,A,CV,EUR,TOT_INL,Q,2002,65923179333,,,0,0,
OECD.ITF:DSD_INFRINV@DF_INFRINV(1.0),SWE,A,CV,EUR,TOT_INL,Q,2003,67938543948,,,0,0,
OECD.ITF:DSD_INFRINV@DF_INFRINV(1.0),SWE,A,CV,EUR,TOT_INL,Q,2004,69778452532,,,0,0,
OECD.ITF:DSD_INFRINV@DF_INFRINV(1.0),SWE,A,CV,EUR,TOT_INL,Q,2005,72116453313,,,0,0,
OECD.ITF:DSD_INFRINV@DF_INFRINV(1.0),SWE,A,CV,EUR,TOT_INL,Q,2006,75356765306,,,0,0,
OECD.ITF:DSD_INFRINV@DF_INFRINV(1.0),SWE,A,CV,EUR,TOT_INL,Q,2007,75686131399,,,0,0,
OECD.ITF:DSD_INFRINV@DF_INFRINV(1.0),SWE,A,CV,EUR,TOT_INL,Q,2008,80335158820,,,0,0,
OECD.ITF:DSD_INFRINV@DF_INFRINV(1.0),SWE,A,CV,EUR,TOT_INL,Q,2009,79567062735,,,0,0,
OECD.ITF:DSD_INFRINV@DF_INFRINV(1.0),SWE,A,CV,EUR,TOT_INL,Q,2010,81396958635,,,0,0,
OECD.ITF:DSD_INFRINV@DF_INFRINV(1.0),SWE,A,CV,EUR,TOT_INL,Q,2011,83474021241,,,0,0,
OECD.ITF:DSD_INFRINV@DF_INFRINV(1.0),SWE,A,CV,EUR,TOT_INL,Q,2012,84459975546,,,0,0,
OECD.ITF:DSD_INFRINV@DF_INFRINV(1.0),SWE,A,CV,EUR,TOT_INL,Q,2013,84327376123,,,0,0,
OECD.ITF:DSD_INFRINV@DF_INFRINV(1.0),SWE,A,CV,EUR,TOT_INL,Q,2014,85154296348,,,0,0,
OECD.ITF:DSD_INFRINV@DF_INFRINV(1.0),SWE,A,CV,EUR,TOT_INL,Q,2015,83486343471,,,0,0,
OECD.ITF:DSD_INFRINV@DF_INFRINV(1.0),SWE,A,CV,EUR,TOT_INL,Q,2016,84705460797,,,0,0,
OECD.ITF:DSD_INFRINV@DF_INFRINV(1.0),SWE,A,CV,EUR,TOT_INL,Q,2017,89541359099,,,0,0,
OECD.ITF:DSD_INFRINV@DF_INFRINV(1.0),SWE,A,CV,EUR,TOT_INL,Q,2018,94183261297,,,0,0,
OECD.ITF:DSD_INFRINV@DF_INFRINV(1.0),SWE,A,CV,EUR,TOT_INL,Q,2019,95026434998,,,0,0,
OECD.ITF:DSD_INFRINV@DF_INFRINV(1.0),SWE,A,CV,EUR,TOT_INL,Q,2020,94986075051,,,0,0,
OECD.ITF:DSD_INFRINV@DF_INFRINV(1.0),SWE,A,CV,EUR,TOT_INL,Q,2021,108165000000,,,0,0,
OECD.ITF:DSD_INFRINV@DF_INFRINV(1.0),SWE,A,CV,EUR,TOT_INL,Q,2022,116433000000,,,0,0,
OECD.ITF:DSD_INFRINV@DF_INFRINV(1.0),SWE,A,CV,EUR,TOT_INL,Q,2023,110118000000,,,0,0,
OECD.ITF:DSD_INFRINV@DF_INFRINV(1.0),SWE,A,CV,EUR,TOT_INL,Q,2024,111597000000,,,0,0,
OECD.ITF:DSD_INFRINV@DF_INFRINV(1.0),LVA,A,CV,EUR,TOT_INL,Q,1995,9938566538,,,0,0,
OECD.ITF:DSD_INFRINV@DF_INFRINV(1.0),LVA,A,CV,EUR,TOT_INL,Q,1996,13554090474,,,0,0,
OECD.ITF:DSD_INFRINV@DF_INFRINV(1.0),LVA,A,CV,EUR,TOT_INL,Q,1997,9290876752,,,0,0,
OECD.ITF:DSD_INFRINV@DF_INFRINV(1.0),LVA,A,CV,EUR,TOT_INL,Q,1998,8979328612,,,0,0,
OECD.ITF:DSD_INFRINV@DF_INFRINV(1.0),LVA,A,CV,EUR,TOT_INL,Q,1999,8678176389,,,0,0,
OECD.ITF:DSD_INFRINV@DF_INFRINV(1.0),LVA,A,CV,EUR,TOT_INL,Q,2000,8393119205,,,0,0,
OECD.ITF:DSD_INFRINV@DF_INFRINV(1.0),LVA,A,CV,EUR,TOT_INL,Q,2001,8111974552,,,0,0,
OECD.ITF:DSD_INFRINV@DF_INFRINV(1.0),LVA,A,CV,EUR,TOT_INL,Q,2002,7815640477,,,0,0,
OECD.ITF:DSD_INFRINV@DF_INFRINV(1.0),LVA,A,CV,EUR,TOT_INL,Q,2003,7678879306,,,0,0,
OECD.ITF:DSD_INFRINV@DF_INFRINV(1.0),LVA,A,CV,EUR,TOT_INL,Q,2004,7573211696,,,0,0,
OECD.ITF:DSD_INFRINV@DF_INFRINV(1.0),LVA,A,CV,EUR,TOT_INL,Q,2005,7816369115,,,0,0,
OECD.ITF:DSD_INFRINV@DF_INFRINV(1.0),LVA,A,CV,EUR,TOT_INL,Q,2006,7873460982,,,0,0,
OECD.ITF:DSD_INFRINV@DF_INFRINV(1.0),LVA,A,CV,EUR,TOT_INL,Q,2007,7889226333,,,0,0,
OECD.ITF:DSD_INFRINV@DF_INFRINV(1.0),LVA,A,CV,EUR,TOT_INL,Q,2008,13978206434,,,0,0,
OECD.ITF:DSD_INFRINV@DF_INFRINV(1.0),LVA,A,CV,EUR,TOT_INL,Q,2009,6635864559,,,0,0,
OECD.ITF:DSD_INFRINV@DF_INFRINV(1.0),LVA,A,CV,EUR,TOT_INL,Q,2010,6905757813,,,0,0,
OECD.ITF:DSD_INFRINV@DF_INFRINV(1.0),LVA,A,CV,EUR,TOT_INL,Q,2011,6450605784,,,0,0,
OECD.ITF:DSD_INFRINV@DF_INFRINV(1.0),LVA,A,CV,EUR,TOT_INL,Q,2012,6570904844,,,0,0,
OECD.ITF:DSD_INFRINV@DF_INFRINV(1.0),LVA,A,CV,EUR,TOT_INL,Q,2013,6595145940,,,0,0,
OECD.ITF:DSD_INFRINV@DF_INFRINV(1.0),LVA,A,CV,EUR,TOT_INL,Q,2014,6614988404,,,0,0,
OECD.ITF:DSD_INFRINV@DF_INFRINV(1.0),LVA,A,CV,EUR,TOT_INL,Q,2015,6847491057,,,0,0,
OECD.ITF:DSD_INFRINV@DF_INFRINV(1.0),LVA,A,CV,EUR,TOT_INL,Q,2016,6830013754,,,0,0,
OECD.ITF:DSD_INFRINV@DF_INFRINV(1.0),LVA,A,CV,EUR,TOT_INL,Q,2017,6827177414,,,0,0,
OECD.ITF:DSD_INFRINV@DF_INFRINV(1.0),LVA,A,CV,EUR,TOT_INL,Q,2018,6800608981,,,0,0,
OECD.ITF:DSD_INFRINV@DF_INFRINV(1.0),LVA,A,CV,EUR,TOT_INL,Q,2019,6771338720,,,0,0,
OECD.ITF:DSD_INFRINV@DF_INFRINV(1.0),LVA,A,CV,EUR,TOT_INL,Q,2020,6747523355,,,0,0,
OECD.ITF:DSD_INFRINV@DF_INFRINV(1.0),LVA,A,CV,EUR,TOT_INL,Q,2021,6711037643,,,0,0,
OECD.ITF:DSD_INFRINV@DF_INFRINV(1.0),LVA,A,CV,EUR,TOT_INL,Q,2022,6685242515,,,0,0,
OECD.ITF:DSD_INFRINV@DF_INFRINV(1.0),LVA,A,CV,EUR,TOT_INL,Q,2023,6702666553,,,0,0,
OECD.ITF:DSD_INFRINV@DF_INFRINV(1.0),NOR,A,CV,EUR,TOT_INL,Q,1995,38427434306,,,0,0,
OECD.ITF:DSD_INFRINV@DF_INFRINV(1.0),NOR,A,CV,EUR,TOT_INL,Q,1996,39785441551,,,0,0,
OECD.ITF:DSD_INFRINV@DF_INFRINV(1.0),NOR,A,CV,EUR,TOT_INL,Q,1997,41249655183,,,0,0,
OECD.ITF:DSD_INFRINV@DF_INFRINV(1.0),NOR,A,CV,EUR,TOT_INL,Q,1998,43119511328,,,0,0,
OECD.ITF:DSD_INFRINV@DF_INFRINV(1.0),NOR,A,CV,EUR,TOT_INL,Q,1999,43846135790,,,0,0,
OECD.ITF:DSD_INFRINV@DF_INFRINV(1.0),NOR,A,CV,EUR,TOT_INL,Q,2000,44236381100,,,0,0,
OECD.ITF:DSD_INFRINV@DF_INFRINV(1.0),NOR,A,CV,EUR,TOT_INL,Q,2001,45198665730,,,0,0,
OECD.ITF:DSD_INFRINV@DF_INFRINV(1.0),NOR,A,CV,EUR,TOT_INL,Q,2002,45769199216,,,0,0,
OECD.ITF:DSD_INFRINV@DF_INFRINV(1.0),NOR,A,CV,EUR,TOT_INL,Q,2003,45555163191,,,0,0,
OECD.ITF:DSD_INFRINV@DF_INFRINV(1.0),NOR,A,CV,EUR,TOT_INL,Q,2004,46564754973,,,0,0,
OECD.ITF:DSD_INFRINV@DF_INFRINV(1.0),NOR,A,CV,EUR,TOT_INL,Q,2005,47715418036,,,0,0,
OECD.ITF:DSD_INFRINV@DF_INFRINV(1.0),NOR,A,CV,EUR,TOT_INL,Q,2006,48835553350,,,0,0,
OECD.ITF:DSD_INFRINV@DF_INFRINV(1.0),NOR,A,CV,EUR,TOT_INL,Q,2007,50037917954,,,0,0,
OECD.ITF:DSD_INFRINV@DF_INFRINV(1.0),NOR,A,CV,EUR,TOT_INL,Q,2008,51119248426,,,0,0,
OECD.ITF:DSD_INFRINV@DF_INFRINV(1.0),NOR,A,CV,EUR,TOT_INL,Q,2009,53140177445,,,0,0,
OECD.ITF:DSD_INFRINV@DF_INFRINV(1.0),NOR,A,CV,EUR,TOT_INL,Q,2010,54758091290,,,0,0,
OECD.ITF:DSD_INFRINV@DF_INFRINV(1.0),NOR,A,CV,EUR,TOT_INL,Q,2011,55808476481,,,0,0,
OECD.ITF:DSD_INFRINV@DF_INFRINV(1.0),NOR,A,CV,EUR,TOT_INL,Q,2012,57688078399,,,0,0,
OECD.ITF:DSD_INFRINV@DF_INFRINV(1.0),NOR,A,CV,EUR,TOT_INL,Q,2013,59963506834,,,0,0,
OECD.ITF:DSD_INFRINV@DF_INFRINV(1.0),NOR,A,CV,EUR,TOT_INL,Q,2014,68671419401,,,0,0,
OECD.ITF:DSD_INFRINV@DF_INFRINV(1.0),NOR,A,CV,EUR,TOT_INL,Q,2015,77097979131,,,0,0,
OECD.ITF:DSD_INFRINV@DF_INFRINV(1.0),NOR,A,CV,EUR,TOT_INL,Q,2016,79530072469,,,0,0,
OECD.ITF:DSD_INFRINV@DF_INFRINV(1.0),NOR,A,CV,EUR,TOT_INL,Q,2017,81699453434,,,0,0,
OECD.ITF:DSD_INFRINV@DF_INFRINV(1.0),NOR,A,CV,EUR,TOT_INL,Q,2018,84179444418,,,0,0,
OECD.ITF:DSD_INFRINV@DF_INFRINV(1.0),NOR,A,CV,EUR,TOT_INL,Q,2019,86902597851,,,0,0,
OECD.ITF:DSD_INFRINV@DF_INFRINV(1.0),NOR,A,CV,EUR,TOT_INL,Q,2020,89668829588,,,0,0,
OECD.ITF:DSD_INFRINV@DF_INFRINV(1.0),NOR,A,CV,EUR,TOT_INL,Q,2021,90572074436,,,0,0,
OECD.ITF:DSD_INFRINV@DF_INFRINV(1.0),NOR,A,CV,EUR,TOT_INL,Q,2022,90632353097,,,0,0,
OECD.ITF:DSD_INFRINV@DF_INFRINV(1.0),NOR,A,CV,EUR,TOT_INL,Q,2023,93138904862,,,0,0,
OECD.ITF:DSD_INFRINV@DF_INFRINV(1.0),USA,A,CV,EUR,TOT_INL,Q,1995,2344340000000,,,0,0,
OECD.ITF:DSD_INFRINV@DF_INFRINV(1.0),USA,A,CV,EUR,TOT_INL,Q,1996,2377800000000,,,0,0,
OECD.ITF:DSD_INFRINV@DF_INFRINV(1.0),USA,A,CV,EUR,TOT_INL,Q,1997,2436200000000,,,0,0,
OECD.ITF:DSD_INFRINV@DF_INFRINV(1.0),USA,A,CV,EUR,TOT_INL,Q,1998,2540050000000,,,0,0,
OECD.ITF:DSD_INFRINV@DF_INFRINV(1.0),USA,A,CV,EUR,TOT_INL,Q,1999,2613210000000,,,0,0,
OECD.ITF:DSD_INFRINV@DF_INFRINV(1.0),USA,A,CV,EUR,TOT_INL,Q,2000,2578300000000,,,0,0,
OECD.ITF:DSD_INFRINV@DF_INFRINV(1.0),USA,A,CV,EUR,TOT_INL,Q,2001,2671980000000,,,0,0,
OECD.ITF:DSD_INFRINV@DF_INFRINV(1.0),USA,A,CV,EUR,TOT_INL,Q,2002,2838360000000,,,0,0,
OECD.ITF:DSD_INFRINV@DF_INFRINV(1.0),USA,A,CV,EUR,TOT_INL,Q,2003,2836270000000,,,0,0,
OECD.ITF:DSD_INFRINV@DF_INFRINV(1.0),USA,A,CV,EUR,TOT_INL,Q,2004,2952280000000,,,0,0,
OECD.ITF:DSD_INFRINV@DF_INFRINV(1.0),USA,A,CV,EUR,TOT_INL,Q,2005,2898410000000,,,0,0,
OECD.ITF:DSD_INFRINV@DF_INFRINV(1.0),USA,A,CV,EUR,TOT_INL,Q,2006,2947860000000,,,0,0,
OECD.ITF:DSD_INFRINV@DF_INFRINV(1.0),USA,A,CV,EUR,TOT_INL,Q,2007,3092270000000,,,0,0,
OECD.ITF:DSD_INFRINV@DF_INFRINV(1.0),USA,A,CV,EUR,TOT_INL,Q,2008,2881060000000,,,0,0,
OECD.ITF:DSD_INFRINV@DF_INFRINV(1.0),USA,A,CV,EUR,TOT_INL,Q,2009,3152840000000,,,0,0,
OECD.ITF:DSD_INFRINV@DF_INFRINV(1.0),USA,A,CV,EUR,TOT_INL,Q,2010,3110290000000,,,0,0,
OECD.ITF:DSD_INFRINV@DF_INFRINV(1.0),USA,A,CV,EUR,TOT_INL,Q,2011,3059300000000,,,0,0,
OECD.ITF:DSD_INFRINV@DF_INFRINV(1.0),USA,A,CV,EUR,TOT_INL,Q,2012,3132940000000,,,0,0,
OECD.ITF:DSD_INFRINV@DF_INFRINV(1.0),USA,A,CV,EUR,TOT_INL,Q,2013,3192100000000,,,0,0,
OECD.ITF:DSD_INFRINV@DF_INFRINV(1.0),USA,A,CV,EUR,TOT_INL,Q,2014,3209640000000,,,0,0,
OECD.ITF:DSD_INFRINV@DF_INFRINV(1.0),USA,A,CV,EUR,TOT_INL,Q,2015,3431310000000,,,0,0,
OECD.ITF:DSD_INFRINV@DF_INFRINV(1.0),USA,A,CV,EUR,TOT_INL,Q,2016,3611890000000,,,0,0,
OECD.ITF:DSD_INFRINV@DF_INFRINV(1.0),USA,A,CV,EUR,TOT_INL,Q,2017,3606110000000,,,0,0,
OECD.ITF:DSD_INFRINV@DF_INFRINV(1.0),USA,A,CV,EUR,TOT_INL,Q,2018,3511390000000,,,0,0,
OECD.ITF:DSD_INFRINV@DF_INFRINV(1.0),USA,A,CV,EUR,TOT_INL,Q,2019,3593530000000,,,0,0,
OECD.ITF:DSD_INFRINV@DF_INFRINV(1.0),USA,A,CV,EUR,TOT_INL,Q,2020,3804220000000,,,0,0,
OECD.ITF:DSD_INFRINV@DF_INFRINV(1.0),USA,A,CV,EUR,TOT_INL,Q,2021,3557840000000,,,0,0,
OECD.ITF:DSD_INFRINV@DF_INFRINV(1.0),USA,A,CV,EUR,TOT_INL,Q,2022,3172700000000,,,0,0,
OECD.ITF:DSD_INFRINV@DF_INFRINV(1.0),DEU,A,CV,EUR,TOT_INL,Q,2005,1024830000000,,,0,0,
OECD.ITF:DSD_INFRINV@DF_INFRINV(1.0),DEU,A,CV,EUR,TOT_INL,Q,2006,1030070000000,,,0,0,
OECD.ITF:DSD_INFRINV@DF_INFRINV(1.0),DEU,A,CV,EUR,TOT_INL,Q,2007,1033830000000,,,0,0,
OECD.ITF:DSD_INFRINV@DF_INFRINV(1.0),DEU,A,CV,EUR,TOT_INL,Q,2008,1037640000000,,,0,0,
OECD.ITF:DSD_INFRINV@DF_INFRINV(1.0),DEU,A,CV,EUR,TOT_INL,Q,2009,1042530000000,,,0,0,
OECD.ITF:DSD_INFRINV@DF_INFRINV(1.0),DEU,A,CV,EUR,TOT_INL,Q,2010,1045940000000,,,0,0,
OECD.ITF:DSD_INFRINV@DF_INFRINV(1.0),DEU,A,CV,EUR,TOT_INL,Q,2011,1049230000000,,,0,0,
OECD.ITF:DSD_INFRINV@DF_INFRINV(1.0),DEU,A,CV,EUR,TOT_INL,Q,2012,1050490000000,,,0,0,
OECD.ITF:DSD_INFRINV@DF_INFRINV(1.0),DEU,A,CV,EUR,TOT_INL,Q,2014,1060750000000,,,0,0,
OECD.ITF:DSD_INFRINV@DF_INFRINV(1.0),DEU,A,CV,EUR,TOT_INL,Q,2015,1065710000000,,,0,0,
OECD.ITF:DSD_INFRINV@DF_INFRINV(1.0),DEU,A,CV,EUR,TOT_INL,Q,2016,1071190000000,,,0,0,
OECD.ITF:DSD_INFRINV@DF_INFRINV(1.0),DEU,A,CV,EUR,TOT_INL,Q,2017,1078290000000,,,0,0,
OECD.ITF:DSD_INFRINV@DF_INFRINV(1.0),DEU,A,CV,EUR,TOT_INL,Q,2018,1087150000000,,,0,0,
OECD.ITF:DSD_INFRINV@DF_INFRINV(1.0),DEU,A,CV,EUR,TOT_INL,Q,2019,1095690000000,,,0,0,
OECD.ITF:DSD_INFRINV@DF_INFRINV(1.0),DEU,A,CV,EUR,TOT_INL,Q,2020,1105500000000,,,0,0,
OECD.ITF:DSD_INFRINV@DF_INFRINV(1.0),DEU,A,CV,EUR,TOT_INL,Q,2021,1114060000000,,,0,0,
OECD.ITF:DSD_INFRINV@DF_INFRINV(1.0),DEU,A,CV,EUR,TOT_INL,Q,2022,1120160000000,,,0,0,
OECD.ITF:DSD_INFRINV@DF_INFRINV(1.0),DEU,A,CV,EUR,TOT_INL,Q,2023,1126500000000,,,0,0,
OECD.ITF:DSD_INFRINV@DF_INFRINV(1.0),KOR,A,CV,EUR,TOT_INL,Q,2015,288461000000,,,0,0,
OECD.ITF:DSD_INFRINV@DF_INFRINV(1.0),KOR,A,CV,EUR,TOT_INL,Q,2016,312929000000,,,0,0,
OECD.ITF:DSD_INFRINV@DF_INFRINV(1.0),KOR,A,CV,EUR,TOT_INL,Q,2017,312456000000,,,0,0,
OECD.ITF:DSD_INFRINV@DF_INFRINV(1.0),KOR,A,CV,EUR,TOT_INL,Q,2018,315662000000,,,0,0,
OECD.ITF:DSD_INFRINV@DF_INFRINV(1.0),KOR,A,CV,EUR,TOT_INL,Q,2019,322555000000,,,0,0,
OECD.ITF:DSD_INFRINV@DF_INFRINV(1.0),LTU,A,CV,EUR,TOT_INL,Q,2015,2993700000,,,0,0,
OECD.ITF:DSD_INFRINV@DF_INFRINV(1.0),LTU,A,CV,EUR,TOT_INL,Q,2016,2995329957,,,0,0,
OECD.ITF:DSD_INFRINV@DF_INFRINV(1.0),LTU,A,CV,EUR,TOT_INL,Q,2017,3105007985,,,0,0,
OECD.ITF:DSD_INFRINV@DF_INFRINV(1.0),LTU,A,CV,EUR,TOT_INL,Q,2018,3230663420,,,0,0,
OECD.ITF:DSD_INFRINV@DF_INFRINV(1.0),LTU,A,CV,EUR,TOT_INL,Q,2019,2799009389,,,0,0,
OECD.ITF:DSD_INFRINV@DF_INFRINV(1.0),LTU,A,CV,EUR,TOT_INL,Q,2020,2815800109,,,0,0,
OECD.ITF:DSD_INFRINV@DF_INFRINV(1.0),LTU,A,CV,EUR,TOT_INL,Q,2021,2859081618,,,0,0,
OECD.ITF:DSD_INFRINV@DF_INFRINV(1.0),LTU,A,CV,EUR,TOT_INL,Q,2022,2517151281,,,0,0,
OECD.ITF:DSD_INFRINV@DF_INFRINV(1.0),LTU,A,CV,EUR,TOT_INL,Q,2023,2398312865,,,0,0,
OECD.ITF:DSD_INFRINV@DF_INFRINV(1.0),LTU,A,CV,EUR,TOT_INL,Q,2024,2483731655,,,0,0,
OECD.ITF:DSD_INFRINV@DF_INFRINV(1.0),NZL,A,CV,EUR,TOT_INL,Q,2007,25306357090,,,0,0,
OECD.ITF:DSD_INFRINV@DF_INFRINV(1.0),NZL,A,CV,EUR,TOT_INL,Q,2008,26842306601,,,0,0,
OECD.ITF:DSD_INFRINV@DF_INFRINV(1.0),NZL,A,CV,EUR,TOT_INL,Q,2009,28243686724,,,0,0,
OECD.ITF:DSD_INFRINV@DF_INFRINV(1.0),NZL,A,CV,EUR,TOT_INL,Q,2010,27698384920,,,0,0,
OECD.ITF:DSD_INFRINV@DF_INFRINV(1.0),NZL,A,CV,EUR,TOT_INL,Q,2011,26799171287,,,0,0,
OECD.ITF:DSD_INFRINV@DF_INFRINV(1.0),NZL,A,CV,EUR,TOT_INL,Q,2012,23849681980,,,0,0,
OECD.ITF:DSD_INFRINV@DF_INFRINV(1.0),NZL,A,CV,EUR,TOT_INL,Q,2013,22459723497,,,0,0,
OECD.ITF:DSD_INFRINV@DF_INFRINV(1.0),NZL,A,CV,EUR,TOT_INL,Q,2014,23724383314,,,0,0,
OECD.ITF:DSD_INFRINV@DF_INFRINV(1.0),NZL,A,CV,EUR,TOT_INL,Q,2015,24742372378,,,0,0,
OECD.ITF:DSD_INFRINV@DF_INFRINV(1.0),NZL,A,CV,EUR,TOT_INL,Q,2016,25527829553,,,0,0,
OECD.ITF:DSD_INFRINV@DF_INFRINV(1.0),NZL,A,CV,EUR,TOT_INL,Q,2017,26406492885,,,0,0,
OECD.ITF:DSD_INFRINV@DF_INFRINV(1.0),NZL,A,CV,EUR,TOT_INL,Q,2018,32094003443,,,0,0,
OECD.ITF:DSD_INFRINV@DF_INFRINV(1.0),NZL,A,CV,EUR,TOT_INL,Q,2019,35129025941,,,0,0,
OECD.ITF:DSD_INFRINV@DF_INFRINV(1.0),NZL,A,CV,EUR,TOT_INL,Q,2020,37273228449,,,0,0,
OECD.ITF:DSD_INFRINV@DF_INFRINV(1.0),NZL,A,CV,EUR,TOT_INL,Q,2021,40179986235,,,0,0,
OECD.ITF:DSD_INFRINV@DF_INFRINV(1.0),NZL,A,CV,EUR,TOT_INL,Q,2022,44526101888,,,0,0,
OECD.ITF:DSD_INFRINV@DF_INFRINV(1.0),NZL,A,CV,EUR,TOT_INL,Q,2023,47507835790,,,0,0,
OECD.ITF:DSD_INFRINV@DF_INFRINV(1.0),NZL,A,CV,EUR,TOT_INL,Q,2024,48404706813,,,0,0,
OECD.ITF:DSD_INFRINV@DF_INFRINV(1.0),ARM,A,CV,EUR,TOT_INL,Q,2008,52184759.36,,,0,0,
OECD.ITF:DSD_INFRINV@DF_INFRINV(1.0),ARM,A,CV,EUR,TOT_INL,Q,2009,79991556.59,,,0,0,
OECD.ITF:DSD_INFRINV@DF_INFRINV(1.0),ARM,A,CV,EUR,TOT_INL,Q,2010,46642572.1,,,0,0,
OECD.ITF:DSD_INFRINV@DF_INFRINV(1.0),ARM,A,CV,EUR,TOT_INL,Q,2011,288401593.4,,,0,0,
OECD.ITF:DSD_INFRINV@DF_INFRINV(1.0),ARM,A,CV,EUR,TOT_INL,Q,2012,36241767.02,,,0,0,
OECD.ITF:DSD_INFRINV@DF_INFRINV(1.0),ARM,A,CV,EUR,TOT_INL,Q,2013,21053309.71,,,0,0,
OECD.ITF:DSD_INFRINV@DF_INFRINV(1.0),ARM,A,CV,EUR,TOT_INL,Q,2014,39789009.39,,,0,0,
OECD.ITF:DSD_INFRINV@DF_INFRINV(1.0),ARM,A,CV,EUR,TOT_INL,Q,2015,18317047.05,,,0,0,
OECD.ITF:DSD_INFRINV@DF_INFRINV(1.0),ARM,A,CV,EUR,TOT_INL,Q,2016,12747825.71,,,0,0,
OECD.ITF:DSD_INFRINV@DF_INFRINV(1.0),FRA,A,CV,EUR,MAR,Q,1998,15098864553,,,0,0,
OECD.ITF:DSD_INFRINV@DF_INFRINV(1.0),FRA,A,CV,EUR,AIR,Q,1998,40673757094,,,0,0,
OECD.ITF:DSD_INFRINV@DF_INFRINV(1.0),FRA,A,CV,EUR,TOT_INL,Q,1998,938107000000,,,0,0,
OECD.ITF:DSD_INFRINV@DF_INFRINV(1.0),FRA,A,CV,EUR,TOT_INL,Q,1999,925121000000,,,0,0,
OECD.ITF:DSD_INFRINV@DF_INFRINV(1.0),FRA,A,CV,EUR,AIR,Q,1999,40125622122,,,0,0,
OECD.ITF:DSD_INFRINV@DF_INFRINV(1.0),FRA,A,CV,EUR,MAR,Q,1999,14878059642,,,0,0,
OECD.ITF:DSD_INFRINV@DF_INFRINV(1.0),FRA,A,CV,EUR,MAR,Q,2000,13932341469,,,0,0,
OECD.ITF:DSD_INFRINV@DF_INFRINV(1.0),FRA,A,CV,EUR,AIR,Q,2000,37672037641,,,0,0,
OECD.ITF:DSD_INFRINV@DF_INFRINV(1.0),FRA,A,CV,EUR,TOT_INL,Q,2000,867017000000,,,0,0,
OECD.ITF:DSD_INFRINV@DF_INFRINV(1.0),FRA,A,CV,EUR,TOT_INL,Q,2001,867094000000,,,0,0,
OECD.ITF:DSD_INFRINV@DF_INFRINV(1.0),FRA,A,CV,EUR,AIR,Q,2001,37768889330,,,0,0,
OECD.ITF:DSD_INFRINV@DF_INFRINV(1.0),FRA,A,CV,EUR,MAR,Q,2001,13964926135,,,0,0,
OECD.ITF:DSD_INFRINV@DF_INFRINV(1.0),FRA,A,CV,EUR,MAR,Q,2002,13707060011,,,0,0,
OECD.ITF:DSD_INFRINV@DF_INFRINV(1.0),FRA,A,CV,EUR,AIR,Q,2002,37097522935,,,0,0,
OECD.ITF:DSD_INFRINV@DF_INFRINV(1.0),FRA,A,CV,EUR,TOT_INL,Q,2002,849122000000,,,0,0,
OECD.ITF:DSD_INFRINV@DF_INFRINV(1.0),FRA,A,CV,EUR,TOT_INL,Q,2003,842598000000,,,0,0,
OECD.ITF:DSD_INFRINV@DF_INFRINV(1.0),FRA,A,CV,EUR,AIR,Q,2003,36869642385,,,0,0,
OECD.ITF:DSD_INFRINV@DF_INFRINV(1.0),FRA,A,CV,EUR,MAR,Q,2003,13675303092,,,0,0,
OECD.ITF:DSD_INFRINV@DF_INFRINV(1.0),FRA,A,CV,EUR,MAR,Q,2004,13308570703,,,0,0,
OECD.ITF:DSD_INFRINV@DF_INFRINV(1.0),FRA,A,CV,EUR,AIR,Q,2004,35821327617,,,0,0,
OECD.ITF:DSD_INFRINV@DF_INFRINV(1.0),FRA,A,CV,EUR,TOT_INL,Q,2004,817387000000,,,0,0,
OECD.ITF:DSD_INFRINV@DF_INFRINV(1.0),FRA,A,CV,EUR,TOT_INL,Q,2005,773182000000,,,0,0,
OECD.ITF:DSD_INFRINV@DF_INFRINV(1.0),FRA,A,CV,EUR,AIR,Q,2005,33926889361,,,0,0,
OECD.ITF:DSD_INFRINV@DF_INFRINV(1.0),FRA,A,CV,EUR,MAR,Q,2005,12592309392,,,0,0,
OECD.ITF:DSD_INFRINV@DF_INFRINV(1.0),FRA,A,CV,EUR,MAR,Q,2006,12168989804,,,0,0,
OECD.ITF:DSD_INFRINV@DF_INFRINV(1.0),FRA,A,CV,EUR,AIR,Q,2006,32878844036,,,0,0,
OECD.ITF:DSD_INFRINV@DF_INFRINV(1.0),FRA,A,CV,EUR,TOT_INL,Q,2006,747660000000,,,0,0,
OECD.ITF:DSD_INFRINV@DF_INFRINV(1.0),FRA,A,CV,EUR,TOT_INL,Q,2007,733338000000,,,0,0,
OECD.ITF:DSD_INFRINV@DF_INFRINV(1.0),FRA,A,CV,EUR,AIR,Q,2007,32328461941,,,0,0,
OECD.ITF:DSD_INFRINV@DF_INFRINV(1.0),FRA,A,CV,EUR,MAR,Q,2007,11934916170,,,0,0,
OECD.ITF:DSD_INFRINV@DF_INFRINV(1.0),FRA,A,CV,EUR,MAR,Q,2008,11272417094,,,0,0,
OECD.ITF:DSD_INFRINV@DF_INFRINV(1.0),FRA,A,CV,EUR,AIR,Q,2008,30539233735,,,0,0,
OECD.ITF:DSD_INFRINV@DF_INFRINV(1.0),FRA,A,CV,EUR,TOT_INL,Q,2008,693012000000,,,0,0,
OECD.ITF:DSD_INFRINV@DF_INFRINV(1.0),FRA,A,CV,EUR,TOT_INL,Q,2009,730956000000,,,0,0,
OECD.ITF:DSD_INFRINV@DF_INFRINV(1.0),FRA,A,CV,EUR,AIR,Q,2009,32173981763,,,0,0,
OECD.ITF:DSD_INFRINV@DF_INFRINV(1.0),FRA,A,CV,EUR,MAR,Q,2009,11879896655,,,0,0,
OECD.ITF:DSD_INFRINV@DF_INFRINV(1.0),FRA,A,CV,EUR,MAR,Q,2010,11252394409,,,0,0,
OECD.ITF:DSD_INFRINV@DF_INFRINV(1.0),FRA,A,CV,EUR,AIR,Q,2010,30505987024,,,0,0,
OECD.ITF:DSD_INFRINV@DF_INFRINV(1.0),FRA,A,CV,EUR,TOT_INL,Q,2010,693514000000,,,0,0,
OECD.ITF:DSD_INFRINV@DF_INFRINV(1.0),FRA,A,CV,EUR,TOT_INL,Q,2011,649965000000,,,0,0,
OECD.ITF:DSD_INFRINV@DF_INFRINV(1.0),FRA,A,CV,EUR,AIR,Q,2011,28601226064,,,0,0,
OECD.ITF:DSD_INFRINV@DF_INFRINV(1.0),FRA,A,CV,EUR,MAR,Q,2011,10529583774,,,0,0,
OECD.ITF:DSD_INFRINV@DF_INFRINV(1.0),FRA,A,CV,EUR,MAR,Q,2012,10163177607,,,0,0,
OECD.ITF:DSD_INFRINV@DF_INFRINV(1.0),FRA,A,CV,EUR,AIR,Q,2012,27605504142,,,0,0,
OECD.ITF:DSD_INFRINV@DF_INFRINV(1.0),FRA,A,CV,EUR,TOT_INL,Q,2012,628374000000,,,0,0,
OECD.ITF:DSD_INFRINV@DF_INFRINV(1.0),FRA,A,CV,EUR,TOT_INL,Q,2013,642347000000,,,0,0,
OECD.ITF:DSD_INFRINV@DF_INFRINV(1.0),FRA,A,CV,EUR,AIR,Q,2013,28119133231,,,0,0,
OECD.ITF:DSD_INFRINV@DF_INFRINV(1.0),FRA,A,CV,EUR,MAR,Q,2013,10379620471,,,0,0,
OECD.ITF:DSD_INFRINV@DF_INFRINV(1.0),FRA,A,CV,EUR,MAR,Q,2014,10600383563,,,0,0,
OECD.ITF:DSD_INFRINV@DF_INFRINV(1.0),FRA,A,CV,EUR,AIR,Q,2014,28643343683,,,0,0,
OECD.ITF:DSD_INFRINV@DF_INFRINV(1.0),FRA,A,CV,EUR,TOT_INL,Q,2014,655877000000,,,0,0,
OECD.ITF:DSD_INFRINV@DF_INFRINV(1.0),FRA,A,CV,EUR,TOT_INL,Q,2015,704751000000,,,0,0,
OECD.ITF:DSD_INFRINV@DF_INFRINV(1.0),FRA,A,CV,EUR,AIR,Q,2015,30731588796,,,0,0,
OECD.ITF:DSD_INFRINV@DF_INFRINV(1.0),FRA,A,CV,EUR,MAR,Q,2015,11390209996,,,0,0,
OECD.ITF:DSD_INFRINV@DF_INFRINV(1.0),FRA,A,CV,EUR,MAR,Q,2016,11648569152,,,0,0,
OECD.ITF:DSD_INFRINV@DF_INFRINV(1.0),FRA,A,CV,EUR,AIR,Q,2016,31422991728,,,0,0,
OECD.ITF:DSD_INFRINV@DF_INFRINV(1.0),FRA,A,CV,EUR,TOT_INL,Q,2016,720596000000,,,0,0,
OECD.ITF:DSD_INFRINV@DF_INFRINV(1.0),FRA,A,CV,EUR,TOT_INL,Q,2017,689111000000,,,0,0,
OECD.ITF:DSD_INFRINV@DF_INFRINV(1.0),FRA,A,CV,EUR,AIR,Q,2017,30049713596,,,0,0,
OECD.ITF:DSD_INFRINV@DF_INFRINV(1.0),FRA,A,CV,EUR,MAR,Q,2017,11136658491,,,0,0,
OECD.ITF:DSD_INFRINV@DF_INFRINV(1.0),FRA,A,CV,EUR,MAR,Q,2018,10597815849,,,0,0,
OECD.ITF:DSD_INFRINV@DF_INFRINV(1.0),FRA,A,CV,EUR,AIR,Q,2018,28648859768,,,0,0,
OECD.ITF:DSD_INFRINV@DF_INFRINV(1.0),FRA,A,CV,EUR,TOT_INL,Q,2018,656826000000,,,0,0,
OECD.ITF:DSD_INFRINV@DF_INFRINV(1.0),FRA,A,CV,EUR,TOT_INL,Q,2019,651281000000,,,0,0,
OECD.ITF:DSD_INFRINV@DF_INFRINV(1.0),FRA,A,CV,EUR,AIR,Q,2019,28417512707,,,0,0,
OECD.ITF:DSD_INFRINV@DF_INFRINV(1.0),FRA,A,CV,EUR,MAR,Q,2019,10496768195,,,0,0,
OECD.ITF:DSD_INFRINV@DF_INFRINV(1.0),FRA,A,CV,EUR,MAR,Q,2020,10647446579,,,0,0,
OECD.ITF:DSD_INFRINV@DF_INFRINV(1.0),FRA,A,CV,EUR,AIR,Q,2020,28811133045,,,0,0,
OECD.ITF:DSD_INFRINV@DF_INFRINV(1.0),FRA,A,CV,EUR,TOT_INL,Q,2020,660938000000,,,0,0,
OECD.ITF:DSD_INFRINV@DF_INFRINV(1.0),FRA,A,CV,EUR,TOT_INL,Q,2021,628319000000,,,0,0,
OECD.ITF:DSD_INFRINV@DF_INFRINV(1.0),FRA,A,CV,EUR,AIR,Q,2021,27315968460,,,0,0,
OECD.ITF:DSD_INFRINV@DF_INFRINV(1.0),FRA,A,CV,EUR,MAR,Q,2021,10131632455,,,0,0,
OECD.ITF:DSD_INFRINV@DF_INFRINV(1.0),FRA,A,CV,EUR,MAR,Q,2022,9142639128,,,0,0,
OECD.ITF:DSD_INFRINV@DF_INFRINV(1.0),FRA,A,CV,EUR,AIR,Q,2022,24581032565,,,0,0,
OECD.ITF:DSD_INFRINV@DF_INFRINV(1.0),FRA,A,CV,EUR,TOT_INL,Q,2022,566282000000,,,0,0,
OECD.ITF:DSD_INFRINV@DF_INFRINV(1.0),FRA,A,CV,EUR,TOT_INL,Q,2023,555576000000,,,0,0,
OECD.ITF:DSD_INFRINV@DF_INFRINV(1.0),FRA,A,CV,EUR,AIR,Q,2023,24089288566,,,0,0,
OECD.ITF:DSD_INFRINV@DF_INFRINV(1.0),FRA,A,CV,EUR,MAR,Q,2023,8973342764,,,0,0,
OECD.ITF:DSD_INFRINV@DF_INFRINV(1.0),BEL,A,MNT,EUR,MAR,Q,1995,62219833.99,,,0,0,
OECD.ITF:DSD_INFRINV@DF_INFRINV(1.0),BEL,A,MNT,EUR,MAR,Q,1996,144206299.8,,,0,0,
OECD.ITF:DSD_INFRINV@DF_INFRINV(1.0),BEL,A,MNT,EUR,MAR,Q,1997,142220013,,,0,0,
OECD.ITF:DSD_INFRINV@DF_INFRINV(1.0),BEL,A,MNT,EUR,MAR,Q,1998,143358200.6,,,0,0,
OECD.ITF:DSD_INFRINV@DF_INFRINV(1.0),BEL,A,MNT,EUR,MAR,Q,1999,139745966.7,,,0,0,
OECD.ITF:DSD_INFRINV@DF_INFRINV(1.0),BEL,A,MNT,EUR,MAR,Q,2000,171033092.9,,,0,0,
OECD.ITF:DSD_INFRINV@DF_INFRINV(1.0),BEL,A,MNT,EUR,MAR,Q,2001,170464976,,,0,0,
OECD.ITF:DSD_INFRINV@DF_INFRINV(1.0),BEL,A,MNT,EUR,MAR,Q,2002,167458876,,,0,0,
OECD.ITF:DSD_INFRINV@DF_INFRINV(1.0),BEL,A,MNT,EUR,MAR,Q,2003,166741486.6,,,0,0,
OECD.ITF:DSD_INFRINV@DF_INFRINV(1.0),BEL,A,MNT,EUR,MAR,Q,2004,162758378.9,,,0,0,
OECD.ITF:DSD_INFRINV@DF_INFRINV(1.0),BEL,A,MNT,EUR,MAR,Q,2005,158237477.9,,,0,0,
OECD.ITF:DSD_INFRINV@DF_INFRINV(1.0),BEL,A,MNT,EUR,MAR,Q,2006,150866320.8,,,0,0,
OECD.ITF:DSD_INFRINV@DF_INFRINV(1.0),BEL,A,MNT,EUR,MAR,Q,2007,144413957.1,,,0,0,
OECD.ITF:DSD_INFRINV@DF_INFRINV(1.0),BEL,A,MNT,EUR,MAR,Q,2008,140287265.2,,,0,0,
OECD.ITF:DSD_INFRINV@DF_INFRINV(1.0),BEL,A,MNT,EUR,MAR,Q,2009,147219193,,,0,0,
OECD.ITF:DSD_INFRINV@DF_INFRINV(1.0),BEL,A,MNT,EUR,MAR,Q,2022,173259086.6,,,0,0,
OECD.ITF:DSD_INFRINV@DF_INFRINV(1.0),BEL,A,MNT,EUR,MAR,Q,2023,152166345.8,,,0,0,
OECD.ITF:DSD_INFRINV@DF_INFRINV(1.0),BEL,A,MNT,EUR,MAR,Q,2024,143853422.2,,,0,0,
OECD.ITF:DSD_INFRINV@DF_INFRINV(1.0),CAN,A,MNT,EUR,MAR,Q,1995,73559783.97,,,0,0,
OECD.ITF:DSD_INFRINV@DF_INFRINV(1.0),CAN,A,MNT,EUR,MAR,Q,1996,95782482.89,,,0,0,
OECD.ITF:DSD_INFRINV@DF_INFRINV(1.0),CAN,A,MNT,EUR,MAR,Q,1997,100743720.8,,,0,0,
OECD.ITF:DSD_INFRINV@DF_INFRINV(1.0),CAN,A,MNT,EUR,MAR,Q,1998,96885546.29,,,0,0,
OECD.ITF:DSD_INFRINV@DF_INFRINV(1.0),CAN,A,MNT,EUR,MAR,Q,1999,100997439.6,,,0,0,
OECD.ITF:DSD_INFRINV@DF_INFRINV(1.0),CAN,A,MNT,EUR,MAR,Q,2000,101508491.3,,,0,0,
OECD.ITF:DSD_INFRINV@DF_INFRINV(1.0),CAN,A,MNT,EUR,MAR,Q,2001,100870010.6,,,0,0,
OECD.ITF:DSD_INFRINV@DF_INFRINV(1.0),CAN,A,MNT,EUR,MAR,Q,2002,105151294.8,,,0,0,
OECD.ITF:DSD_INFRINV@DF_INFRINV(1.0),CAN,A,MNT,EUR,MAR,Q,2003,106308898.2,,,0,0,
OECD.ITF:DSD_INFRINV@DF_INFRINV(1.0),CAN,A,MNT,EUR,MAR,Q,2004,102086484.4,,,0,0,
OECD.ITF:DSD_INFRINV@DF_INFRINV(1.0),CAN,A,MNT,EUR,MAR,Q,2005,116620139.9,,,0,0,
OECD.ITF:DSD_INFRINV@DF_INFRINV(1.0),CAN,A,MNT,EUR,MAR,Q,2006,128421340.8,,,0,0,
OECD.ITF:DSD_INFRINV@DF_INFRINV(1.0),CAN,A,MNT,EUR,MAR,Q,2007,133028936.1,,,0,0,
OECD.ITF:DSD_INFRINV@DF_INFRINV(1.0),CAN,A,MNT,EUR,MAR,Q,2008,152282366.7,,,0,0,
OECD.ITF:DSD_INFRINV@DF_INFRINV(1.0),CAN,A,MNT,EUR,MAR,Q,2009,170716470.9,,,0,0,
OECD.ITF:DSD_INFRINV@DF_INFRINV(1.0),CAN,A,MNT,EUR,MAR,Q,2010,156134593,,,0,0,
OECD.ITF:DSD_INFRINV@DF_INFRINV(1.0),CAN,A,MNT,EUR,MAR,Q,2012,1087924667,,,0,0,
OECD.ITF:DSD_INFRINV@DF_INFRINV(1.0),CAN,A,MNT,EUR,MAR,Q,2013,1144887651,,,0,0,
OECD.ITF:DSD_INFRINV@DF_INFRINV(1.0),CAN,A,MNT,EUR,MAR,Q,2014,1065216604,,,0,0,
OECD.ITF:DSD_INFRINV@DF_INFRINV(1.0),CAN,A,MNT,EUR,MAR,Q,2015,1376194845,,,0,0,
OECD.ITF:DSD_INFRINV@DF_INFRINV(1.0),CAN,A,MNT,EUR,MAR,Q,2016,1315269842,,,0,0,
OECD.ITF:DSD_INFRINV@DF_INFRINV(1.0),CAN,A,MNT,EUR,MAR,Q,2018,1565761711,,,0,0,
OECD.ITF:DSD_INFRINV@DF_INFRINV(1.0),FIN,A,MNT,EUR,MAR,Q,1995,115372513.4,,,0,0,
OECD.ITF:DSD_INFRINV@DF_INFRINV(1.0),FIN,A,MNT,EUR,MAR,Q,1996,131320913.3,,,0,0,
OECD.ITF:DSD_INFRINV@DF_INFRINV(1.0),FIN,A,MNT,EUR,MAR,Q,1997,140420576.8,,,0,0,
OECD.ITF:DSD_INFRINV@DF_INFRINV(1.0),FIN,A,MNT,EUR,MAR,Q,1998,151489648.2,,,0,0,
OECD.ITF:DSD_INFRINV@DF_INFRINV(1.0),FIN,A,MNT,EUR,MAR,Q,1999,152785850.7,,,0,0,
OECD.ITF:DSD_INFRINV@DF_INFRINV(1.0),FIN,A,MNT,EUR,MAR,Q,2000,145420792.1,,,0,0,
OECD.ITF:DSD_INFRINV@DF_INFRINV(1.0),FIN,A,MNT,EUR,MAR,Q,2001,120765654.2,,,0,0,
OECD.ITF:DSD_INFRINV@DF_INFRINV(1.0),FIN,A,MNT,EUR,MAR,Q,2002,134824801.8,,,0,0,
OECD.ITF:DSD_INFRINV@DF_INFRINV(1.0),FIN,A,MNT,EUR,MAR,Q,2003,127597256.7,,,0,0,
OECD.ITF:DSD_INFRINV@DF_INFRINV(1.0),FIN,A,MNT,EUR,MAR,Q,2004,123216511,,,0,0,
OECD.ITF:DSD_INFRINV@DF_INFRINV(1.0),FIN,A,MNT,EUR,MAR,Q,2005,123897578,,,0,0,
OECD.ITF:DSD_INFRINV@DF_INFRINV(1.0),FIN,A,MNT,EUR,MAR,Q,2007,107032903.6,,,0,0,
OECD.ITF:DSD_INFRINV@DF_INFRINV(1.0),FIN,A,MNT,EUR,MAR,Q,2008,91393415.22,,,0,0,
OECD.ITF:DSD_INFRINV@DF_INFRINV(1.0),FIN,A,MNT,EUR,MAR,Q,2009,121716775.3,,,0,0,
OECD.ITF:DSD_INFRINV@DF_INFRINV(1.0),FIN,A,MNT,EUR,MAR,Q,2010,117458030.9,,,0,0,
OECD.ITF:DSD_INFRINV@DF_INFRINV(1.0),FIN,A,MNT,EUR,MAR,Q,2011,127407159.9,,,0,0,
OECD.ITF:DSD_INFRINV@DF_INFRINV(1.0),FIN,A,MNT,EUR,MAR,Q,2012,100182510.7,,,0,0,
OECD.ITF:DSD_INFRINV@DF_INFRINV(1.0),FIN,A,MNT,EUR,MAR,Q,2013,110178745.3,,,0,0,
OECD.ITF:DSD_INFRINV@DF_INFRINV(1.0),FIN,A,MNT,EUR,MAR,Q,2014,98720542.67,,,0,0,
OECD.ITF:DSD_INFRINV@DF_INFRINV(1.0),FIN,A,MNT,EUR,MAR,Q,2016,92426135.27,,,0,0,
OECD.ITF:DSD_INFRINV@DF_INFRINV(1.0),FIN,A,MNT,EUR,MAR,Q,2017,93096959.49,,,0,0,
OECD.ITF:DSD_INFRINV@DF_INFRINV(1.0),FIN,A,MNT,EUR,MAR,Q,2018,118336917.8,,,0,0,
OECD.ITF:DSD_INFRINV@DF_INFRINV(1.0),FIN,A,MNT,EUR,MAR,Q,2019,94187938.24,,,0,0,
OECD.ITF:DSD_INFRINV@DF_INFRINV(1.0),FIN,A,MNT,EUR,MAR,Q,2020,98880012.53,,,0,0,
OECD.ITF:DSD_INFRINV@DF_INFRINV(1.0),FIN,A,MNT,EUR,MAR,Q,2021,94039021.63,,,0,0,
OECD.ITF:DSD_INFRINV@DF_INFRINV(1.0),FIN,A,MNT,EUR,MAR,Q,2022,93675689.96,,,0,0,
OECD.ITF:DSD_INFRINV@DF_INFRINV(1.0),FIN,A,MNT,EUR,MAR,Q,2023,83518504.33,,,0,0,
OECD.ITF:DSD_INFRINV@DF_INFRINV(1.0),FIN,A,MNT,EUR,MAR,Q,2024,96333221.2,,,0,0,
OECD.ITF:DSD_INFRINV@DF_INFRINV(1.0),FRA,A,MNT,EUR,MAR,Q,1998,77970988.91,,,0,0,
OECD.ITF:DSD_INFRINV@DF_INFRINV(1.0),FRA,A,MNT,EUR,MAR,Q,1999,80903811.15,,,0,0,
OECD.ITF:DSD_INFRINV@DF_INFRINV(1.0),FRA,A,MNT,EUR,MAR,Q,2000,75351866.3,,,0,0,
OECD.ITF:DSD_INFRINV@DF_INFRINV(1.0),FRA,A,MNT,EUR,MAR,Q,2001,70876460.99,,,0,0,
OECD.ITF:DSD_INFRINV@DF_INFRINV(1.0),FRA,A,MNT,EUR,MAR,Q,2002,66459036.47,,,0,0,
OECD.ITF:DSD_INFRINV@DF_INFRINV(1.0),FRA,A,MNT,EUR,MAR,Q,2003,65599917.68,,,0,0,
OECD.ITF:DSD_INFRINV@DF_INFRINV(1.0),FRA,A,MNT,EUR,MAR,Q,2004,62001661.64,,,0,0,
OECD.ITF:DSD_INFRINV@DF_INFRINV(1.0),FRA,A,MNT,EUR,MAR,Q,2005,58222807.04,,,0,0,
OECD.ITF:DSD_INFRINV@DF_INFRINV(1.0),FRA,A,MNT,EUR,MAR,Q,2006,55857808.36,,,0,0,
OECD.ITF:DSD_INFRINV@DF_INFRINV(1.0),FRA,A,MNT,EUR,MAR,Q,2007,47786092.08,,,0,0,
OECD.ITF:DSD_INFRINV@DF_INFRINV(1.0),FRA,A,MNT,EUR,MAR,Q,2008,48864908.89,,,0,0,
OECD.ITF:DSD_INFRINV@DF_INFRINV(1.0),FRA,A,MNT,EUR,MAR,Q,2009,51230601.75,,,0,0,
OECD.ITF:DSD_INFRINV@DF_INFRINV(1.0),FRA,A,MNT,EUR,MAR,Q,2010,53403732.22,,,0,0,
OECD.ITF:DSD_INFRINV@DF_INFRINV(1.0),FRA,A,MNT,EUR,MAR,Q,2011,49820458.35,,,0,0,
OECD.ITF:DSD_INFRINV@DF_INFRINV(1.0),FRA,A,MNT,EUR,MAR,Q,2012,53425165.51,,,0,0,
OECD.ITF:DSD_INFRINV@DF_INFRINV(1.0),FRA,A,MNT,EUR,MAR,Q,2013,58966936.83,,,0,0,
OECD.ITF:DSD_INFRINV@DF_INFRINV(1.0),FRA,A,MNT,EUR,MAR,Q,2014,44510571.51,,,0,0,
OECD.ITF:DSD_INFRINV@DF_INFRINV(1.0),FRA,A,MNT,EUR,MAR,Q,2015,42491000,,,0,0,
OECD.ITF:DSD_INFRINV@DF_INFRINV(1.0),FRA,A,MNT,EUR,MAR,Q,2016,42167334.9,,,0,0,
OECD.ITF:DSD_INFRINV@DF_INFRINV(1.0),FRA,A,MNT,EUR,MAR,Q,2017,65160518.56,,,0,0,
OECD.ITF:DSD_INFRINV@DF_INFRINV(1.0),FRA,A,MNT,EUR,MAR,Q,2018,74750133.94,,,0,0,
OECD.ITF:DSD_INFRINV@DF_INFRINV(1.0),FRA,A,MNT,EUR,MAR,Q,2019,87613513.19,,,0,0,
OECD.ITF:DSD_INFRINV@DF_INFRINV(1.0),FRA,A,MNT,EUR,MAR,Q,2020,81410893.82,,,0,0,
OECD.ITF:DSD_INFRINV@DF_INFRINV(1.0),FRA,A,MNT,EUR,MAR,Q,2021,79132047.87,,,0,0,
OECD.ITF:DSD_INFRINV@DF_INFRINV(1.0),FRA,A,MNT,EUR,MAR,Q,2022,69114908.53,,,0,0,
OECD.ITF:DSD_INFRINV@DF_INFRINV(1.0),FRA,A,MNT,EUR,MAR,Q,2023,66865317.68,,,0,0,
OECD.ITF:DSD_INFRINV@DF_INFRINV(1.0),ITA,A,MNT,EUR,MAR,Q,1995,1784274654,,,0,0,
OECD.ITF:DSD_INFRINV@DF_INFRINV(1.0),ITA,A,MNT,EUR,MAR,Q,1996,1604582022,,,0,0,
OECD.ITF:DSD_INFRINV@DF_INFRINV(1.0),ITA,A,MNT,EUR,MAR,Q,1997,1742417782,,,0,0,
OECD.ITF:DSD_INFRINV@DF_INFRINV(1.0),ITA,A,MNT,EUR,MAR,Q,1998,1646581885,,,0,0,
OECD.ITF:DSD_INFRINV@DF_INFRINV(1.0),ITA,A,MNT,EUR,MAR,Q,1999,1203962130,,,0,0,
OECD.ITF:DSD_INFRINV@DF_INFRINV(1.0),ITA,A,MNT,EUR,MAR,Q,2000,1547542218,,,0,0,
OECD.ITF:DSD_INFRINV@DF_INFRINV(1.0),ITA,A,MNT,EUR,MAR,Q,2001,1917708143,,,0,0,
OECD.ITF:DSD_INFRINV@DF_INFRINV(1.0),ITA,A,MNT,EUR,MAR,Q,2002,1361317371,,,0,0,
OECD.ITF:DSD_INFRINV@DF_INFRINV(1.0),ITA,A,MNT,EUR,MAR,Q,2003,1687965139,,,0,0,
OECD.ITF:DSD_INFRINV@DF_INFRINV(1.0),ITA,A,MNT,EUR,MAR,Q,2004,1483707838,,,0,0,
OECD.ITF:DSD_INFRINV@DF_INFRINV(1.0),ITA,A,MNT,EUR,MAR,Q,2005,3591457146,,,0,0,
OECD.ITF:DSD_INFRINV@DF_INFRINV(1.0),ITA,A,MNT,EUR,MAR,Q,2006,2822101317,,,0,0,
OECD.ITF:DSD_INFRINV@DF_INFRINV(1.0),ITA,A,MNT,EUR,MAR,Q,2007,1555005243,,,0,0,
OECD.ITF:DSD_INFRINV@DF_INFRINV(1.0),ITA,A,MNT,EUR,MAR,Q,2008,1266856931,,,0,0,
OECD.ITF:DSD_INFRINV@DF_INFRINV(1.0),ITA,A,MNT,EUR,MAR,Q,2009,1377501873,,,0,0,
OECD.ITF:DSD_INFRINV@DF_INFRINV(1.0),ITA,A,MNT,EUR,MAR,Q,2010,1168221813,,,0,0,
OECD.ITF:DSD_INFRINV@DF_INFRINV(1.0),ITA,A,MNT,EUR,MAR,Q,2011,1513392530,,,0,0,
OECD.ITF:DSD_INFRINV@DF_INFRINV(1.0),ITA,A,MNT,EUR,MAR,Q,2012,1674190928,,,0,0,
OECD.ITF:DSD_INFRINV@DF_INFRINV(1.0),ITA,A,MNT,EUR,MAR,Q,2013,1284385010,,,0,0,
OECD.ITF:DSD_INFRINV@DF_INFRINV(1.0),ITA,A,MNT,EUR,MAR,Q,2014,2629430676,,,0,0,
OECD.ITF:DSD_INFRINV@DF_INFRINV(1.0),ITA,A,MNT,EUR,MAR,Q,2015,2538000000,,,0,0,
OECD.ITF:DSD_INFRINV@DF_INFRINV(1.0),ITA,A,MNT,EUR,MAR,Q,2016,1459781922,,,0,0,
OECD.ITF:DSD_INFRINV@DF_INFRINV(1.0),ITA,A,MNT,EUR,MAR,Q,2017,1509326638,,,0,0,
OECD.ITF:DSD_INFRINV@DF_INFRINV(1.0),ITA,A,MNT,EUR,MAR,Q,2018,1510799744,,,0,0,
OECD.ITF:DSD_INFRINV@DF_INFRINV(1.0),ITA,A,MNT,EUR,MAR,Q,2019,1484582809,,,0,0,
OECD.ITF:DSD_INFRINV@DF_INFRINV(1.0),ITA,A,MNT,EUR,MAR,Q,2020,1435053885,,,0,0,
OECD.ITF:DSD_INFRINV@DF_INFRINV(1.0),ITA,A,MNT,EUR,MAR,Q,2021,1366474701,,,0,0,
OECD.ITF:DSD_INFRINV@DF_INFRINV(1.0),ITA,A,MNT,EUR,MAR,Q,2022,1482330227,,,0,0,
OECD.ITF:DSD_INFRINV@DF_INFRINV(1.0),ITA,A,MNT,EUR,MAR,Q,2023,834468283.4,,,0,0,
OECD.ITF:DSD_INFRINV@DF_INFRINV(1.0),KOR,A,MNT,EUR,MAR,Q,1995,36754900.01,,,0,0,
OECD.ITF:DSD_INFRINV@DF_INFRINV(1.0),KOR,A,MNT,EUR,MAR,Q,1996,48868549.3,,,0,0,
OECD.ITF:DSD_INFRINV@DF_INFRINV(1.0),KOR,A,MNT,EUR,MAR,Q,1997,56156937.14,,,0,0,
OECD.ITF:DSD_INFRINV@DF_INFRINV(1.0),KOR,A,MNT,EUR,MAR,Q,1998,79367622.12,,,0,0,
OECD.ITF:DSD_INFRINV@DF_INFRINV(1.0),KOR,A,MNT,EUR,MAR,Q,1999,100731782.3,,,0,0,
OECD.ITF:DSD_INFRINV@DF_INFRINV(1.0),KOR,A,MNT,EUR,MAR,Q,2000,103654077.2,,,0,0,
OECD.ITF:DSD_INFRINV@DF_INFRINV(1.0),KOR,A,MNT,EUR,MAR,Q,2001,124994278.5,,,0,0,
OECD.ITF:DSD_INFRINV@DF_INFRINV(1.0),KOR,A,MNT,EUR,MAR,Q,2002,127952784,,,0,0,
OECD.ITF:DSD_INFRINV@DF_INFRINV(1.0),KOR,A,MNT,EUR,MAR,Q,2003,143121065.8,,,0,0,
OECD.ITF:DSD_INFRINV@DF_INFRINV(1.0),KOR,A,MNT,EUR,MAR,Q,2004,134932965.4,,,0,0,
OECD.ITF:DSD_INFRINV@DF_INFRINV(1.0),KOR,A,MNT,EUR,MAR,Q,2005,133348575.9,,,0,0,
OECD.ITF:DSD_INFRINV@DF_INFRINV(1.0),KOR,A,MNT,EUR,MAR,Q,2006,131585138.4,,,0,0,
OECD.ITF:DSD_INFRINV@DF_INFRINV(1.0),KOR,A,MNT,EUR,MAR,Q,2007,141800345,,,0,0,
OECD.ITF:DSD_INFRINV@DF_INFRINV(1.0),KOR,A,MNT,EUR,MAR,Q,2008,121713982,,,0,0,
OECD.ITF:DSD_INFRINV@DF_INFRINV(1.0),KOR,A,MNT,EUR,MAR,Q,2009,169028558,,,0,0,
OECD.ITF:DSD_INFRINV@DF_INFRINV(1.0),KOR,A,MNT,EUR,MAR,Q,2010,125520789.1,,,0,0,
OECD.ITF:DSD_INFRINV@DF_INFRINV(1.0),KOR,A,MNT,EUR,MAR,Q,2011,99650545.86,,,0,0,
OECD.ITF:DSD_INFRINV@DF_INFRINV(1.0),KOR,A,MNT,EUR,MAR,Q,2012,109877626.2,,,0,0,
OECD.ITF:DSD_INFRINV@DF_INFRINV(1.0),KOR,A,MNT,EUR,MAR,Q,2013,115227979.9,,,0,0,
OECD.ITF:DSD_INFRINV@DF_INFRINV(1.0),KOR,A,MNT,EUR,MAR,Q,2014,121065990.3,,,0,0,
OECD.ITF:DSD_INFRINV@DF_INFRINV(1.0),KOR,A,MNT,EUR,MAR,Q,2015,138312748,,,0,0,
OECD.ITF:DSD_INFRINV@DF_INFRINV(1.0),KOR,A,MNT,EUR,MAR,Q,2016,144671632,,,0,0,
OECD.ITF:DSD_INFRINV@DF_INFRINV(1.0),KOR,A,MNT,EUR,MAR,Q,2017,147562365.6,,,0,0,
OECD.ITF:DSD_INFRINV@DF_INFRINV(1.0),KOR,A,MNT,EUR,MAR,Q,2018,135148099.9,,,0,0,
OECD.ITF:DSD_INFRINV@DF_INFRINV(1.0),KOR,A,MNT,EUR,MAR,Q,2019,133125510.9,,,0,0,
OECD.ITF:DSD_INFRINV@DF_INFRINV(1.0),KOR,A,MNT,EUR,MAR,Q,2020,130736151.8,,,0,0,
OECD.ITF:DSD_INFRINV@DF_INFRINV(1.0),KOR,A,MNT,EUR,MAR,Q,2021,98418379.38,,,0,0,
OECD.ITF:DSD_INFRINV@DF_INFRINV(1.0),LVA,A,MNT,EUR,MAR,Q,2002,20515158.42,,,0,0,
OECD.ITF:DSD_INFRINV@DF_INFRINV(1.0),LVA,A,MNT,EUR,MAR,Q,2003,11594471.76,,,0,0,
OECD.ITF:DSD_INFRINV@DF_INFRINV(1.0),LVA,A,MNT,EUR,MAR,Q,2004,15323322.1,,,0,0,
OECD.ITF:DSD_INFRINV@DF_INFRINV(1.0),LVA,A,MNT,EUR,MAR,Q,2005,46899915.58,,,0,0,
OECD.ITF:DSD_INFRINV@DF_INFRINV(1.0),LVA,A,MNT,EUR,MAR,Q,2006,46551322.83,,,0,0,
OECD.ITF:DSD_INFRINV@DF_INFRINV(1.0),LVA,A,MNT,EUR,MAR,Q,2007,63968507.81,,,0,0,
OECD.ITF:DSD_INFRINV@DF_INFRINV(1.0),LVA,A,MNT,EUR,MAR,Q,2008,64504337.92,,,0,0,
OECD.ITF:DSD_INFRINV@DF_INFRINV(1.0),LTU,A,MNT,EUR,MAR,Q,1998,4850366.203,,,0,0,
OECD.ITF:DSD_INFRINV@DF_INFRINV(1.0),LTU,A,MNT,EUR,MAR,Q,1999,3164607.035,,,0,0,
OECD.ITF:DSD_INFRINV@DF_INFRINV(1.0),LTU,A,MNT,EUR,MAR,Q,2000,6271951.831,,,0,0,
OECD.ITF:DSD_INFRINV@DF_INFRINV(1.0),LTU,A,MNT,EUR,MAR,Q,2001,7881959.77,,,0,0,
OECD.ITF:DSD_INFRINV@DF_INFRINV(1.0),LTU,A,MNT,EUR,MAR,Q,2002,6306064.858,,,0,0,
OECD.ITF:DSD_INFRINV@DF_INFRINV(1.0),LTU,A,MNT,EUR,MAR,Q,2003,7801650.829,,,0,0,
OECD.ITF:DSD_INFRINV@DF_INFRINV(1.0),LTU,A,MNT,EUR,MAR,Q,2004,4409624.741,,,0,0,
OECD.ITF:DSD_INFRINV@DF_INFRINV(1.0),LTU,A,MNT,EUR,MAR,Q,2005,6827523.111,,,0,0,
OECD.ITF:DSD_INFRINV@DF_INFRINV(1.0),LTU,A,MNT,EUR,MAR,Q,2006,3730600.875,,,0,0,
OECD.ITF:DSD_INFRINV@DF_INFRINV(1.0),LTU,A,MNT,EUR,MAR,Q,2007,4372731.645,,,0,0,
OECD.ITF:DSD_INFRINV@DF_INFRINV(1.0),LTU,A,MNT,EUR,MAR,Q,2008,5989159.621,,,0,0,
OECD.ITF:DSD_INFRINV@DF_INFRINV(1.0),LTU,A,MNT,EUR,MAR,Q,2009,2233563.763,,,0,0,
OECD.ITF:DSD_INFRINV@DF_INFRINV(1.0),LTU,A,MNT,EUR,MAR,Q,2010,8168218.628,,,0,0,
OECD.ITF:DSD_INFRINV@DF_INFRINV(1.0),LTU,A,MNT,EUR,MAR,Q,2011,2246989.035,,,0,0,
OECD.ITF:DSD_INFRINV@DF_INFRINV(1.0),LTU,A,MNT,EUR,MAR,Q,2012,3249777.932,,,0,0,
OECD.ITF:DSD_INFRINV@DF_INFRINV(1.0),LTU,A,MNT,EUR,MAR,Q,2013,3121585.766,,,0,0,
OECD.ITF:DSD_INFRINV@DF_INFRINV(1.0),LTU,A,MNT,EUR,MAR,Q,2014,4064255.886,,,0,0,
OECD.ITF:DSD_INFRINV@DF_INFRINV(1.0),LTU,A,MNT,EUR,MAR,Q,2015,7000000,,,0,0,
OECD.ITF:DSD_INFRINV@DF_INFRINV(1.0),LTU,A,MNT,EUR,MAR,Q,2016,3940964.354,,,0,0,
OECD.ITF:DSD_INFRINV@DF_INFRINV(1.0),LTU,A,MNT,EUR,MAR,Q,2017,2868809.348,,,0,0,
OECD.ITF:DSD_INFRINV@DF_INFRINV(1.0),LTU,A,MNT,EUR,MAR,Q,2018,2788259.568,,,0,0,
OECD.ITF:DSD_INFRINV@DF_INFRINV(1.0),LTU,A,MNT,EUR,MAR,Q,2019,4454184.261,,,0,0,
OECD.ITF:DSD_INFRINV@DF_INFRINV(1.0),LTU,A,MNT,EUR,MAR,Q,2020,3514259.106,,,0,0,
OECD.ITF:DSD_INFRINV@DF_INFRINV(1.0),LTU,A,MNT,EUR,MAR,Q,2021,1512393.66,,,0,0,
OECD.ITF:DSD_INFRINV@DF_INFRINV(1.0),LTU,A,MNT,EUR,MAR,Q,2022,4890385.502,,,0,0,
OECD.ITF:DSD_INFRINV@DF_INFRINV(1.0),LTU,A,MNT,EUR,MAR,Q,2023,2038607.375,,,0,0,
OECD.ITF:DSD_INFRINV@DF_INFRINV(1.0),LTU,A,MNT,EUR,MAR,Q,2024,3908311.023,,,0,0,
OECD.ITF:DSD_INFRINV@DF_INFRINV(1.0),NZL,A,MNT,EUR,MAR,Q,2012,331387748.5,,,0,0,
OECD.ITF:DSD_INFRINV@DF_INFRINV(1.0),NZL,A,MNT,EUR,MAR,Q,2013,339559450.7,,,0,0,
OECD.ITF:DSD_INFRINV@DF_INFRINV(1.0),NZL,A,MNT,EUR,MAR,Q,2014,361007747.8,,,0,0,
OECD.ITF:DSD_INFRINV@DF_INFRINV(1.0),NZL,A,MNT,EUR,MAR,Q,2015,369979400,,,0,0,
OECD.ITF:DSD_INFRINV@DF_INFRINV(1.0),NZL,A,MNT,EUR,MAR,Q,2016,347035562.6,,,0,0,
OECD.ITF:DSD_INFRINV@DF_INFRINV(1.0),NZL,A,MNT,EUR,MAR,Q,2017,362997820.7,,,0,0,
OECD.ITF:DSD_INFRINV@DF_INFRINV(1.0),NZL,A,MNT,EUR,MAR,Q,2018,405904736.7,,,0,0,
OECD.ITF:DSD_INFRINV@DF_INFRINV(1.0),NZL,A,MNT,EUR,MAR,Q,2019,432633662.3,,,0,0,
OECD.ITF:DSD_INFRINV@DF_INFRINV(1.0),NZL,A,MNT,EUR,MAR,Q,2024,28901301.49,,,0,0,
OECD.ITF:DSD_INFRINV@DF_INFRINV(1.0),NOR,A,MNT,EUR,MAR,Q,1995,45785099.85,,,0,0,
OECD.ITF:DSD_INFRINV@DF_INFRINV(1.0),NOR,A,MNT,EUR,MAR,Q,1996,45637546.25,,,0,0,
OECD.ITF:DSD_INFRINV@DF_INFRINV(1.0),NOR,A,MNT,EUR,MAR,Q,1997,46182541.03,,,0,0,
OECD.ITF:DSD_INFRINV@DF_INFRINV(1.0),NOR,A,MNT,EUR,MAR,Q,1998,46488813.95,,,0,0,
OECD.ITF:DSD_INFRINV@DF_INFRINV(1.0),NOR,A,MNT,EUR,MAR,Q,1999,46551329.88,,,0,0,
OECD.ITF:DSD_INFRINV@DF_INFRINV(1.0),NOR,A,MNT,EUR,MAR,Q,2000,45901654.89,,,0,0,
OECD.ITF:DSD_INFRINV@DF_INFRINV(1.0),POL,A,MNT,EUR,MAR,Q,1995,47271523.11,,,0,0,
OECD.ITF:DSD_INFRINV@DF_INFRINV(1.0),POL,A,MNT,EUR,MAR,Q,1996,10137426.33,,,0,0,
OECD.ITF:DSD_INFRINV@DF_INFRINV(1.0),POL,A,MNT,EUR,MAR,Q,1997,2122727.472,,,0,0,
OECD.ITF:DSD_INFRINV@DF_INFRINV(1.0),POL,A,MNT,EUR,MAR,Q,1998,16821680.03,,,0,0,
OECD.ITF:DSD_INFRINV@DF_INFRINV(1.0),POL,A,MNT,EUR,MAR,Q,1999,16923192.77,,,0,0,
OECD.ITF:DSD_INFRINV@DF_INFRINV(1.0),POL,A,MNT,EUR,MAR,Q,2000,22407168.64,,,0,0,
OECD.ITF:DSD_INFRINV@DF_INFRINV(1.0),POL,A,MNT,EUR,MAR,Q,2001,16119660.55,,,0,0,
OECD.ITF:DSD_INFRINV@DF_INFRINV(1.0),POL,A,MNT,EUR,MAR,Q,2002,14539677.66,,,0,0,
OECD.ITF:DSD_INFRINV@DF_INFRINV(1.0),POL,A,MNT,EUR,MAR,Q,2003,10580495.19,,,0,0,
OECD.ITF:DSD_INFRINV@DF_INFRINV(1.0),POL,A,MNT,EUR,MAR,Q,2004,7027643.013,,,0,0,
OECD.ITF:DSD_INFRINV@DF_INFRINV(1.0),POL,A,MNT,EUR,MAR,Q,2005,10718551.07,,,0,0,
OECD.ITF:DSD_INFRINV@DF_INFRINV(1.0),POL,A,MNT,EUR,MAR,Q,2006,3218752.49,,,0,0,
OECD.ITF:DSD_INFRINV@DF_INFRINV(1.0),POL,A,MNT,EUR,MAR,Q,2007,5920192.904,,,0,0,
OECD.ITF:DSD_INFRINV@DF_INFRINV(1.0),POL,A,MNT,EUR,MAR,Q,2008,5967364.074,,,0,0,
OECD.ITF:DSD_INFRINV@DF_INFRINV(1.0),POL,A,MNT,EUR,MAR,Q,2009,10965872.84,,,0,0,
OECD.ITF:DSD_INFRINV@DF_INFRINV(1.0),POL,A,MNT,EUR,MAR,Q,2010,9767262.171,,,0,0,
OECD.ITF:DSD_INFRINV@DF_INFRINV(1.0),POL,A,MNT,EUR,MAR,Q,2011,15711509.19,,,0,0,
OECD.ITF:DSD_INFRINV@DF_INFRINV(1.0),POL,A,MNT,EUR,MAR,Q,2012,15619869.41,,,0,0,
OECD.ITF:DSD_INFRINV@DF_INFRINV(1.0),POL,A,MNT,EUR,MAR,Q,2013,19958760.12,,,0,0,
OECD.ITF:DSD_INFRINV@DF_INFRINV(1.0),POL,A,MNT,EUR,MAR,Q,2019,5401537.588,,,0,0,
OECD.ITF:DSD_INFRINV@DF_INFRINV(1.0),POL,A,MNT,EUR,MAR,Q,2020,3838938.227,,,0,0,
OECD.ITF:DSD_INFRINV@DF_INFRINV(1.0),POL,A,MNT,EUR,MAR,Q,2021,4509289.004,,,0,0,
OECD.ITF:DSD_INFRINV@DF_INFRINV(1.0),POL,A,MNT,EUR,MAR,Q,2022,4999656.272,,,0,0,
OECD.ITF:DSD_INFRINV@DF_INFRINV(1.0),POL,A,MNT,EUR,MAR,Q,2023,7415978.871,,,0,0,
OECD.ITF:DSD_INFRINV@DF_INFRINV(1.0),POL,A,MNT,EUR,MAR,Q,2024,10551430.15,,,0,0,
OECD.ITF:DSD_INFRINV@DF_INFRINV(1.0),PRT,A,MNT,EUR,MAR,Q,1995,1604930.346,,,0,0,
OECD.ITF:DSD_INFRINV@DF_INFRINV(1.0),PRT,A,MNT,EUR,MAR,Q,1996,1567422.687,,,0,0,
OECD.ITF:DSD_INFRINV@DF_INFRINV(1.0),PRT,A,MNT,EUR,MAR,Q,1997,4526457.142,,,0,0,
OECD.ITF:DSD_INFRINV@DF_INFRINV(1.0),PRT,A,MNT,EUR,MAR,Q,1998,4359704.703,,,0,0,
OECD.ITF:DSD_INFRINV@DF_INFRINV(1.0),PRT,A,MNT,EUR,MAR,Q,1999,1405856.799,,,0,0,
OECD.ITF:DSD_INFRINV@DF_INFRINV(1.0),PRT,A,MNT,EUR,MAR,Q,2000,4078081.67,,,0,0,
OECD.ITF:DSD_INFRINV@DF_INFRINV(1.0),PRT,A,MNT,EUR,MAR,Q,2001,1310650.345,,,0,0,
OECD.ITF:DSD_INFRINV@DF_INFRINV(1.0),PRT,A,MNT,EUR,MAR,Q,2002,3773822.253,,,0,0,
OECD.ITF:DSD_INFRINV@DF_INFRINV(1.0),PRT,A,MNT,EUR,MAR,Q,2003,1216263.881,,,0,0,
OECD.ITF:DSD_INFRINV@DF_INFRINV(1.0),PRT,A,MNT,EUR,MAR,Q,2004,2375522.615,,,0,0,
OECD.ITF:DSD_INFRINV@DF_INFRINV(1.0),PRT,A,MNT,EUR,MAR,Q,2005,2298903.423,,,0,0,
OECD.ITF:DSD_INFRINV@DF_INFRINV(1.0),PRT,A,MNT,EUR,MAR,Q,2006,1113970.302,,,0,0,
OECD.ITF:DSD_INFRINV@DF_INFRINV(1.0),PRT,A,MNT,EUR,MAR,Q,2007,1081888.111,,,0,0,
OECD.ITF:DSD_INFRINV@DF_INFRINV(1.0),PRT,A,MNT,EUR,MAR,Q,2008,1063399.902,,,0,0,
OECD.ITF:DSD_INFRINV@DF_INFRINV(1.0),PRT,A,MNT,EUR,MAR,Q,2009,1051845.463,,,0,0,
OECD.ITF:DSD_INFRINV@DF_INFRINV(1.0),PRT,A,MNT,EUR,MAR,Q,2010,1043688.814,,,0,0,
OECD.ITF:DSD_INFRINV@DF_INFRINV(1.0),PRT,A,MNT,EUR,MAR,Q,2011,4185632.815,,,0,0,
OECD.ITF:DSD_INFRINV@DF_INFRINV(1.0),PRT,A,MNT,EUR,MAR,Q,2012,3151128.104,,,0,0,
OECD.ITF:DSD_INFRINV@DF_INFRINV(1.0),PRT,A,MNT,EUR,MAR,Q,2013,3081062.761,,,0,0,
OECD.ITF:DSD_INFRINV@DF_INFRINV(1.0),PRT,A,MNT,EUR,MAR,Q,2014,2693993.607,,,0,0,
OECD.ITF:DSD_INFRINV@DF_INFRINV(1.0),SVN,A,MNT,EUR,MAR,Q,2002,3024620.41,,,0,0,
OECD.ITF:DSD_INFRINV@DF_INFRINV(1.0),SVN,A,MNT,EUR,MAR,Q,2003,1426126.64,,,0,0,
OECD.ITF:DSD_INFRINV@DF_INFRINV(1.0),SVN,A,MNT,EUR,MAR,Q,2004,1325591.877,,,0,0,
OECD.ITF:DSD_INFRINV@DF_INFRINV(1.0),SVN,A,MNT,EUR,MAR,Q,2005,1267234.388,,,0,0,
OECD.ITF:DSD_INFRINV@DF_INFRINV(1.0),SVN,A,MNT,EUR,MAR,Q,2006,2388401.92,,,0,0,
OECD.ITF:DSD_INFRINV@DF_INFRINV(1.0),SVN,A,MNT,EUR,MAR,Q,2007,1117106.248,,,0,0,
OECD.ITF:DSD_INFRINV@DF_INFRINV(1.0),SVN,A,MNT,EUR,MAR,Q,2008,1048679.712,,,0,0,
OECD.ITF:DSD_INFRINV@DF_INFRINV(1.0),SVN,A,MNT,EUR,MAR,Q,2009,2163612.367,,,0,0,
OECD.ITF:DSD_INFRINV@DF_INFRINV(1.0),SVN,A,MNT,EUR,MAR,Q,2010,2047837.484,,,0,0,
OECD.ITF:DSD_INFRINV@DF_INFRINV(1.0),SVN,A,MNT,EUR,MAR,Q,2011,2936800.063,,,0,0,
OECD.ITF:DSD_INFRINV@DF_INFRINV(1.0),SVN,A,MNT,EUR,MAR,Q,2012,2971679.891,,,0,0,
OECD.ITF:DSD_INFRINV@DF_INFRINV(1.0),SVN,A,MNT,EUR,MAR,Q,2013,2003686.784,,,0,0,
OECD.ITF:DSD_INFRINV@DF_INFRINV(1.0),SVN,A,MNT,EUR,MAR,Q,2014,3021361.022,,,0,0,
OECD.ITF:DSD_INFRINV@DF_INFRINV(1.0),SVN,A,MNT,EUR,MAR,Q,2016,4046003.055,,,0,0,
OECD.ITF:DSD_INFRINV@DF_INFRINV(1.0),SVN,A,MNT,EUR,MAR,Q,2017,1931135.701,,,0,0,
OECD.ITF:DSD_INFRINV@DF_INFRINV(1.0),SVN,A,MNT,EUR,MAR,Q,2018,2820529.695,,,0,0,
OECD.ITF:DSD_INFRINV@DF_INFRINV(1.0),SVN,A,MNT,EUR,MAR,Q,2019,5473353.889,,,0,0,
OECD.ITF:DSD_INFRINV@DF_INFRINV(1.0),SVN,A,MNT,EUR,MAR,Q,2020,3601429.768,,,0,0,
OECD.ITF:DSD_INFRINV@DF_INFRINV(1.0),SVN,A,MNT,EUR,MAR,Q,2021,3252191.164,,,0,0,
OECD.ITF:DSD_INFRINV@DF_INFRINV(1.0),SVN,A,MNT,EUR,MAR,Q,2022,3555201.615,,,0,0,
OECD.ITF:DSD_INFRINV@DF_INFRINV(1.0),SVN,A,MNT,EUR,MAR,Q,2023,3973536.249,,,0,0,
OECD.ITF:DSD_INFRINV@DF_INFRINV(1.0),SVN,A,MNT,EUR,MAR,Q,2024,3195480.313,,,0,0,
OECD.ITF:DSD_INFRINV@DF_INFRINV(1.0),SWE,A,MNT,EUR,MAR,Q,2003,10079902.66,,,0,0,
OECD.ITF:DSD_INFRINV@DF_INFRINV(1.0),SWE,A,MNT,EUR,MAR,Q,2004,16731879.49,,,0,0,
OECD.ITF:DSD_INFRINV@DF_INFRINV(1.0),SWE,A,MNT,EUR,MAR,Q,2005,16689595.02,,,0,0,
OECD.ITF:DSD_INFRINV@DF_INFRINV(1.0),SWE,A,MNT,EUR,MAR,Q,2006,26797173.72,,,0,0,
OECD.ITF:DSD_INFRINV@DF_INFRINV(1.0),SWE,A,MNT,EUR,MAR,Q,2007,32769637.3,,,0,0,
OECD.ITF:DSD_INFRINV@DF_INFRINV(1.0),SWE,A,MNT,EUR,MAR,Q,2008,32077781.6,,,0,0,
OECD.ITF:DSD_INFRINV@DF_INFRINV(1.0),SWE,A,MNT,EUR,MAR,Q,2009,29153784.47,,,0,0,
OECD.ITF:DSD_INFRINV@DF_INFRINV(1.0),SWE,A,MNT,EUR,MAR,Q,2010,30767104.57,,,0,0,
OECD.ITF:DSD_INFRINV@DF_INFRINV(1.0),SWE,A,MNT,EUR,MAR,Q,2011,28050401.88,,,0,0,
OECD.ITF:DSD_INFRINV@DF_INFRINV(1.0),SWE,A,MNT,EUR,MAR,Q,2012,18994547.07,,,0,0,
OECD.ITF:DSD_INFRINV@DF_INFRINV(1.0),SWE,A,MNT,EUR,MAR,Q,2013,18754844.88,,,0,0,
OECD.ITF:DSD_INFRINV@DF_INFRINV(1.0),SWE,A,MNT,EUR,MAR,Q,2014,17839761.94,,,0,0,
OECD.ITF:DSD_INFRINV@DF_INFRINV(1.0),SWE,A,MNT,EUR,MAR,Q,2015,23197391.63,,,0,0,
OECD.ITF:DSD_INFRINV@DF_INFRINV(1.0),SWE,A,MNT,EUR,MAR,Q,2016,25763952.4,,,0,0,
OECD.ITF:DSD_INFRINV@DF_INFRINV(1.0),SWE,A,MNT,EUR,MAR,Q,2017,23280244.69,,,0,0,
OECD.ITF:DSD_INFRINV@DF_INFRINV(1.0),SWE,A,MNT,EUR,MAR,Q,2018,30190284.89,,,0,0,
OECD.ITF:DSD_INFRINV@DF_INFRINV(1.0),SWE,A,MNT,EUR,MAR,Q,2019,27266615.79,,,0,0,
OECD.ITF:DSD_INFRINV@DF_INFRINV(1.0),SWE,A,MNT,EUR,MAR,Q,2020,26254200.67,,,0,0,
OECD.ITF:DSD_INFRINV@DF_INFRINV(1.0),SWE,A,MNT,EUR,MAR,Q,2021,26981656.14,,,0,0,
OECD.ITF:DSD_INFRINV@DF_INFRINV(1.0),SWE,A,MNT,EUR,MAR,Q,2022,24841306.49,,,0,0,
OECD.ITF:DSD_INFRINV@DF_INFRINV(1.0),SWE,A,MNT,EUR,MAR,Q,2023,22378754.41,,,0,0,
OECD.ITF:DSD_INFRINV@DF_INFRINV(1.0),AZE,A,MNT,EUR,MAR,Q,2012,7282407.552,,,0,0,
OECD.ITF:DSD_INFRINV@DF_INFRINV(1.0),AZE,A,MNT,EUR,MAR,Q,2014,1790469.701,,,0,0,
OECD.ITF:DSD_INFRINV@DF_INFRINV(1.0),AZE,A,MNT,EUR,MAR,Q,2015,3524539.607,,,0,0,
OECD.ITF:DSD_INFRINV@DF_INFRINV(1.0),AZE,A,MNT,EUR,MAR,Q,2016,3465623.999,,,0,0,
OECD.ITF:DSD_INFRINV@DF_INFRINV(1.0),AZE,A,MNT,EUR,MAR,Q,2017,3338738.793,,,0,0,
OECD.ITF:DSD_INFRINV@DF_INFRINV(1.0),AZE,A,MNT,EUR,MAR,Q,2018,3254152.108,,,0,0,
OECD.ITF:DSD_INFRINV@DF_INFRINV(1.0),AZE,A,MNT,EUR,MAR,Q,2019,4007563.182,,,0,0,
OECD.ITF:DSD_INFRINV@DF_INFRINV(1.0),AZE,A,MNT,EUR,MAR,Q,2020,3952234.63,,,0,0,
OECD.ITF:DSD_INFRINV@DF_INFRINV(1.0),AZE,A,MNT,EUR,MAR,Q,2021,3069701.88,,,0,0,
OECD.ITF:DSD_INFRINV@DF_INFRINV(1.0),AZE,A,MNT,EUR,MAR,Q,2022,4619435.145,,,0,0,
OECD.ITF:DSD_INFRINV@DF_INFRINV(1.0),AZE,A,MNT,EUR,MAR,Q,2023,4357128.832,,,0,0,
OECD.ITF:DSD_INFRINV@DF_INFRINV(1.0),AZE,A,MNT,EUR,MAR,Q,2024,4271720.474,,,0,0,
OECD.ITF:DSD_INFRINV@DF_INFRINV(1.0),BGR,A,MNT,EUR,MAR,Q,2003,4702183.169,,,0,0,
OECD.ITF:DSD_INFRINV@DF_INFRINV(1.0),BGR,A,MNT,EUR,MAR,Q,2004,1523107.952,,,0,0,
OECD.ITF:DSD_INFRINV@DF_INFRINV(1.0),BGR,A,MNT,EUR,MAR,Q,2005,6324227.307,,,0,0,
OECD.ITF:DSD_INFRINV@DF_INFRINV(1.0),BGR,A,MNT,EUR,MAR,Q,2007,33001942.89,,,0,0,
OECD.ITF:DSD_INFRINV@DF_INFRINV(1.0),BGR,A,MNT,EUR,MAR,Q,2009,4663346.962,,,0,0,
OECD.ITF:DSD_INFRINV@DF_INFRINV(1.0),BGR,A,MNT,EUR,MAR,Q,2010,1053281.539,,,0,0,
OECD.ITF:DSD_INFRINV@DF_INFRINV(1.0),BGR,A,MNT,EUR,MAR,Q,2011,523883.4032,,,0,0,
OECD.ITF:DSD_INFRINV@DF_INFRINV(1.0),BGR,A,MNT,EUR,MAR,Q,2012,527058.7815,,,0,0,
OECD.ITF:DSD_INFRINV@DF_INFRINV(1.0),BGR,A,MNT,EUR,MAR,Q,2013,1040114.984,,,0,0,
OECD.ITF:DSD_INFRINV@DF_INFRINV(1.0),BGR,A,MNT,EUR,MAR,Q,2014,2068657.471,,,0,0,
OECD.ITF:DSD_INFRINV@DF_INFRINV(1.0),BGR,A,MNT,EUR,MAR,Q,2015,1533899.172,,,0,0,
OECD.ITF:DSD_INFRINV@DF_INFRINV(1.0),BGR,A,MNT,EUR,MAR,Q,2016,1523584.505,,,0,0,
OECD.ITF:DSD_INFRINV@DF_INFRINV(1.0),BGR,A,MNT,EUR,MAR,Q,2017,495143.2012,,,0,0,
OECD.ITF:DSD_INFRINV@DF_INFRINV(1.0),BGR,A,MNT,EUR,MAR,Q,2018,481844.5656,,,0,0,
OECD.ITF:DSD_INFRINV@DF_INFRINV(1.0),BGR,A,MNT,EUR,MAR,Q,2019,457465.2171,,,0,0,
OECD.ITF:DSD_INFRINV@DF_INFRINV(1.0),BGR,A,MNT,EUR,MAR,Q,2020,448040.838,,,0,0,
OECD.ITF:DSD_INFRINV@DF_INFRINV(1.0),BGR,A,MNT,EUR,MAR,Q,2021,402328.9325,,,0,0,
OECD.ITF:DSD_INFRINV@DF_INFRINV(1.0),BGR,A,MNT,EUR,MAR,Q,2022,259709.1154,,,0,0,
OECD.ITF:DSD_INFRINV@DF_INFRINV(1.0),BGR,A,MNT,EUR,MAR,Q,2023,223392.0499,,,0,0,
OECD.ITF:DSD_INFRINV@DF_INFRINV(1.0),BGR,A,MNT,EUR,MAR,Q,2024,1074195.191,,,0,0,
OECD.ITF:DSD_INFRINV@DF_INFRINV(1.0),HRV,A,MNT,EUR,MAR,Q,1998,4706786.036,,,0,0,
OECD.ITF:DSD_INFRINV@DF_INFRINV(1.0),HRV,A,MNT,EUR,MAR,Q,1999,1653454.696,,,0,0,
OECD.ITF:DSD_INFRINV@DF_INFRINV(1.0),HRV,A,MNT,EUR,MAR,Q,2000,3565102.075,,,0,0,
OECD.ITF:DSD_INFRINV@DF_INFRINV(1.0),HRV,A,MNT,EUR,MAR,Q,2001,3990577.54,,,0,0,
OECD.ITF:DSD_INFRINV@DF_INFRINV(1.0),HRV,A,MNT,EUR,MAR,Q,2002,5856010.078,,,0,0,
OECD.ITF:DSD_INFRINV@DF_INFRINV(1.0),HRV,A,MNT,EUR,MAR,Q,2003,4737217.866,,,0,0,
OECD.ITF:DSD_INFRINV@DF_INFRINV(1.0),HRV,A,MNT,EUR,MAR,Q,2004,6942012.253,,,0,0,
OECD.ITF:DSD_INFRINV@DF_INFRINV(1.0),HRV,A,MNT,EUR,MAR,Q,2005,4597711.976,,,0,0,
OECD.ITF:DSD_INFRINV@DF_INFRINV(1.0),HRV,A,MNT,EUR,MAR,Q,2006,5532553.976,,,0,0,
OECD.ITF:DSD_INFRINV@DF_INFRINV(1.0),HRV,A,MNT,EUR,MAR,Q,2007,8639722.348,,,0,0,
OECD.ITF:DSD_INFRINV@DF_INFRINV(1.0),HRV,A,MNT,EUR,MAR,Q,2008,5601694.221,,,0,0,
OECD.ITF:DSD_INFRINV@DF_INFRINV(1.0),HRV,A,MNT,EUR,MAR,Q,2009,3765779.558,,,0,0,
OECD.ITF:DSD_INFRINV@DF_INFRINV(1.0),HRV,A,MNT,EUR,MAR,Q,2010,2764050.782,,,0,0,
OECD.ITF:DSD_INFRINV@DF_INFRINV(1.0),HRV,A,MNT,EUR,MAR,Q,2011,3398304.172,,,0,0,
OECD.ITF:DSD_INFRINV@DF_INFRINV(1.0),HRV,A,MNT,EUR,MAR,Q,2012,4021172.163,,,0,0,
OECD.ITF:DSD_INFRINV@DF_INFRINV(1.0),HRV,A,MNT,EUR,MAR,Q,2013,4390961.811,,,0,0,
OECD.ITF:DSD_INFRINV@DF_INFRINV(1.0),HRV,A,MNT,EUR,MAR,Q,2014,3056414.548,,,0,0,
OECD.ITF:DSD_INFRINV@DF_INFRINV(1.0),HRV,A,MNT,EUR,MAR,Q,2015,2373997.03,,,0,0,
OECD.ITF:DSD_INFRINV@DF_INFRINV(1.0),HRV,A,MNT,EUR,MAR,Q,2016,2409255.754,,,0,0,
OECD.ITF:DSD_INFRINV@DF_INFRINV(1.0),HRV,A,MNT,EUR,MAR,Q,2017,7791714.761,,,0,0,
OECD.ITF:DSD_INFRINV@DF_INFRINV(1.0),HRV,A,MNT,EUR,MAR,Q,2018,564469.8775,,,0,0,
OECD.ITF:DSD_INFRINV@DF_INFRINV(1.0),HRV,A,MNT,EUR,MAR,Q,2019,3438811.328,,,0,0,
OECD.ITF:DSD_INFRINV@DF_INFRINV(1.0),HRV,A,MNT,EUR,MAR,Q,2020,516782.026,,,0,0,
OECD.ITF:DSD_INFRINV@DF_INFRINV(1.0),HRV,A,MNT,EUR,MAR,Q,2021,620653.4064,,,0,0,
OECD.ITF:DSD_INFRINV@DF_INFRINV(1.0),HRV,A,MNT,EUR,MAR,Q,2022,1599004.35,,,0,0,
OECD.ITF:DSD_INFRINV@DF_INFRINV(1.0),HRV,A,MNT,EUR,MAR,Q,2023,603428.0958,,,0,0,
OECD.ITF:DSD_INFRINV@DF_INFRINV(1.0),HRV,A,MNT,EUR,MAR,Q,2024,724238.825,,,0,0,
OECD.ITF:DSD_INFRINV@DF_INFRINV(1.0),IND,A,MNT,EUR,MAR,Q,2004,176443092.5,,,0,0,
OECD.ITF:DSD_INFRINV@DF_INFRINV(1.0),IND,A,MNT,EUR,MAR,Q,2005,179169059.9,,,0,0,
OECD.ITF:DSD_INFRINV@DF_INFRINV(1.0),IND,A,MNT,EUR,MAR,Q,2006,200247621.7,,,0,0,
OECD.ITF:DSD_INFRINV@DF_INFRINV(1.0),IND,A,MNT,EUR,MAR,Q,2007,235384935.4,,,0,0,
OECD.ITF:DSD_INFRINV@DF_INFRINV(1.0),IND,A,MNT,EUR,MAR,Q,2008,223662841.5,,,0,0,
OECD.ITF:DSD_INFRINV@DF_INFRINV(1.0),IND,A,MNT,EUR,MAR,Q,2009,184441009.6,,,0,0,
OECD.ITF:DSD_INFRINV@DF_INFRINV(1.0),IND,A,MNT,EUR,MAR,Q,2010,218942221.6,,,0,0,
OECD.ITF:DSD_INFRINV@DF_INFRINV(1.0),IND,A,MNT,EUR,MAR,Q,2011,166149473,,,0,0,
OECD.ITF:DSD_INFRINV@DF_INFRINV(1.0),IND,A,MNT,EUR,MAR,Q,2012,144295068.8,,,0,0,
OECD.ITF:DSD_INFRINV@DF_INFRINV(1.0),IND,A,MNT,EUR,MAR,Q,2013,202772262,,,0,0,
OECD.ITF:DSD_INFRINV@DF_INFRINV(1.0),IND,A,MNT,EUR,MAR,Q,2014,218055347.7,,,0,0,
OECD.ITF:DSD_INFRINV@DF_INFRINV(1.0),IND,A,MNT,EUR,MAR,Q,2015,265312383.2,,,0,0,
OECD.ITF:DSD_INFRINV@DF_INFRINV(1.0),MLT,A,MNT,EUR,MAR,Q,2010,1129752.019,,,0,0,
OECD.ITF:DSD_INFRINV@DF_INFRINV(1.0),MLT,A,MNT,EUR,MAR,Q,2011,1113238.634,,,0,0,
OECD.ITF:DSD_INFRINV@DF_INFRINV(1.0),MLT,A,MNT,EUR,MAR,Q,2012,1089692.598,,,0,0,
OECD.ITF:DSD_INFRINV@DF_INFRINV(1.0),MLT,A,MNT,EUR,MAR,Q,2014,2084006.294,,,0,0,
OECD.ITF:DSD_INFRINV@DF_INFRINV(1.0),ROU,A,MNT,EUR,MAR,Q,1995,32761420.85,,,0,0,
OECD.ITF:DSD_INFRINV@DF_INFRINV(1.0),BEL,A,MNT,EUR,AIR,Q,2022,2269769.694,,,0,0,
OECD.ITF:DSD_INFRINV@DF_INFRINV(1.0),BEL,A,MNT,EUR,AIR,Q,2023,1420787.543,,,0,0,
OECD.ITF:DSD_INFRINV@DF_INFRINV(1.0),BEL,A,MNT,EUR,AIR,Q,2024,927271.908,,,0,0,
OECD.ITF:DSD_INFRINV@DF_INFRINV(1.0),CAN,A,MNT,EUR,AIR,Q,2000,530310716.3,,,0,0,
OECD.ITF:DSD_INFRINV@DF_INFRINV(1.0),CAN,A,MNT,EUR,AIR,Q,2001,570662745,,,0,0,
OECD.ITF:DSD_INFRINV@DF_INFRINV(1.0),CAN,A,MNT,EUR,AIR,Q,2002,571875462.9,,,0,0,
OECD.ITF:DSD_INFRINV@DF_INFRINV(1.0),CAN,A,MNT,EUR,AIR,Q,2003,674480824.5,,,0,0,
OECD.ITF:DSD_INFRINV@DF_INFRINV(1.0),CAN,A,MNT,EUR,AIR,Q,2004,686920920.5,,,0,0,
OECD.ITF:DSD_INFRINV@DF_INFRINV(1.0),CAN,A,MNT,EUR,AIR,Q,2005,693847882.6,,,0,0,
OECD.ITF:DSD_INFRINV@DF_INFRINV(1.0),CAN,A,MNT,EUR,AIR,Q,2006,702636508.1,,,0,0,
OECD.ITF:DSD_INFRINV@DF_INFRINV(1.0),CAN,A,MNT,EUR,AIR,Q,2007,732450987.5,,,0,0,
OECD.ITF:DSD_INFRINV@DF_INFRINV(1.0),CAN,A,MNT,EUR,AIR,Q,2008,748467832.3,,,0,0,
OECD.ITF:DSD_INFRINV@DF_INFRINV(1.0),CAN,A,MNT,EUR,AIR,Q,2009,741330428.3,,,0,0,
OECD.ITF:DSD_INFRINV@DF_INFRINV(1.0),CAN,A,MNT,EUR,AIR,Q,2010,731407195.6,,,0,0,
OECD.ITF:DSD_INFRINV@DF_INFRINV(1.0),CAN,A,MNT,EUR,AIR,Q,2011,706225141.2,,,0,0,
OECD.ITF:DSD_INFRINV@DF_INFRINV(1.0),CAN,A,MNT,EUR,AIR,Q,2013,722861816.9,,,0,0,
OECD.ITF:DSD_INFRINV@DF_INFRINV(1.0),CAN,A,MNT,EUR,AIR,Q,2014,739158771.6,,,0,0,
OECD.ITF:DSD_INFRINV@DF_INFRINV(1.0),CAN,A,MNT,EUR,AIR,Q,2015,800648984.2,,,0,0,
OECD.ITF:DSD_INFRINV@DF_INFRINV(1.0),CAN,A,MNT,EUR,AIR,Q,2016,873393524.6,,,0,0,
OECD.ITF:DSD_INFRINV@DF_INFRINV(1.0),CAN,A,MNT,EUR,AIR,Q,2017,940948302.4,,,0,0,
OECD.ITF:DSD_INFRINV@DF_INFRINV(1.0),CAN,A,MNT,EUR,AIR,Q,2018,1010311280,,,0,0,
OECD.ITF:DSD_INFRINV@DF_INFRINV(1.0),CAN,A,MNT,EUR,AIR,Q,2019,1073645651,,,0,0,
OECD.ITF:DSD_INFRINV@DF_INFRINV(1.0),CHL,A,MNT,EUR,AIR,Q,1998,4949122.246,,,0,0,
OECD.ITF:DSD_INFRINV@DF_INFRINV(1.0),CHL,A,MNT,EUR,AIR,Q,1999,6481730.115,,,0,0,
OECD.ITF:DSD_INFRINV@DF_INFRINV(1.0),CHL,A,MNT,EUR,AIR,Q,2000,2229723.211,,,0,0,
OECD.ITF:DSD_INFRINV@DF_INFRINV(1.0),CHL,A,MNT,EUR,AIR,Q,2001,6574937.254,,,0,0,
OECD.ITF:DSD_INFRINV@DF_INFRINV(1.0),CHL,A,MNT,EUR,AIR,Q,2002,7081254.352,,,0,0,
OECD.ITF:DSD_INFRINV@DF_INFRINV(1.0),CHL,A,MNT,EUR,AIR,Q,2003,7888045.203,,,0,0,
OECD.ITF:DSD_INFRINV@DF_INFRINV(1.0),CHL,A,MNT,EUR,AIR,Q,2004,7320151.435,,,0,0,
OECD.ITF:DSD_INFRINV@DF_INFRINV(1.0),CHL,A,MNT,EUR,AIR,Q,2005,4525979.358,,,0,0,
OECD.ITF:DSD_INFRINV@DF_INFRINV(1.0),CHL,A,MNT,EUR,AIR,Q,2006,12042313.39,,,0,0,
OECD.ITF:DSD_INFRINV@DF_INFRINV(1.0),CHL,A,MNT,EUR,AIR,Q,2007,9118319.501,,,0,0,
OECD.ITF:DSD_INFRINV@DF_INFRINV(1.0),CHL,A,MNT,EUR,AIR,Q,2008,15413259.36,,,0,0,
OECD.ITF:DSD_INFRINV@DF_INFRINV(1.0),CHL,A,MNT,EUR,AIR,Q,2009,33912825.47,,,0,0,
OECD.ITF:DSD_INFRINV@DF_INFRINV(1.0),CHL,A,MNT,EUR,AIR,Q,2010,27537822.62,,,0,0,
OECD.ITF:DSD_INFRINV@DF_INFRINV(1.0),CHL,A,MNT,EUR,AIR,Q,2011,27163549.61,,,0,0,
OECD.ITF:DSD_INFRINV@DF_INFRINV(1.0),CHL,A,MNT,EUR,AIR,Q,2012,22353488.12,,,0,0,
OECD.ITF:DSD_INFRINV@DF_INFRINV(1.0),CHL,A,MNT,EUR,AIR,Q,2013,18287900.18,,,0,0,
OECD.ITF:DSD_INFRINV@DF_INFRINV(1.0),CHL,A,MNT,EUR,AIR,Q,2014,24051216.46,,,0,0,
OECD.ITF:DSD_INFRINV@DF_INFRINV(1.0),CHL,A,MNT,EUR,AIR,Q,2015,27262840.68,,,0,0,
OECD.ITF:DSD_INFRINV@DF_INFRINV(1.0),CHL,A,MNT,EUR,AIR,Q,2016,24215068.5,,,0,0,
OECD.ITF:DSD_INFRINV@DF_INFRINV(1.0),CHL,A,MNT,EUR,AIR,Q,2017,22794479.16,,,0,0,
OECD.ITF:DSD_INFRINV@DF_INFRINV(1.0),CHL,A,MNT,EUR,AIR,Q,2018,18968245.65,,,0,0,
OECD.ITF:DSD_INFRINV@DF_INFRINV(1.0),CHL,A,MNT,EUR,AIR,Q,2019,56310011.2,,,0,0,
OECD.ITF:DSD_INFRINV@DF_INFRINV(1.0),CZE,A,MNT,EUR,AIR,Q,1995,16382898.03,,,0,0,
OECD.ITF:DSD_INFRINV@DF_INFRINV(1.0),CZE,A,MNT,EUR,AIR,Q,1996,9876692.08,,,0,0,
OECD.ITF:DSD_INFRINV@DF_INFRINV(1.0),CZE,A,MNT,EUR,AIR,Q,1997,13339619.1,,,0,0,
OECD.ITF:DSD_INFRINV@DF_INFRINV(1.0),CZE,A,MNT,EUR,AIR,Q,1998,15871318.37,,,0,0,
OECD.ITF:DSD_INFRINV@DF_INFRINV(1.0),CZE,A,MNT,EUR,AIR,Q,1999,16043947.58,,,0,0,
OECD.ITF:DSD_INFRINV@DF_INFRINV(1.0),CZE,A,MNT,EUR,AIR,Q,2000,21893886.58,,,0,0,
OECD.ITF:DSD_INFRINV@DF_INFRINV(1.0),CZE,A,MNT,EUR,AIR,Q,2001,22021127.93,,,0,0,
OECD.ITF:DSD_INFRINV@DF_INFRINV(1.0),CZE,A,MNT,EUR,AIR,Q,2002,17216784.63,,,0,0,
OECD.ITF:DSD_INFRINV@DF_INFRINV(1.0),CZE,A,MNT,EUR,AIR,Q,2003,15394612.58,,,0,0,
OECD.ITF:DSD_INFRINV@DF_INFRINV(1.0),CZE,A,MNT,EUR,AIR,Q,2004,18493051.46,,,0,0,
OECD.ITF:DSD_INFRINV@DF_INFRINV(1.0),CZE,A,MNT,EUR,AIR,Q,2005,17748567.45,,,0,0,
OECD.ITF:DSD_INFRINV@DF_INFRINV(1.0),CZE,A,MNT,EUR,AIR,Q,2006,9284502.668,,,0,0,
OECD.ITF:DSD_INFRINV@DF_INFRINV(1.0),CZE,A,MNT,EUR,AIR,Q,2007,13916425.09,,,0,0,
OECD.ITF:DSD_INFRINV@DF_INFRINV(1.0),CZE,A,MNT,EUR,AIR,Q,2008,11330630.18,,,0,0,
OECD.ITF:DSD_INFRINV@DF_INFRINV(1.0),CZE,A,MNT,EUR,AIR,Q,2009,12068653.47,,,0,0,
OECD.ITF:DSD_INFRINV@DF_INFRINV(1.0),CZE,A,MNT,EUR,AIR,Q,2010,12712095.76,,,0,0,
OECD.ITF:DSD_INFRINV@DF_INFRINV(1.0),CZE,A,MNT,EUR,AIR,Q,2011,6333070.425,,,0,0,
OECD.ITF:DSD_INFRINV@DF_INFRINV(1.0),CZE,A,MNT,EUR,AIR,Q,2012,8147268.522,,,0,0,
OECD.ITF:DSD_INFRINV@DF_INFRINV(1.0),CZE,A,MNT,EUR,AIR,Q,2013,14686460.53,,,0,0,
OECD.ITF:DSD_INFRINV@DF_INFRINV(1.0),CZE,A,MNT,EUR,AIR,Q,2014,9161245.37,,,0,0,
OECD.ITF:DSD_INFRINV@DF_INFRINV(1.0),CZE,A,MNT,EUR,AIR,Q,2015,8172988.822,,,0,0,
OECD.ITF:DSD_INFRINV@DF_INFRINV(1.0),CZE,A,MNT,EUR,AIR,Q,2016,10744917.51,,,0,0,
OECD.ITF:DSD_INFRINV@DF_INFRINV(1.0),CZE,A,MNT,EUR,AIR,Q,2017,16111690.14,,,0,0,
OECD.ITF:DSD_INFRINV@DF_INFRINV(1.0),CZE,A,MNT,EUR,AIR,Q,2018,12123581.51,,,0,0,
OECD.ITF:DSD_INFRINV@DF_INFRINV(1.0),CZE,A,MNT,EUR,AIR,Q,2019,12052719.65,,,0,0,
OECD.ITF:DSD_INFRINV@DF_INFRINV(1.0),CZE,A,MNT,EUR,AIR,Q,2020,7394674.472,,,0,0,
OECD.ITF:DSD_INFRINV@DF_INFRINV(1.0),CZE,A,MNT,EUR,AIR,Q,2021,545885.9194,,,0,0,
OECD.ITF:DSD_INFRINV@DF_INFRINV(1.0),CZE,A,MNT,EUR,AIR,Q,2022,4694762.242,,,0,0,
OECD.ITF:DSD_INFRINV@DF_INFRINV(1.0),CZE,A,MNT,EUR,AIR,Q,2023,5121123.534,,,0,0,
OECD.ITF:DSD_INFRINV@DF_INFRINV(1.0),CZE,A,MNT,EUR,AIR,Q,2024,6319598.465,,,0,0,
OECD.ITF:DSD_INFRINV@DF_INFRINV(1.0),FIN,A,MNT,EUR,AIR,Q,1995,150333881.1,,,0,0,
OECD.ITF:DSD_INFRINV@DF_INFRINV(1.0),FIN,A,MNT,EUR,AIR,Q,1996,166339823.5,,,0,0,
OECD.ITF:DSD_INFRINV@DF_INFRINV(1.0),FIN,A,MNT,EUR,AIR,Q,1997,217480649.4,,,0,0,
OECD.ITF:DSD_INFRINV@DF_INFRINV(1.0),FIN,A,MNT,EUR,AIR,Q,1998,213768725.8,,,0,0,
OECD.ITF:DSD_INFRINV@DF_INFRINV(1.0),FIN,A,MNT,EUR,AIR,Q,1999,224196628.7,,,0,0,
OECD.ITF:DSD_INFRINV@DF_INFRINV(1.0),FIN,A,MNT,EUR,AIR,Q,2000,221225247.5,,,0,0,
OECD.ITF:DSD_INFRINV@DF_INFRINV(1.0),FIN,A,MNT,EUR,AIR,Q,2001,224926031,,,0,0,
OECD.ITF:DSD_INFRINV@DF_INFRINV(1.0),FIN,A,MNT,EUR,AIR,Q,2002,223720275.6,,,0,0,
OECD.ITF:DSD_INFRINV@DF_INFRINV(1.0),FIN,A,MNT,EUR,AIR,Q,2003,234894949.8,,,0,0,
OECD.ITF:DSD_INFRINV@DF_INFRINV(1.0),FIN,A,MNT,EUR,AIR,Q,2004,253433960.2,,,0,0,
OECD.ITF:DSD_INFRINV@DF_INFRINV(1.0),FIN,A,MNT,EUR,AIR,Q,2005,241133995.9,,,0,0,
OECD.ITF:DSD_INFRINV@DF_INFRINV(1.0),FIN,A,MNT,EUR,AIR,Q,2006,255828607.4,,,0,0,
OECD.ITF:DSD_INFRINV@DF_INFRINV(1.0),FIN,A,MNT,EUR,AIR,Q,2007,262170483,,,0,0,
OECD.ITF:DSD_INFRINV@DF_INFRINV(1.0),FIN,A,MNT,EUR,AIR,Q,2008,258576491.8,,,0,0,
OECD.ITF:DSD_INFRINV@DF_INFRINV(1.0),FIN,A,MNT,EUR,AIR,Q,2009,261634189.9,,,0,0,
OECD.ITF:DSD_INFRINV@DF_INFRINV(1.0),FIN,A,MNT,EUR,AIR,Q,2010,265942711.5,,,0,0,
OECD.ITF:DSD_INFRINV@DF_INFRINV(1.0),FIN,A,MNT,EUR,AIR,Q,2011,278833702.3,,,0,0,
OECD.ITF:DSD_INFRINV@DF_INFRINV(1.0),FIN,A,MNT,EUR,AIR,Q,2012,265830820.5,,,0,0,
OECD.ITF:DSD_INFRINV@DF_INFRINV(1.0),FIN,A,MNT,EUR,AIR,Q,2013,246918438.2,,,0,0,
OECD.ITF:DSD_INFRINV@DF_INFRINV(1.0),FIN,A,MNT,EUR,AIR,Q,2014,227741449.9,,,0,0,
OECD.ITF:DSD_INFRINV@DF_INFRINV(1.0),FIN,A,MNT,EUR,AIR,Q,2015,232015669,,,0,0,
OECD.ITF:DSD_INFRINV@DF_INFRINV(1.0),FIN,A,MNT,EUR,AIR,Q,2016,243761235.9,,,0,0,
OECD.ITF:DSD_INFRINV@DF_INFRINV(1.0),FIN,A,MNT,EUR,AIR,Q,2017,216896107.8,,,0,0,
OECD.ITF:DSD_INFRINV@DF_INFRINV(1.0),FIN,A,MNT,EUR,AIR,Q,2018,201664625.3,,,0,0,
OECD.ITF:DSD_INFRINV@DF_INFRINV(1.0),FIN,A,MNT,EUR,AIR,Q,2019,209306529.4,,,0,0,
OECD.ITF:DSD_INFRINV@DF_INFRINV(1.0),FIN,A,MNT,EUR,AIR,Q,2020,158599624.1,,,0,0,
OECD.ITF:DSD_INFRINV@DF_INFRINV(1.0),FIN,A,MNT,EUR,AIR,Q,2021,141515032.5,,,0,0,
OECD.ITF:DSD_INFRINV@DF_INFRINV(1.0),FIN,A,MNT,EUR,AIR,Q,2022,162531325.3,,,0,0,
OECD.ITF:DSD_INFRINV@DF_INFRINV(1.0),FIN,A,MNT,EUR,AIR,Q,2023,172400582.3,,,0,0,
OECD.ITF:DSD_INFRINV@DF_INFRINV(1.0),HUN,A,MNT,EUR,AIR,Q,2017,1925013.215,,,0,0,
OECD.ITF:DSD_INFRINV@DF_INFRINV(1.0),HUN,A,MNT,EUR,AIR,Q,2018,1759806.986,,,0,0,
OECD.ITF:DSD_INFRINV@DF_INFRINV(1.0),HUN,A,MNT,EUR,AIR,Q,2019,1888227.39,,,0,0,
OECD.ITF:DSD_INFRINV@DF_INFRINV(1.0),HUN,A,MNT,EUR,AIR,Q,2020,1586509.475,,,0,0,
OECD.ITF:DSD_INFRINV@DF_INFRINV(1.0),HUN,A,MNT,EUR,AIR,Q,2021,1720658.717,,,0,0,
OECD.ITF:DSD_INFRINV@DF_INFRINV(1.0),HUN,A,MNT,EUR,AIR,Q,2022,1374190.049,,,0,0,
OECD.ITF:DSD_INFRINV@DF_INFRINV(1.0),HUN,A,MNT,EUR,AIR,Q,2023,1004556.618,,,0,0,
OECD.ITF:DSD_INFRINV@DF_INFRINV(1.0),HUN,A,MNT,EUR,AIR,Q,2024,2411934.701,,,0,0,
OECD.ITF:DSD_INFRINV@DF_INFRINV(1.0),ISL,A,MNT,EUR,AIR,Q,2010,684201.1082,,,0,0,
OECD.ITF:DSD_INFRINV@DF_INFRINV(1.0),ISL,A,MNT,EUR,AIR,Q,2011,744803.0041,,,0,0,
OECD.ITF:DSD_INFRINV@DF_INFRINV(1.0),ISL,A,MNT,EUR,AIR,Q,2012,759386.6888,,,0,0,
OECD.ITF:DSD_INFRINV@DF_INFRINV(1.0),ISL,A,MNT,EUR,AIR,Q,2013,1058406.133,,,0,0,
OECD.ITF:DSD_INFRINV@DF_INFRINV(1.0),ISL,A,MNT,EUR,AIR,Q,2014,979394.2437,,,0,0,
OECD.ITF:DSD_INFRINV@DF_INFRINV(1.0),ISL,A,MNT,EUR,AIR,Q,2015,1882527.548,,,0,0,
OECD.ITF:DSD_INFRINV@DF_INFRINV(1.0),ISL,A,MNT,EUR,AIR,Q,2016,1817672.34,,,0,0,
OECD.ITF:DSD_INFRINV@DF_INFRINV(1.0),ISL,A,MNT,EUR,AIR,Q,2017,888654.3223,,,0,0,
OECD.ITF:DSD_INFRINV@DF_INFRINV(1.0),ISL,A,MNT,EUR,AIR,Q,2018,1110867.686,,,0,0,
OECD.ITF:DSD_INFRINV@DF_INFRINV(1.0),ISL,A,MNT,EUR,AIR,Q,2019,1684714.474,,,0,0,
OECD.ITF:DSD_INFRINV@DF_INFRINV(1.0),ISL,A,MNT,EUR,AIR,Q,2020,1993153.191,,,0,0,
OECD.ITF:DSD_INFRINV@DF_INFRINV(1.0),ISL,A,MNT,EUR,AIR,Q,2021,7980580.599,,,0,0,
OECD.ITF:DSD_INFRINV@DF_INFRINV(1.0),IRL,A,MNT,EUR,AIR,Q,2001,43538313.72,,,0,0,
OECD.ITF:DSD_INFRINV@DF_INFRINV(1.0),IRL,A,MNT,EUR,AIR,Q,2002,42328969.07,,,0,0,
OECD.ITF:DSD_INFRINV@DF_INFRINV(1.0),IRL,A,MNT,EUR,AIR,Q,2003,43466291.89,,,0,0,
OECD.ITF:DSD_INFRINV@DF_INFRINV(1.0),IRL,A,MNT,EUR,AIR,Q,2004,40009602.3,,,0,0,
OECD.ITF:DSD_INFRINV@DF_INFRINV(1.0),IRL,A,MNT,EUR,AIR,Q,2005,41884550.95,,,0,0,
OECD.ITF:DSD_INFRINV@DF_INFRINV(1.0),IRL,A,MNT,EUR,AIR,Q,2006,40056766.16,,,0,0,
OECD.ITF:DSD_INFRINV@DF_INFRINV(1.0),IRL,A,MNT,EUR,AIR,Q,2007,41433370.66,,,0,0,
OECD.ITF:DSD_INFRINV@DF_INFRINV(1.0),IRL,A,MNT,EUR,AIR,Q,2008,40101011.2,,,0,0,
OECD.ITF:DSD_INFRINV@DF_INFRINV(1.0),IRL,A,MNT,EUR,AIR,Q,2009,36899956.39,,,0,0,
OECD.ITF:DSD_INFRINV@DF_INFRINV(1.0),IRL,A,MNT,EUR,AIR,Q,2010,37026146.99,,,0,0,
OECD.ITF:DSD_INFRINV@DF_INFRINV(1.0),IRL,A,MNT,EUR,AIR,Q,2011,30871097.2,,,0,0,
OECD.ITF:DSD_INFRINV@DF_INFRINV(1.0),IRL,A,MNT,EUR,AIR,Q,2020,941619.5857,,,0,0,
OECD.ITF:DSD_INFRINV@DF_INFRINV(1.0),IRL,A,MNT,EUR,AIR,Q,2021,12142237.64,,,0,0,
OECD.ITF:DSD_INFRINV@DF_INFRINV(1.0),IRL,A,MNT,EUR,AIR,Q,2022,14775195.4,,,0,0,
OECD.ITF:DSD_INFRINV@DF_INFRINV(1.0),IRL,A,MNT,EUR,AIR,Q,2023,15191586.62,,,0,0,
OECD.ITF:DSD_INFRINV@DF_INFRINV(1.0),IRL,A,MNT,EUR,AIR,Q,2024,19273393.08,,,0,0,
OECD.ITF:DSD_INFRINV@DF_INFRINV(1.0),ITA,A,MNT,EUR,AIR,Q,1995,295097427.8,,,0,0,
OECD.ITF:DSD_INFRINV@DF_INFRINV(1.0),ITA,A,MNT,EUR,AIR,Q,1996,255042555.7,,,0,0,
OECD.ITF:DSD_INFRINV@DF_INFRINV(1.0),ITA,A,MNT,EUR,AIR,Q,1997,298456553.3,,,0,0,
OECD.ITF:DSD_INFRINV@DF_INFRINV(1.0),ITA,A,MNT,EUR,AIR,Q,1998,273504748.2,,,0,0,
OECD.ITF:DSD_INFRINV@DF_INFRINV(1.0),ITA,A,MNT,EUR,AIR,Q,1999,128605045.7,,,0,0,
OECD.ITF:DSD_INFRINV@DF_INFRINV(1.0),ITA,A,MNT,EUR,AIR,Q,2000,297138862,,,0,0,
OECD.ITF:DSD_INFRINV@DF_INFRINV(1.0),ITA,A,MNT,EUR,AIR,Q,2001,665327314.9,,,0,0,
OECD.ITF:DSD_INFRINV@DF_INFRINV(1.0),ITA,A,MNT,EUR,AIR,Q,2002,1668182048,,,0,0,
OECD.ITF:DSD_INFRINV@DF_INFRINV(1.0),ITA,A,MNT,EUR,AIR,Q,2003,272963180.6,,,0,0,
OECD.ITF:DSD_INFRINV@DF_INFRINV(1.0),ITA,A,MNT,EUR,AIR,Q,2004,226611325.8,,,0,0,
OECD.ITF:DSD_INFRINV@DF_INFRINV(1.0),ITA,A,MNT,EUR,AIR,Q,2005,207963361.1,,,0,0,
OECD.ITF:DSD_INFRINV@DF_INFRINV(1.0),ITA,A,MNT,EUR,AIR,Q,2006,225173738.1,,,0,0,
OECD.ITF:DSD_INFRINV@DF_INFRINV(1.0),ITA,A,MNT,EUR,AIR,Q,2007,126051357.6,,,0,0,
OECD.ITF:DSD_INFRINV@DF_INFRINV(1.0),ITA,A,MNT,EUR,AIR,Q,2008,106751486.9,,,0,0,
OECD.ITF:DSD_INFRINV@DF_INFRINV(1.0),ITA,A,MNT,EUR,AIR,Q,2009,107032002.6,,,0,0,
OECD.ITF:DSD_INFRINV@DF_INFRINV(1.0),ITA,A,MNT,EUR,AIR,Q,2010,108523337.8,,,0,0,
OECD.ITF:DSD_INFRINV@DF_INFRINV(1.0),ITA,A,MNT,EUR,AIR,Q,2011,99358873.79,,,0,0,
OECD.ITF:DSD_INFRINV@DF_INFRINV(1.0),ITA,A,MNT,EUR,AIR,Q,2012,118262872.7,,,0,0,
OECD.ITF:DSD_INFRINV@DF_INFRINV(1.0),ITA,A,MNT,EUR,AIR,Q,2013,110845578.9,,,0,0,
OECD.ITF:DSD_INFRINV@DF_INFRINV(1.0),ITA,A,MNT,EUR,AIR,Q,2014,93728268.65,,,0,0,
OECD.ITF:DSD_INFRINV@DF_INFRINV(1.0),ITA,A,MNT,EUR,AIR,Q,2015,90000000,,,0,0,
OECD.ITF:DSD_INFRINV@DF_INFRINV(1.0),ITA,A,MNT,EUR,AIR,Q,2016,167904551.2,,,0,0,
OECD.ITF:DSD_INFRINV@DF_INFRINV(1.0),ITA,A,MNT,EUR,AIR,Q,2017,138281387.9,,,0,0,
OECD.ITF:DSD_INFRINV@DF_INFRINV(1.0),ITA,A,MNT,EUR,AIR,Q,2018,170777620.4,,,0,0,
OECD.ITF:DSD_INFRINV@DF_INFRINV(1.0),ITA,A,MNT,EUR,AIR,Q,2019,192054697.2,,,0,0,
OECD.ITF:DSD_INFRINV@DF_INFRINV(1.0),ITA,A,MNT,EUR,AIR,Q,2020,363017583.7,,,0,0,
OECD.ITF:DSD_INFRINV@DF_INFRINV(1.0),ITA,A,MNT,EUR,AIR,Q,2021,1038856791,,,0,0,
OECD.ITF:DSD_INFRINV@DF_INFRINV(1.0),ITA,A,MNT,EUR,AIR,Q,2022,180441902.2,,,0,0,
OECD.ITF:DSD_INFRINV@DF_INFRINV(1.0),ITA,A,MNT,EUR,AIR,Q,2023,297943916.3,,,0,0,
OECD.ITF:DSD_INFRINV@DF_INFRINV(1.0),KOR,A,MNT,EUR,AIR,Q,2004,19276137.91,,,0,0,
OECD.ITF:DSD_INFRINV@DF_INFRINV(1.0),KOR,A,MNT,EUR,AIR,Q,2005,25574992.27,,,0,0,
OECD.ITF:DSD_INFRINV@DF_INFRINV(1.0),KOR,A,MNT,EUR,AIR,Q,2006,33854882.8,,,0,0,
OECD.ITF:DSD_INFRINV@DF_INFRINV(1.0),KOR,A,MNT,EUR,AIR,Q,2007,32822446.56,,,0,0,
OECD.ITF:DSD_INFRINV@DF_INFRINV(1.0),KOR,A,MNT,EUR,AIR,Q,2008,19749902.11,,,0,0,
OECD.ITF:DSD_INFRINV@DF_INFRINV(1.0),KOR,A,MNT,EUR,AIR,Q,2009,18679487.14,,,0,0,
OECD.ITF:DSD_INFRINV@DF_INFRINV(1.0),KOR,A,MNT,EUR,AIR,Q,2010,19666378.43,,,0,0,
OECD.ITF:DSD_INFRINV@DF_INFRINV(1.0),KOR,A,MNT,EUR,AIR,Q,2011,17936800.05,,,0,0,
OECD.ITF:DSD_INFRINV@DF_INFRINV(1.0),KOR,A,MNT,EUR,AIR,Q,2012,21019911.54,,,0,0,
OECD.ITF:DSD_INFRINV@DF_INFRINV(1.0),KOR,A,MNT,EUR,AIR,Q,2013,22683164.72,,,0,0,
OECD.ITF:DSD_INFRINV@DF_INFRINV(1.0),KOR,A,MNT,EUR,AIR,Q,2014,39744291.37,,,0,0,
OECD.ITF:DSD_INFRINV@DF_INFRINV(1.0),KOR,A,MNT,EUR,AIR,Q,2015,50564900.74,,,0,0,
OECD.ITF:DSD_INFRINV@DF_INFRINV(1.0),KOR,A,MNT,EUR,AIR,Q,2016,41606535.67,,,0,0,
OECD.ITF:DSD_INFRINV@DF_INFRINV(1.0),KOR,A,MNT,EUR,AIR,Q,2017,81884022.65,,,0,0,
OECD.ITF:DSD_INFRINV@DF_INFRINV(1.0),KOR,A,MNT,EUR,AIR,Q,2018,72683478.73,,,0,0,
OECD.ITF:DSD_INFRINV@DF_INFRINV(1.0),KOR,A,MNT,EUR,AIR,Q,2019,81057824.88,,,0,0,
OECD.ITF:DSD_INFRINV@DF_INFRINV(1.0),LTU,A,MNT,EUR,AIR,Q,1998,1616788.734,,,0,0,
OECD.ITF:DSD_INFRINV@DF_INFRINV(1.0),LTU,A,MNT,EUR,AIR,Q,1999,1582303.517,,,0,0,
OECD.ITF:DSD_INFRINV@DF_INFRINV(1.0),LTU,A,MNT,EUR,AIR,Q,2000,1567987.958,,,0,0,
OECD.ITF:DSD_INFRINV@DF_INFRINV(1.0),LTU,A,MNT,EUR,AIR,Q,2001,4729175.862,,,0,0,
OECD.ITF:DSD_INFRINV@DF_INFRINV(1.0),LTU,A,MNT,EUR,AIR,Q,2002,4729548.643,,,0,0,
OECD.ITF:DSD_INFRINV@DF_INFRINV(1.0),LTU,A,MNT,EUR,AIR,Q,2003,4680990.498,,,0,0,
OECD.ITF:DSD_INFRINV@DF_INFRINV(1.0),LTU,A,MNT,EUR,AIR,Q,2004,4409624.741,,,0,0,
OECD.ITF:DSD_INFRINV@DF_INFRINV(1.0),LTU,A,MNT,EUR,AIR,Q,2005,4096513.867,,,0,0,
OECD.ITF:DSD_INFRINV@DF_INFRINV(1.0),LTU,A,MNT,EUR,AIR,Q,2006,3730600.875,,,0,0,
OECD.ITF:DSD_INFRINV@DF_INFRINV(1.0),LTU,A,MNT,EUR,AIR,Q,2007,4372731.645,,,0,0,
OECD.ITF:DSD_INFRINV@DF_INFRINV(1.0),LTU,A,MNT,EUR,AIR,Q,2008,11978319.24,,,0,0,
OECD.ITF:DSD_INFRINV@DF_INFRINV(1.0),LTU,A,MNT,EUR,AIR,Q,2009,2233563.763,,,0,0,
OECD.ITF:DSD_INFRINV@DF_INFRINV(1.0),LTU,A,MNT,EUR,AIR,Q,2010,1166888.375,,,0,0,
OECD.ITF:DSD_INFRINV@DF_INFRINV(1.0),LTU,A,MNT,EUR,AIR,Q,2011,1123494.517,,,0,0,
OECD.ITF:DSD_INFRINV@DF_INFRINV(1.0),LTU,A,MNT,EUR,AIR,Q,2012,1083259.311,,,0,0,
OECD.ITF:DSD_INFRINV@DF_INFRINV(1.0),LTU,A,MNT,EUR,AIR,Q,2013,2081057.177,,,0,0,
OECD.ITF:DSD_INFRINV@DF_INFRINV(1.0),LTU,A,MNT,EUR,AIR,Q,2014,2032127.943,,,0,0,
OECD.ITF:DSD_INFRINV@DF_INFRINV(1.0),LTU,A,MNT,EUR,AIR,Q,2016,2955723.265,,,0,0,
OECD.ITF:DSD_INFRINV@DF_INFRINV(1.0),LTU,A,MNT,EUR,AIR,Q,2017,4781348.914,,,0,0,
OECD.ITF:DSD_INFRINV@DF_INFRINV(1.0),LTU,A,MNT,EUR,AIR,Q,2018,3717679.425,,,0,0,
OECD.ITF:DSD_INFRINV@DF_INFRINV(1.0),LTU,A,MNT,EUR,AIR,Q,2019,2672510.556,,,0,0,
OECD.ITF:DSD_INFRINV@DF_INFRINV(1.0),LTU,A,MNT,EUR,AIR,Q,2020,1757129.553,,,0,0,
OECD.ITF:DSD_INFRINV@DF_INFRINV(1.0),LTU,A,MNT,EUR,AIR,Q,2021,2482560.016,,,0,0,
OECD.ITF:DSD_INFRINV@DF_INFRINV(1.0),LTU,A,MNT,EUR,AIR,Q,2022,2095879.501,,,0,0,
OECD.ITF:DSD_INFRINV@DF_INFRINV(1.0),LTU,A,MNT,EUR,AIR,Q,2023,3326370.132,,,0,0,
OECD.ITF:DSD_INFRINV@DF_INFRINV(1.0),LTU,A,MNT,EUR,AIR,Q,2024,3256925.853,,,0,0,
OECD.ITF:DSD_INFRINV@DF_INFRINV(1.0),LUX,A,MNT,EUR,AIR,Q,1995,4633648.936,,,0,0,
OECD.ITF:DSD_INFRINV@DF_INFRINV(1.0),LUX,A,MNT,EUR,AIR,Q,1996,4930679.13,,,0,0,
OECD.ITF:DSD_INFRINV@DF_INFRINV(1.0),LUX,A,MNT,EUR,AIR,Q,1997,4522894.524,,,0,0,
OECD.ITF:DSD_INFRINV@DF_INFRINV(1.0),LUX,A,MNT,EUR,AIR,Q,1998,4875026.123,,,0,0,
OECD.ITF:DSD_INFRINV@DF_INFRINV(1.0),LUX,A,MNT,EUR,AIR,Q,1999,5285703.486,,,0,0,
OECD.ITF:DSD_INFRINV@DF_INFRINV(1.0),LUX,A,MNT,EUR,AIR,Q,2000,4816876.563,,,0,0,
OECD.ITF:DSD_INFRINV@DF_INFRINV(1.0),LUX,A,MNT,EUR,AIR,Q,2001,4958553.771,,,0,0,
OECD.ITF:DSD_INFRINV@DF_INFRINV(1.0),LUX,A,MNT,EUR,AIR,Q,2002,5366622.153,,,0,0,
OECD.ITF:DSD_INFRINV@DF_INFRINV(1.0),LUX,A,MNT,EUR,AIR,Q,2003,5351405.725,,,0,0,
OECD.ITF:DSD_INFRINV@DF_INFRINV(1.0),LUX,A,MNT,EUR,AIR,Q,2004,6110401.145,,,0,0,
OECD.ITF:DSD_INFRINV@DF_INFRINV(1.0),LUX,A,MNT,EUR,AIR,Q,2005,7747010.191,,,0,0,
OECD.ITF:DSD_INFRINV@DF_INFRINV(1.0),LUX,A,MNT,EUR,AIR,Q,2006,11088235.19,,,0,0,
OECD.ITF:DSD_INFRINV@DF_INFRINV(1.0),LUX,A,MNT,EUR,AIR,Q,2007,5312438.184,,,0,0,
OECD.ITF:DSD_INFRINV@DF_INFRINV(1.0),LUX,A,MNT,EUR,AIR,Q,2008,4229477.065,,,0,0,
OECD.ITF:DSD_INFRINV@DF_INFRINV(1.0),LUX,A,MNT,EUR,AIR,Q,2009,5800141.925,,,0,0,
OECD.ITF:DSD_INFRINV@DF_INFRINV(1.0),LUX,A,MNT,EUR,AIR,Q,2010,8667462.361,,,0,0,
OECD.ITF:DSD_INFRINV@DF_INFRINV(1.0),LUX,A,MNT,EUR,AIR,Q,2011,7715074.301,,,0,0,
OECD.ITF:DSD_INFRINV@DF_INFRINV(1.0),LUX,A,MNT,EUR,AIR,Q,2012,10459485.5,,,0,0,
OECD.ITF:DSD_INFRINV@DF_INFRINV(1.0),LUX,A,MNT,EUR,AIR,Q,2013,10093041.78,,,0,0,
OECD.ITF:DSD_INFRINV@DF_INFRINV(1.0),LUX,A,MNT,EUR,AIR,Q,2014,7670047.736,,,0,0,
OECD.ITF:DSD_INFRINV@DF_INFRINV(1.0),LUX,A,MNT,EUR,AIR,Q,2015,10958492,,,0,0,
OECD.ITF:DSD_INFRINV@DF_INFRINV(1.0),LUX,A,MNT,EUR,AIR,Q,2016,9694034.967,,,0,0,
OECD.ITF:DSD_INFRINV@DF_INFRINV(1.0),LUX,A,MNT,EUR,AIR,Q,2017,7467979.805,,,0,0,
OECD.ITF:DSD_INFRINV@DF_INFRINV(1.0),LUX,A,MNT,EUR,AIR,Q,2018,11635055.63,,,0,0,
OECD.ITF:DSD_INFRINV@DF_INFRINV(1.0),LUX,A,MNT,EUR,AIR,Q,2019,14891304.13,,,0,0,
OECD.ITF:DSD_INFRINV@DF_INFRINV(1.0),LUX,A,MNT,EUR,AIR,Q,2020,16196942.41,,,0,0,
OECD.ITF:DSD_INFRINV@DF_INFRINV(1.0),NZL,A,MNT,EUR,AIR,Q,2009,123754402.6,,,0,0,
OECD.ITF:DSD_INFRINV@DF_INFRINV(1.0),NZL,A,MNT,EUR,AIR,Q,2010,116713566.9,,,0,0,
OECD.ITF:DSD_INFRINV@DF_INFRINV(1.0),NZL,A,MNT,EUR,AIR,Q,2011,139848532.7,,,0,0,
OECD.ITF:DSD_INFRINV@DF_INFRINV(1.0),NZL,A,MNT,EUR,AIR,Q,2012,158252633.4,,,0,0,
OECD.ITF:DSD_INFRINV@DF_INFRINV(1.0),NZL,A,MNT,EUR,AIR,Q,2013,165077323.5,,,0,0,
OECD.ITF:DSD_INFRINV@DF_INFRINV(1.0),NZL,A,MNT,EUR,AIR,Q,2014,174743800.5,,,0,0,
OECD.ITF:DSD_INFRINV@DF_INFRINV(1.0),NZL,A,MNT,EUR,AIR,Q,2015,185758355.3,,,0,0,
OECD.ITF:DSD_INFRINV@DF_INFRINV(1.0),NZL,A,MNT,EUR,AIR,Q,2016,155209406.4,,,0,0,
OECD.ITF:DSD_INFRINV@DF_INFRINV(1.0),NZL,A,MNT,EUR,AIR,Q,2017,162316098.7,,,0,0,
OECD.ITF:DSD_INFRINV@DF_INFRINV(1.0),NZL,A,MNT,EUR,AIR,Q,2018,175241214.4,,,0,0,
OECD.ITF:DSD_INFRINV@DF_INFRINV(1.0),NZL,A,MNT,EUR,AIR,Q,2019,176717848.4,,,0,0,
OECD.ITF:DSD_INFRINV@DF_INFRINV(1.0),NOR,A,MNT,EUR,AIR,Q,1995,47093245.56,,,0,0,
OECD.ITF:DSD_INFRINV@DF_INFRINV(1.0),NOR,A,MNT,EUR,AIR,Q,1996,50565544.2,,,0,0,
OECD.ITF:DSD_INFRINV@DF_INFRINV(1.0),NOR,A,MNT,EUR,AIR,Q,1997,53352433.24,,,0,0,
OECD.ITF:DSD_INFRINV@DF_INFRINV(1.0),NOR,A,MNT,EUR,AIR,Q,1998,57852746.24,,,0,0,
OECD.ITF:DSD_INFRINV@DF_INFRINV(1.0),NOR,A,MNT,EUR,AIR,Q,1999,53574159.82,,,0,0,
OECD.ITF:DSD_INFRINV@DF_INFRINV(1.0),NOR,A,MNT,EUR,AIR,Q,2000,52978160.02,,,0,0,
OECD.ITF:DSD_INFRINV@DF_INFRINV(1.0),POL,A,MNT,EUR,AIR,Q,1995,269390728.1,,,0,0,
OECD.ITF:DSD_INFRINV@DF_INFRINV(1.0),POL,A,MNT,EUR,AIR,Q,1996,482734.5872,,,0,0,
OECD.ITF:DSD_INFRINV@DF_INFRINV(1.0),POL,A,MNT,EUR,AIR,Q,1997,6368182.417,,,0,0,
OECD.ITF:DSD_INFRINV@DF_INFRINV(1.0),POL,A,MNT,EUR,AIR,Q,1998,382310.9097,,,0,0,
OECD.ITF:DSD_INFRINV@DF_INFRINV(1.0),POL,A,MNT,EUR,AIR,Q,1999,1440271.725,,,0,0,
OECD.ITF:DSD_INFRINV@DF_INFRINV(1.0),POL,A,MNT,EUR,AIR,Q,2000,1358010.221,,,0,0,
OECD.ITF:DSD_INFRINV@DF_INFRINV(1.0),POL,A,MNT,EUR,AIR,Q,2001,2302808.65,,,0,0,
OECD.ITF:DSD_INFRINV@DF_INFRINV(1.0),POL,A,MNT,EUR,AIR,Q,2002,2907935.533,,,0,0,
OECD.ITF:DSD_INFRINV@DF_INFRINV(1.0),POL,A,MNT,EUR,AIR,Q,2003,1923726.398,,,0,0,
OECD.ITF:DSD_INFRINV@DF_INFRINV(1.0),POL,A,MNT,EUR,AIR,Q,2004,1833298.177,,,0,0,
OECD.ITF:DSD_INFRINV@DF_INFRINV(1.0),POL,A,MNT,EUR,AIR,Q,2005,2381900.238,,,0,0,
OECD.ITF:DSD_INFRINV@DF_INFRINV(1.0),POL,A,MNT,EUR,AIR,Q,2006,4681821.804,,,0,0,
OECD.ITF:DSD_INFRINV@DF_INFRINV(1.0),POL,A,MNT,EUR,AIR,Q,2007,5920192.904,,,0,0,
OECD.ITF:DSD_INFRINV@DF_INFRINV(1.0),POL,A,MNT,EUR,AIR,Q,2008,18987067.51,,,0,0,
OECD.ITF:DSD_INFRINV@DF_INFRINV(1.0),POL,A,MNT,EUR,AIR,Q,2009,4960751.998,,,0,0,
OECD.ITF:DSD_INFRINV@DF_INFRINV(1.0),POL,A,MNT,EUR,AIR,Q,2010,5140664.301,,,0,0,
OECD.ITF:DSD_INFRINV@DF_INFRINV(1.0),POL,A,MNT,EUR,AIR,Q,2011,21198067.96,,,0,0,
OECD.ITF:DSD_INFRINV@DF_INFRINV(1.0),POL,A,MNT,EUR,AIR,Q,2012,65652263.6,,,0,0,
OECD.ITF:DSD_INFRINV@DF_INFRINV(1.0),POL,A,MNT,EUR,AIR,Q,2013,34319331.42,,,0,0,
OECD.ITF:DSD_INFRINV@DF_INFRINV(1.0),POL,A,MNT,EUR,AIR,Q,2014,63948870.11,,,0,0,
OECD.ITF:DSD_INFRINV@DF_INFRINV(1.0),POL,A,MNT,EUR,AIR,Q,2015,96346944.63,,,0,0,
OECD.ITF:DSD_INFRINV@DF_INFRINV(1.0),POL,A,MNT,EUR,AIR,Q,2016,16004694.49,,,0,0,
OECD.ITF:DSD_INFRINV@DF_INFRINV(1.0),POL,A,MNT,EUR,AIR,Q,2017,2112482.194,,,0,0,
OECD.ITF:DSD_INFRINV@DF_INFRINV(1.0),POL,A,MNT,EUR,AIR,Q,2018,3130337.434,,,0,0,
OECD.ITF:DSD_INFRINV@DF_INFRINV(1.0),POL,A,MNT,EUR,AIR,Q,2019,2925832.86,,,0,0,
OECD.ITF:DSD_INFRINV@DF_INFRINV(1.0),POL,A,MNT,EUR,AIR,Q,2020,3670525.864,,,0,0,
OECD.ITF:DSD_INFRINV@DF_INFRINV(1.0),POL,A,MNT,EUR,AIR,Q,2021,3013024.926,,,0,0,
OECD.ITF:DSD_INFRINV@DF_INFRINV(1.0),POL,A,MNT,EUR,AIR,Q,2022,25646384.95,,,0,0,
OECD.ITF:DSD_INFRINV@DF_INFRINV(1.0),POL,A,MNT,EUR,AIR,Q,2023,36405714.46,,,0,0,
OECD.ITF:DSD_INFRINV@DF_INFRINV(1.0),POL,A,MNT,EUR,AIR,Q,2024,8116484.729,,,0,0,
OECD.ITF:DSD_INFRINV@DF_INFRINV(1.0),PRT,A,MNT,EUR,AIR,Q,1999,5623427.198,,,0,0,
OECD.ITF:DSD_INFRINV@DF_INFRINV(1.0),PRT,A,MNT,EUR,AIR,Q,2000,8156163.341,,,0,0,
OECD.ITF:DSD_INFRINV@DF_INFRINV(1.0),PRT,A,MNT,EUR,AIR,Q,2001,9174552.413,,,0,0,
OECD.ITF:DSD_INFRINV@DF_INFRINV(1.0),PRT,A,MNT,EUR,AIR,Q,2002,6289703.755,,,0,0,
OECD.ITF:DSD_INFRINV@DF_INFRINV(1.0),PRT,A,MNT,EUR,AIR,Q,2003,4865055.522,,,0,0,
OECD.ITF:DSD_INFRINV@DF_INFRINV(1.0),PRT,A,MNT,EUR,AIR,Q,2004,4751045.23,,,0,0,
OECD.ITF:DSD_INFRINV@DF_INFRINV(1.0),PRT,A,MNT,EUR,AIR,Q,2005,4597806.846,,,0,0,
OECD.ITF:DSD_INFRINV@DF_INFRINV(1.0),PRT,A,MNT,EUR,AIR,Q,2006,5569851.508,,,0,0,
OECD.ITF:DSD_INFRINV@DF_INFRINV(1.0),PRT,A,MNT,EUR,AIR,Q,2007,5409440.556,,,0,0,
OECD.ITF:DSD_INFRINV@DF_INFRINV(1.0),PRT,A,MNT,EUR,AIR,Q,2008,19141198.24,,,0,0,
OECD.ITF:DSD_INFRINV@DF_INFRINV(1.0),PRT,A,MNT,EUR,AIR,Q,2009,14725836.48,,,0,0,
OECD.ITF:DSD_INFRINV@DF_INFRINV(1.0),SVK,A,MNT,EUR,AIR,Q,1995,2847137.204,,,0,0,
OECD.ITF:DSD_INFRINV@DF_INFRINV(1.0),SVK,A,MNT,EUR,AIR,Q,1996,2476105.581,,,0,0,
OECD.ITF:DSD_INFRINV@DF_INFRINV(1.0),SVK,A,MNT,EUR,AIR,Q,1997,2258559.942,,,0,0,
OECD.ITF:DSD_INFRINV@DF_INFRINV(1.0),SVK,A,MNT,EUR,AIR,Q,1998,2076196.408,,,0,0,
OECD.ITF:DSD_INFRINV@DF_INFRINV(1.0),SVK,A,MNT,EUR,AIR,Q,1999,1869683.089,,,0,0,
OECD.ITF:DSD_INFRINV@DF_INFRINV(1.0),SVK,A,MNT,EUR,AIR,Q,2000,1749903.755,,,0,0,
OECD.ITF:DSD_INFRINV@DF_INFRINV(1.0),SVK,A,MNT,EUR,AIR,Q,2001,1608234.159,,,0,0,
OECD.ITF:DSD_INFRINV@DF_INFRINV(1.0),SVK,A,MNT,EUR,AIR,Q,2002,3045530.684,,,0,0,
OECD.ITF:DSD_INFRINV@DF_INFRINV(1.0),SVK,A,MNT,EUR,AIR,Q,2003,2849449.344,,,0,0,
OECD.ITF:DSD_INFRINV@DF_INFRINV(1.0),SVK,A,MNT,EUR,AIR,Q,2004,2660777.479,,,0,0,
OECD.ITF:DSD_INFRINV@DF_INFRINV(1.0),SVK,A,MNT,EUR,AIR,Q,2005,2539069.939,,,0,0,
OECD.ITF:DSD_INFRINV@DF_INFRINV(1.0),SVK,A,MNT,EUR,AIR,Q,2006,1219913.874,,,0,0,
OECD.ITF:DSD_INFRINV@DF_INFRINV(1.0),SVK,A,MNT,EUR,AIR,Q,2007,2361916.459,,,0,0,
OECD.ITF:DSD_INFRINV@DF_INFRINV(1.0),SVK,A,MNT,EUR,AIR,Q,2008,3358559.85,,,0,0,
OECD.ITF:DSD_INFRINV@DF_INFRINV(1.0),SVK,A,MNT,EUR,AIR,Q,2009,3241350.995,,,0,0,
OECD.ITF:DSD_INFRINV@DF_INFRINV(1.0),SVK,A,MNT,EUR,AIR,Q,2010,5294142.561,,,0,0,
OECD.ITF:DSD_INFRINV@DF_INFRINV(1.0),SVK,A,MNT,EUR,AIR,Q,2011,2086332.436,,,0,0,
OECD.ITF:DSD_INFRINV@DF_INFRINV(1.0),SVK,A,MNT,EUR,AIR,Q,2012,3112646.683,,,0,0,
OECD.ITF:DSD_INFRINV@DF_INFRINV(1.0),SVK,A,MNT,EUR,AIR,Q,2013,1031991.744,,,0,0,
OECD.ITF:DSD_INFRINV@DF_INFRINV(1.0),SVK,A,MNT,EUR,AIR,Q,2014,1018329.939,,,0,0,
OECD.ITF:DSD_INFRINV@DF_INFRINV(1.0),SVK,A,MNT,EUR,AIR,Q,2015,1900000,,,0,0,
OECD.ITF:DSD_INFRINV@DF_INFRINV(1.0),SVK,A,MNT,EUR,AIR,Q,2016,2371541.502,,,0,0,
OECD.ITF:DSD_INFRINV@DF_INFRINV(1.0),SVK,A,MNT,EUR,AIR,Q,2017,2588686.481,,,0,0,
OECD.ITF:DSD_INFRINV@DF_INFRINV(1.0),SVK,A,MNT,EUR,AIR,Q,2018,2040816.327,,,0,0,
OECD.ITF:DSD_INFRINV@DF_INFRINV(1.0),SVK,A,MNT,EUR,AIR,Q,2020,1476976.542,,,0,0,
OECD.ITF:DSD_INFRINV@DF_INFRINV(1.0),SVK,A,MNT,EUR,AIR,Q,2021,1672240.803,,,0,0,
OECD.ITF:DSD_INFRINV@DF_INFRINV(1.0),SVK,A,MNT,EUR,AIR,Q,2022,1414427.157,,,0,0,
OECD.ITF:DSD_INFRINV@DF_INFRINV(1.0),SVK,A,MNT,EUR,AIR,Q,2023,1270648.03,,,0,0,
OECD.ITF:DSD_INFRINV@DF_INFRINV(1.0),SVK,A,MNT,EUR,AIR,Q,2024,1205887.141,,,0,0,
OECD.ITF:DSD_INFRINV@DF_INFRINV(1.0),SVN,A,MNT,EUR,AIR,Q,2023,1986768.124,,,0,0,
OECD.ITF:DSD_INFRINV@DF_INFRINV(1.0),SVN,A,MNT,EUR,AIR,Q,2024,1278192.125,,,0,0,
OECD.ITF:DSD_INFRINV@DF_INFRINV(1.0),SWE,A,MNT,EUR,AIR,Q,2001,54998557.62,,,0,0,
OECD.ITF:DSD_INFRINV@DF_INFRINV(1.0),SWE,A,MNT,EUR,AIR,Q,2002,43516542.77,,,0,0,
OECD.ITF:DSD_INFRINV@DF_INFRINV(1.0),SWE,A,MNT,EUR,AIR,Q,2003,43679578.21,,,0,0,
OECD.ITF:DSD_INFRINV@DF_INFRINV(1.0),SWE,A,MNT,EUR,AIR,Q,2004,49899499,,,0,0,
OECD.ITF:DSD_INFRINV@DF_INFRINV(1.0),SWE,A,MNT,EUR,AIR,Q,2005,45361463.39,,,0,0,
OECD.ITF:DSD_INFRINV@DF_INFRINV(1.0),SWE,A,MNT,EUR,AIR,Q,2006,44932634.72,,,0,0,
OECD.ITF:DSD_INFRINV@DF_INFRINV(1.0),SWE,A,MNT,EUR,AIR,Q,2007,38124986.59,,,0,0,
OECD.ITF:DSD_INFRINV@DF_INFRINV(1.0),SWE,A,MNT,EUR,AIR,Q,2008,39246679.76,,,0,0,
OECD.ITF:DSD_INFRINV@DF_INFRINV(1.0),SWE,A,MNT,EUR,AIR,Q,2009,39514220.27,,,0,0,
OECD.ITF:DSD_INFRINV@DF_INFRINV(1.0),SWE,A,MNT,EUR,AIR,Q,2011,17716043.29,,,0,0,
OECD.ITF:DSD_INFRINV@DF_INFRINV(1.0),SWE,A,MNT,EUR,AIR,Q,2012,17106200.28,,,0,0,
OECD.ITF:DSD_INFRINV@DF_INFRINV(1.0),SWE,A,MNT,EUR,AIR,Q,2013,15574198.67,,,0,0,
OECD.ITF:DSD_INFRINV@DF_INFRINV(1.0),SWE,A,MNT,EUR,AIR,Q,2014,12183252.06,,,0,0,
OECD.ITF:DSD_INFRINV@DF_INFRINV(1.0),SWE,A,MNT,EUR,AIR,Q,2015,13148751.94,,,0,0,
OECD.ITF:DSD_INFRINV@DF_INFRINV(1.0),SWE,A,MNT,EUR,AIR,Q,2016,13565509.63,,,0,0,
OECD.ITF:DSD_INFRINV@DF_INFRINV(1.0),SWE,A,MNT,EUR,AIR,Q,2017,13845079.44,,,0,0,
OECD.ITF:DSD_INFRINV@DF_INFRINV(1.0),SWE,A,MNT,EUR,AIR,Q,2018,14002730.82,,,0,0,
OECD.ITF:DSD_INFRINV@DF_INFRINV(1.0),SWE,A,MNT,EUR,AIR,Q,2019,18227822.41,,,0,0,
OECD.ITF:DSD_INFRINV@DF_INFRINV(1.0),SWE,A,MNT,EUR,AIR,Q,2020,15370641.12,,,0,0,
OECD.ITF:DSD_INFRINV@DF_INFRINV(1.0),SWE,A,MNT,EUR,AIR,Q,2021,21315508.35,,,0,0,
OECD.ITF:DSD_INFRINV@DF_INFRINV(1.0),SWE,A,MNT,EUR,AIR,Q,2022,14650001.26,,,0,0,
OECD.ITF:DSD_INFRINV@DF_INFRINV(1.0),SWE,A,MNT,EUR,AIR,Q,2023,17975193.06,,,0,0,
OECD.ITF:DSD_INFRINV@DF_INFRINV(1.0),SWE,A,MNT,EUR,AIR,Q,2024,19820976.39,,,0,0,
OECD.ITF:DSD_INFRINV@DF_INFRINV(1.0),TUR,A,MNT,EUR,AIR,Q,1996,28651825.59,,,0,0,
OECD.ITF:DSD_INFRINV@DF_INFRINV(1.0),TUR,A,MNT,EUR,AIR,Q,1997,47753042.66,,,0,0,
OECD.ITF:DSD_INFRINV@DF_INFRINV(1.0),TUR,A,MNT,EUR,AIR,Q,1998,54691406.52,,,0,0,
OECD.ITF:DSD_INFRINV@DF_INFRINV(1.0),TUR,A,MNT,EUR,AIR,Q,1999,51036795.39,,,0,0,
OECD.ITF:DSD_INFRINV@DF_INFRINV(1.0),TUR,A,MNT,EUR,AIR,Q,2000,73418486.92,,,0,0,
OECD.ITF:DSD_INFRINV@DF_INFRINV(1.0),TUR,A,MNT,EUR,AIR,Q,2001,30005992.12,,,0,0,
OECD.ITF:DSD_INFRINV@DF_INFRINV(1.0),TUR,A,MNT,EUR,AIR,Q,2002,12855161.48,,,0,0,
OECD.ITF:DSD_INFRINV@DF_INFRINV(1.0),TUR,A,MNT,EUR,AIR,Q,2003,10199799.93,,,0,0,
OECD.ITF:DSD_INFRINV@DF_INFRINV(1.0),TUR,A,MNT,EUR,AIR,Q,2004,13157092.9,,,0,0,
OECD.ITF:DSD_INFRINV@DF_INFRINV(1.0),TUR,A,MNT,EUR,AIR,Q,2005,3364805.141,,,0,0,
OECD.ITF:DSD_INFRINV@DF_INFRINV(1.0),TUR,A,MNT,EUR,AIR,Q,2006,1765329.06,,,0,0,
OECD.ITF:DSD_INFRINV@DF_INFRINV(1.0),TUR,A,MNT,EUR,AIR,Q,2007,1724844.082,,,0,0,
OECD.ITF:DSD_INFRINV@DF_INFRINV(1.0),TUR,A,MNT,EUR,AIR,Q,2008,3044654.625,,,0,0,
OECD.ITF:DSD_INFRINV@DF_INFRINV(1.0),TUR,A,MNT,EUR,AIR,Q,2009,5074424.375,,,0,0,
OECD.ITF:DSD_INFRINV@DF_INFRINV(1.0),TUR,A,MNT,EUR,AIR,Q,2010,6517599.062,,,0,0,
OECD.ITF:DSD_INFRINV@DF_INFRINV(1.0),TUR,A,MNT,EUR,AIR,Q,2011,2579870.477,,,0,0,
OECD.ITF:DSD_INFRINV@DF_INFRINV(1.0),TUR,A,MNT,EUR,AIR,Q,2012,43176991.69,,,0,0,
OECD.ITF:DSD_INFRINV@DF_INFRINV(1.0),TUR,A,MNT,EUR,AIR,Q,2013,31504784.07,,,0,0,
OECD.ITF:DSD_INFRINV@DF_INFRINV(1.0),TUR,A,MNT,EUR,AIR,Q,2014,9823691.355,,,0,0,
OECD.ITF:DSD_INFRINV@DF_INFRINV(1.0),TUR,A,MNT,EUR,AIR,Q,2015,44013501.89,,,0,0,
OECD.ITF:DSD_INFRINV@DF_INFRINV(1.0),TUR,A,MNT,EUR,AIR,Q,2016,25742465.33,,,0,0,
OECD.ITF:DSD_INFRINV@DF_INFRINV(1.0),TUR,A,MNT,EUR,AIR,Q,2017,35351894.41,,,0,0,
OECD.ITF:DSD_INFRINV@DF_INFRINV(1.0),TUR,A,MNT,EUR,AIR,Q,2018,64247793.87,,,0,0,
OECD.ITF:DSD_INFRINV@DF_INFRINV(1.0),TUR,A,MNT,EUR,AIR,Q,2019,7552534.97,,,0,0,
OECD.ITF:DSD_INFRINV@DF_INFRINV(1.0),TUR,A,MNT,EUR,AIR,Q,2020,8466237.291,,,0,0,
OECD.ITF:DSD_INFRINV@DF_INFRINV(1.0),TUR,A,MNT,EUR,AIR,Q,2021,8248263.643,,,0,0,
OECD.ITF:DSD_INFRINV@DF_INFRINV(1.0),TUR,A,MNT,EUR,AIR,Q,2022,8552565.878,,,0,0,
OECD.ITF:DSD_INFRINV@DF_INFRINV(1.0),TUR,A,MNT,EUR,AIR,Q,2023,8453459.038,,,0,0,
OECD.ITF:DSD_INFRINV@DF_INFRINV(1.0),TUR,A,MNT,EUR,AIR,Q,2024,13727885.1,,,0,0,
OECD.ITF:DSD_INFRINV@DF_INFRINV(1.0),ALB,A,MNT,EUR,AIR,Q,2007,82730.92898,,,0,0,
OECD.ITF:DSD_INFRINV@DF_INFRINV(1.0),ALB,A,MNT,EUR,AIR,Q,2008,119901.4101,,,0,0,
OECD.ITF:DSD_INFRINV@DF_INFRINV(1.0),ALB,A,MNT,EUR,AIR,Q,2009,148070.2216,,,0,0,
OECD.ITF:DSD_INFRINV@DF_INFRINV(1.0),ALB,A,MNT,EUR,AIR,Q,2010,127232.2916,,,0,0,
OECD.ITF:DSD_INFRINV@DF_INFRINV(1.0),ALB,A,MNT,EUR,AIR,Q,2011,132471.2221,,,0,0,
OECD.ITF:DSD_INFRINV@DF_INFRINV(1.0),ALB,A,MNT,EUR,AIR,Q,2012,66085.44468,,,0,0,
OECD.ITF:DSD_INFRINV@DF_INFRINV(1.0),ALB,A,MNT,EUR,AIR,Q,2013,51219.56369,,,0,0,
OECD.ITF:DSD_INFRINV@DF_INFRINV(1.0),ALB,A,MNT,EUR,AIR,Q,2014,7212.965831,,,0,0,
OECD.ITF:DSD_INFRINV@DF_INFRINV(1.0),AZE,A,MNT,EUR,AIR,Q,2006,12812004.05,,,0,0,
OECD.ITF:DSD_INFRINV@DF_INFRINV(1.0),AZE,A,MNT,EUR,AIR,Q,2007,12366805.64,,,0,0,
OECD.ITF:DSD_INFRINV@DF_INFRINV(1.0),AZE,A,MNT,EUR,AIR,Q,2008,8266581.309,,,0,0,
OECD.ITF:DSD_INFRINV@DF_INFRINV(1.0),AZE,A,MNT,EUR,AIR,Q,2009,11022108.41,,,0,0,
OECD.ITF:DSD_INFRINV@DF_INFRINV(1.0),AZE,A,MNT,EUR,AIR,Q,2010,3674036.137,,,0,0,
OECD.ITF:DSD_INFRINV@DF_INFRINV(1.0),AZE,A,MNT,EUR,AIR,Q,2011,7333394.936,,,0,0,
OECD.ITF:DSD_INFRINV@DF_INFRINV(1.0),AZE,A,MNT,EUR,AIR,Q,2012,7282407.552,,,0,0,
OECD.ITF:DSD_INFRINV@DF_INFRINV(1.0),AZE,A,MNT,EUR,AIR,Q,2013,9167220.518,,,0,0,
OECD.ITF:DSD_INFRINV@DF_INFRINV(1.0),AZE,A,MNT,EUR,AIR,Q,2014,8952348.507,,,0,0,
OECD.ITF:DSD_INFRINV@DF_INFRINV(1.0),AZE,A,MNT,EUR,AIR,Q,2015,7930214.116,,,0,0,
OECD.ITF:DSD_INFRINV@DF_INFRINV(1.0),AZE,A,MNT,EUR,AIR,Q,2016,8664059.998,,,0,0,
OECD.ITF:DSD_INFRINV@DF_INFRINV(1.0),AZE,A,MNT,EUR,AIR,Q,2017,8346846.983,,,0,0,
OECD.ITF:DSD_INFRINV@DF_INFRINV(1.0),AZE,A,MNT,EUR,AIR,Q,2018,8135380.271,,,0,0,
OECD.ITF:DSD_INFRINV@DF_INFRINV(1.0),AZE,A,MNT,EUR,AIR,Q,2019,8015126.364,,,0,0,
OECD.ITF:DSD_INFRINV@DF_INFRINV(1.0),AZE,A,MNT,EUR,AIR,Q,2020,57702625.59,,,0,0,
OECD.ITF:DSD_INFRINV@DF_INFRINV(1.0),AZE,A,MNT,EUR,AIR,Q,2021,7674254.699,,,0,0,
OECD.ITF:DSD_INFRINV@DF_INFRINV(1.0),AZE,A,MNT,EUR,AIR,Q,2022,7450701.846,,,0,0,
OECD.ITF:DSD_INFRINV@DF_INFRINV(1.0),AZE,A,MNT,EUR,AIR,Q,2023,3630940.693,,,0,0,
OECD.ITF:DSD_INFRINV@DF_INFRINV(1.0),AZE,A,MNT,EUR,AIR,Q,2024,3559767.062,,,0,0,
OECD.ITF:DSD_INFRINV@DF_INFRINV(1.0),BGR,A,MNT,EUR,AIR,Q,2003,4702183.169,,,0,0,
OECD.ITF:DSD_INFRINV@DF_INFRINV(1.0),BGR,A,MNT,EUR,AIR,Q,2004,5330877.831,,,0,0,
OECD.ITF:DSD_INFRINV@DF_INFRINV(1.0),BGR,A,MNT,EUR,AIR,Q,2005,2810767.692,,,0,0,
OECD.ITF:DSD_INFRINV@DF_INFRINV(1.0),BGR,A,MNT,EUR,AIR,Q,2006,3310411.804,,,0,0,
OECD.ITF:DSD_INFRINV@DF_INFRINV(1.0),BGR,A,MNT,EUR,AIR,Q,2007,7472138.013,,,0,0,
OECD.ITF:DSD_INFRINV@DF_INFRINV(1.0),BGR,A,MNT,EUR,AIR,Q,2008,2778410.246,,,0,0,
OECD.ITF:DSD_INFRINV@DF_INFRINV(1.0),BGR,A,MNT,EUR,AIR,Q,2009,1036299.325,,,0,0,
OECD.ITF:DSD_INFRINV@DF_INFRINV(1.0),BGR,A,MNT,EUR,AIR,Q,2010,1579922.309,,,0,0,
OECD.ITF:DSD_INFRINV@DF_INFRINV(1.0),BGR,A,MNT,EUR,AIR,Q,2011,1571650.21,,,0,0,
OECD.ITF:DSD_INFRINV@DF_INFRINV(1.0),BGR,A,MNT,EUR,AIR,Q,2013,1560172.476,,,0,0,
OECD.ITF:DSD_INFRINV@DF_INFRINV(1.0),BGR,A,MNT,EUR,AIR,Q,2014,517164.3678,,,0,0,
OECD.ITF:DSD_INFRINV@DF_INFRINV(1.0),BGR,A,MNT,EUR,AIR,Q,2015,1022599.448,,,0,0,
OECD.ITF:DSD_INFRINV@DF_INFRINV(1.0),BGR,A,MNT,EUR,AIR,Q,2016,1523584.505,,,0,0,
OECD.ITF:DSD_INFRINV@DF_INFRINV(1.0),BGR,A,MNT,EUR,AIR,Q,2017,495143.2012,,,0,0,
OECD.ITF:DSD_INFRINV@DF_INFRINV(1.0),BGR,A,MNT,EUR,AIR,Q,2018,481844.5656,,,0,0,
OECD.ITF:DSD_INFRINV@DF_INFRINV(1.0),BGR,A,MNT,EUR,AIR,Q,2019,457465.2171,,,0,0,
OECD.ITF:DSD_INFRINV@DF_INFRINV(1.0),HRV,A,MNT,EUR,AIR,Q,1995,2055009.807,,,0,0,
OECD.ITF:DSD_INFRINV@DF_INFRINV(1.0),HRV,A,MNT,EUR,AIR,Q,1996,1979054.384,,,0,0,
OECD.ITF:DSD_INFRINV@DF_INFRINV(1.0),HRV,A,MNT,EUR,AIR,Q,1997,1851537.103,,,0,0,
OECD.ITF:DSD_INFRINV@DF_INFRINV(1.0),HRV,A,MNT,EUR,AIR,Q,1998,213944.8198,,,0,0,
OECD.ITF:DSD_INFRINV@DF_INFRINV(1.0),HRV,A,MNT,EUR,AIR,Q,1999,1033409.185,,,0,0,
OECD.ITF:DSD_INFRINV@DF_INFRINV(1.0),HRV,A,MNT,EUR,AIR,Q,2000,792244.9056,,,0,0,
OECD.ITF:DSD_INFRINV@DF_INFRINV(1.0),HRV,A,MNT,EUR,AIR,Q,2001,380055.0038,,,0,0,
OECD.ITF:DSD_INFRINV@DF_INFRINV(1.0),HRV,A,MNT,EUR,AIR,Q,2002,366000.6299,,,0,0,
OECD.ITF:DSD_INFRINV@DF_INFRINV(1.0),HRV,A,MNT,EUR,AIR,Q,2003,526357.5407,,,0,0,
OECD.ITF:DSD_INFRINV@DF_INFRINV(1.0),HRV,A,MNT,EUR,AIR,Q,2004,846586.8602,,,0,0,
OECD.ITF:DSD_INFRINV@DF_INFRINV(1.0),HRV,A,MNT,EUR,AIR,Q,2005,821019.9956,,,0,0,
OECD.ITF:DSD_INFRINV@DF_INFRINV(1.0),HRV,A,MNT,EUR,AIR,Q,2006,1896875.649,,,0,0,
OECD.ITF:DSD_INFRINV@DF_INFRINV(1.0),HRV,A,MNT,EUR,AIR,Q,2007,2122037.068,,,0,0,
OECD.ITF:DSD_INFRINV@DF_INFRINV(1.0),HRV,A,MNT,EUR,AIR,Q,2008,1867231.407,,,0,0,
OECD.ITF:DSD_INFRINV@DF_INFRINV(1.0),HRV,A,MNT,EUR,AIR,Q,2009,3486832.924,,,0,0,
OECD.ITF:DSD_INFRINV@DF_INFRINV(1.0),HRV,A,MNT,EUR,AIR,Q,2010,2349443.165,,,0,0,
OECD.ITF:DSD_INFRINV@DF_INFRINV(1.0),HRV,A,MNT,EUR,AIR,Q,2011,3534236.339,,,0,0,
OECD.ITF:DSD_INFRINV@DF_INFRINV(1.0),HRV,A,MNT,EUR,AIR,Q,2012,3485015.875,,,0,0,
OECD.ITF:DSD_INFRINV@DF_INFRINV(1.0),HRV,A,MNT,EUR,AIR,Q,2013,4524021.26,,,0,0,
OECD.ITF:DSD_INFRINV@DF_INFRINV(1.0),HRV,A,MNT,EUR,AIR,Q,2014,4518178.027,,,0,0,
OECD.ITF:DSD_INFRINV@DF_INFRINV(1.0),HRV,A,MNT,EUR,AIR,Q,2015,3583515.827,,,0,0,
OECD.ITF:DSD_INFRINV@DF_INFRINV(1.0),HRV,A,MNT,EUR,AIR,Q,2016,3981126.895,,,0,0,
OECD.ITF:DSD_INFRINV@DF_INFRINV(1.0),HRV,A,MNT,EUR,AIR,Q,2017,6161264.256,,,0,0,
OECD.ITF:DSD_INFRINV@DF_INFRINV(1.0),HRV,A,MNT,EUR,AIR,Q,2018,6295965.548,,,0,0,
OECD.ITF:DSD_INFRINV@DF_INFRINV(1.0),HRV,A,MNT,EUR,AIR,Q,2019,6299315.995,,,0,0,
OECD.ITF:DSD_INFRINV@DF_INFRINV(1.0),HRV,A,MNT,EUR,AIR,Q,2020,6999422.972,,,0,0,
OECD.ITF:DSD_INFRINV@DF_INFRINV(1.0),HRV,A,MNT,EUR,AIR,Q,2021,5020143.866,,,0,0,
OECD.ITF:DSD_INFRINV@DF_INFRINV(1.0),HRV,A,MNT,EUR,AIR,Q,2022,7255152.281,,,0,0,
OECD.ITF:DSD_INFRINV@DF_INFRINV(1.0),HRV,A,MNT,EUR,AIR,Q,2023,9339528.408,,,0,0,
OECD.ITF:DSD_INFRINV@DF_INFRINV(1.0),HRV,A,MNT,EUR,AIR,Q,2024,9415104.725,,,0,0,
OECD.ITF:DSD_INFRINV@DF_INFRINV(1.0),GEO,A,MNT,EUR,AIR,Q,2008,1621369.503,,,0,0,
OECD.ITF:DSD_INFRINV@DF_INFRINV(1.0),GEO,A,MNT,EUR,AIR,Q,2009,353995.3658,,,0,0,
OECD.ITF:DSD_INFRINV@DF_INFRINV(1.0),GEO,A,MNT,EUR,AIR,Q,2010,895755.2523,,,0,0,
OECD.ITF:DSD_INFRINV@DF_INFRINV(1.0),GEO,A,MNT,EUR,AIR,Q,2011,1047002.95,,,0,0,
OECD.ITF:DSD_INFRINV@DF_INFRINV(1.0),GEO,A,MNT,EUR,AIR,Q,2012,1432489.561,,,0,0,
OECD.ITF:DSD_INFRINV@DF_INFRINV(1.0),GEO,A,MNT,EUR,AIR,Q,2013,1330259.257,,,0,0,
OECD.ITF:DSD_INFRINV@DF_INFRINV(1.0),GEO,A,MNT,EUR,AIR,Q,2014,1185931.401,,,0,0,
OECD.ITF:DSD_INFRINV@DF_INFRINV(1.0),GEO,A,MNT,EUR,AIR,Q,2015,1203406.724,,,0,0,
OECD.ITF:DSD_INFRINV@DF_INFRINV(1.0),GEO,A,MNT,EUR,AIR,Q,2016,1265195.359,,,0,0,
OECD.ITF:DSD_INFRINV@DF_INFRINV(1.0),GEO,A,MNT,EUR,AIR,Q,2017,1274407.464,,,0,0,
OECD.ITF:DSD_INFRINV@DF_INFRINV(1.0),GEO,A,MNT,EUR,AIR,Q,2018,1446851.975,,,0,0,
OECD.ITF:DSD_INFRINV@DF_INFRINV(1.0),GEO,A,MNT,EUR,AIR,Q,2019,1851371.978,,,0,0,
OECD.ITF:DSD_INFRINV@DF_INFRINV(1.0),IND,A,MNT,EUR,AIR,Q,2004,107983769.2,,,0,0,
OECD.ITF:DSD_INFRINV@DF_INFRINV(1.0),IND,A,MNT,EUR,AIR,Q,2005,119012991.6,,,0,0,
OECD.ITF:DSD_INFRINV@DF_INFRINV(1.0),IND,A,MNT,EUR,AIR,Q,2006,125916830,,,0,0,
OECD.ITF:DSD_INFRINV@DF_INFRINV(1.0),IND,A,MNT,EUR,AIR,Q,2007,290564699.3,,,0,0,
OECD.ITF:DSD_INFRINV@DF_INFRINV(1.0),IND,A,MNT,EUR,AIR,Q,2008,165521658,,,0,0,
OECD.ITF:DSD_INFRINV@DF_INFRINV(1.0),IND,A,MNT,EUR,AIR,Q,2009,234839739.5,,,0,0,
OECD.ITF:DSD_INFRINV@DF_INFRINV(1.0),IND,A,MNT,EUR,AIR,Q,2010,251453538.6,,,0,0,
OECD.ITF:DSD_INFRINV@DF_INFRINV(1.0),IND,A,MNT,EUR,AIR,Q,2011,161987064.5,,,0,0,
OECD.ITF:DSD_INFRINV@DF_INFRINV(1.0),IND,A,MNT,EUR,AIR,Q,2012,183984247,,,0,0,
OECD.ITF:DSD_INFRINV@DF_INFRINV(1.0),IND,A,MNT,EUR,AIR,Q,2013,151322583.6,,,0,0,
OECD.ITF:DSD_INFRINV@DF_INFRINV(1.0),IND,A,MNT,EUR,AIR,Q,2014,148201485.5,,,0,0,
OECD.ITF:DSD_INFRINV@DF_INFRINV(1.0),IND,A,MNT,EUR,AIR,Q,2015,139027697.8,,,0,0,
OECD.ITF:DSD_INFRINV@DF_INFRINV(1.0),MDA,A,MNT,EUR,AIR,Q,2013,56210.52962,,,0,0,
OECD.ITF:DSD_INFRINV@DF_INFRINV(1.0),ROU,A,MNT,EUR,AIR,Q,1995,65522841.7,,,0,0,
OECD.ITF:DSD_INFRINV@DF_INFRINV(1.0),ROU,A,MNT,EUR,AIR,Q,2002,15924199.53,,,0,0,
OECD.ITF:DSD_INFRINV@DF_INFRINV(1.0),ROU,A,MNT,EUR,AIR,Q,2003,2532554.561,,,0,0,
OECD.ITF:DSD_INFRINV@DF_INFRINV(1.0),ROU,A,MNT,EUR,AIR,Q,2004,2065498.985,,,0,0,
OECD.ITF:DSD_INFRINV@DF_INFRINV(1.0),ROU,A,MNT,EUR,AIR,Q,2006,1310297.817,,,0,0,
OECD.ITF:DSD_INFRINV@DF_INFRINV(1.0),ROU,A,MNT,EUR,AIR,Q,2007,1822167.451,,,0,0,
OECD.ITF:DSD_INFRINV@DF_INFRINV(1.0),SRB,A,MNT,EUR,AIR,Q,2005,648552.1813,,,0,0,
OECD.ITF:DSD_INFRINV@DF_INFRINV(1.0),SRB,A,MNT,EUR,AIR,Q,2006,14992.52005,,,0,0,
OECD.ITF:DSD_INFRINV@DF_INFRINV(1.0),SRB,A,MNT,EUR,AIR,Q,2011,9959.092924,,,0,0,
OECD.ITF:DSD_INFRINV@DF_INFRINV(1.0),SRB,A,MNT,EUR,AIR,Q,2012,1371131.449,,,0,0,
OECD.ITF:DSD_INFRINV@DF_INFRINV(1.0),SRB,A,MNT,EUR,AIR,Q,2013,34847.45347,,,0,0,
OECD.ITF:DSD_INFRINV@DF_INFRINV(1.0),SRB,A,MNT,EUR,AIR,Q,2014,59258.41916,,,0,0,
OECD.ITF:DSD_INFRINV@DF_INFRINV(1.0),SRB,A,MNT,EUR,AIR,Q,2015,58000.36292,,,0,0,
OECD.ITF:DSD_INFRINV@DF_INFRINV(1.0),SRB,A,MNT,EUR,AIR,Q,2016,48959.15699,,,0,0,
OECD.ITF:DSD_INFRINV@DF_INFRINV(1.0),SRB,A,MNT,EUR,AIR,Q,2017,522876.2319,,,0,0,
OECD.ITF:DSD_INFRINV@DF_INFRINV(1.0),SRB,A,MNT,EUR,AIR,Q,2019,2162830.612,,,0,0,
OECD.ITF:DSD_INFRINV@DF_INFRINV(1.0),SRB,A,MNT,EUR,AIR,Q,2020,155251.3796,,,0,0,
OECD.ITF:DSD_INFRINV@DF_INFRINV(1.0),SRB,A,MNT,EUR,AIR,Q,2021,55962.69137,,,0,0,
OECD.ITF:DSD_INFRINV@DF_INFRINV(1.0),SRB,A,MNT,EUR,AIR,Q,2022,37998.2243,,,0,0,
OECD.ITF:DSD_INFRINV@DF_INFRINV(1.0),SRB,A,MNT,EUR,AIR,Q,2023,33352.07083,,,0,0,
OECD.ITF:DSD_INFRINV@DF_INFRINV(1.0),LTU,A,MNT,EUR,AIR,Q,2015,2000000,,,0,0,
OECD.ITF:DSD_INFRINV@DF_INFRINV(1.0),SVN,A,MNT,EUR,MAR,Q,2015,2000000,,,0,0,
OECD.ITF:DSD_INFRINV@DF_INFRINV(1.0),AUS,A,INV,EUR,MAR,Q,1995,138627881,,,0,0,
OECD.ITF:DSD_INFRINV@DF_INFRINV(1.0),AUS,A,INV,EUR,MAR,Q,1996,138524479.4,,,0,0,
OECD.ITF:DSD_INFRINV@DF_INFRINV(1.0),AUS,A,INV,EUR,MAR,Q,1997,326468602.8,,,0,0,
OECD.ITF:DSD_INFRINV@DF_INFRINV(1.0),AUS,A,INV,EUR,MAR,Q,1998,405241768.5,,,0,0,
OECD.ITF:DSD_INFRINV@DF_INFRINV(1.0),AUS,A,INV,EUR,MAR,Q,1999,417477439.8,,,0,0,
OECD.ITF:DSD_INFRINV@DF_INFRINV(1.0),AUS,A,INV,EUR,MAR,Q,2000,200239707,,,0,0,
OECD.ITF:DSD_INFRINV@DF_INFRINV(1.0),AUS,A,INV,EUR,MAR,Q,2001,233110290.7,,,0,0,
OECD.ITF:DSD_INFRINV@DF_INFRINV(1.0),AUS,A,INV,EUR,MAR,Q,2002,361724967.8,,,0,0,
OECD.ITF:DSD_INFRINV@DF_INFRINV(1.0),AUS,A,INV,EUR,MAR,Q,2003,320469940.4,,,0,0,
OECD.ITF:DSD_INFRINV@DF_INFRINV(1.0),AUS,A,INV,EUR,MAR,Q,2004,469579201.1,,,0,0,
OECD.ITF:DSD_INFRINV@DF_INFRINV(1.0),AUS,A,INV,EUR,MAR,Q,2005,911943069,,,0,0,
OECD.ITF:DSD_INFRINV@DF_INFRINV(1.0),AUS,A,INV,EUR,MAR,Q,2006,940239498.7,,,0,0,
OECD.ITF:DSD_INFRINV@DF_INFRINV(1.0),AUS,A,INV,EUR,MAR,Q,2007,1052586791,,,0,0,
OECD.ITF:DSD_INFRINV@DF_INFRINV(1.0),AUS,A,INV,EUR,MAR,Q,2008,1261490689,,,0,0,
OECD.ITF:DSD_INFRINV@DF_INFRINV(1.0),AUS,A,INV,EUR,MAR,Q,2009,1568660237,,,0,0,
OECD.ITF:DSD_INFRINV@DF_INFRINV(1.0),AUS,A,INV,EUR,MAR,Q,2010,1710667068,,,0,0,
OECD.ITF:DSD_INFRINV@DF_INFRINV(1.0),AUS,A,INV,EUR,MAR,Q,2011,2727647455,,,0,0,
OECD.ITF:DSD_INFRINV@DF_INFRINV(1.0),AUS,A,INV,EUR,MAR,Q,2012,4140980179,,,0,0,
OECD.ITF:DSD_INFRINV@DF_INFRINV(1.0),AUS,A,INV,EUR,MAR,Q,2013,5243883067,,,0,0,
OECD.ITF:DSD_INFRINV@DF_INFRINV(1.0),AUS,A,INV,EUR,MAR,Q,2014,4033411283,,,0,0,
OECD.ITF:DSD_INFRINV@DF_INFRINV(1.0),AUS,A,INV,EUR,MAR,Q,2015,2078319326,,,0,0,
OECD.ITF:DSD_INFRINV@DF_INFRINV(1.0),AUS,A,INV,EUR,MAR,Q,2016,876089239.7,,,0,0,
OECD.ITF:DSD_INFRINV@DF_INFRINV(1.0),AUS,A,INV,EUR,MAR,Q,2017,787480989.3,,,0,0,
OECD.ITF:DSD_INFRINV@DF_INFRINV(1.0),AUS,A,INV,EUR,MAR,Q,2018,546880193.2,,,0,0,
OECD.ITF:DSD_INFRINV@DF_INFRINV(1.0),AUS,A,INV,EUR,MAR,Q,2019,604863994.8,,,0,0,
OECD.ITF:DSD_INFRINV@DF_INFRINV(1.0),AUS,A,INV,EUR,MAR,Q,2020,693554110,,,0,0,
OECD.ITF:DSD_INFRINV@DF_INFRINV(1.0),AUS,A,INV,EUR,MAR,Q,2021,520381518.8,,,0,0,
OECD.ITF:DSD_INFRINV@DF_INFRINV(1.0),AUS,A,INV,EUR,MAR,Q,2022,766076326.6,,,0,0,
OECD.ITF:DSD_INFRINV@DF_INFRINV(1.0),AUS,A,INV,EUR,MAR,Q,2023,988814015.8,,,0,0,
OECD.ITF:DSD_INFRINV@DF_INFRINV(1.0),AUS,A,INV,EUR,MAR,Q,2024,747703426.8,,,0,0,
OECD.ITF:DSD_INFRINV@DF_INFRINV(1.0),BEL,A,INV,EUR,MAR,Q,1995,216355331.8,,,0,0,
OECD.ITF:DSD_INFRINV@DF_INFRINV(1.0),BEL,A,INV,EUR,MAR,Q,1996,214895662.5,,,0,0,
OECD.ITF:DSD_INFRINV@DF_INFRINV(1.0),BEL,A,INV,EUR,MAR,Q,1997,178120210.4,,,0,0,
OECD.ITF:DSD_INFRINV@DF_INFRINV(1.0),BEL,A,INV,EUR,MAR,Q,1998,193463979.5,,,0,0,
OECD.ITF:DSD_INFRINV@DF_INFRINV(1.0),BEL,A,INV,EUR,MAR,Q,1999,226914243,,,0,0,
OECD.ITF:DSD_INFRINV@DF_INFRINV(1.0),BEL,A,INV,EUR,MAR,Q,2000,221414934.2,,,0,0,
OECD.ITF:DSD_INFRINV@DF_INFRINV(1.0),BEL,A,INV,EUR,MAR,Q,2001,243896042.6,,,0,0,
OECD.ITF:DSD_INFRINV@DF_INFRINV(1.0),BEL,A,INV,EUR,MAR,Q,2002,202238796.4,,,0,0,
OECD.ITF:DSD_INFRINV@DF_INFRINV(1.0),BEL,A,INV,EUR,MAR,Q,2003,242416468.9,,,0,0,
OECD.ITF:DSD_INFRINV@DF_INFRINV(1.0),BEL,A,INV,EUR,MAR,Q,2004,291713094.5,,,0,0,
OECD.ITF:DSD_INFRINV@DF_INFRINV(1.0),BEL,A,INV,EUR,MAR,Q,2005,316474955.9,,,0,0,
OECD.ITF:DSD_INFRINV@DF_INFRINV(1.0),BEL,A,INV,EUR,MAR,Q,2006,213533869.5,,,0,0,
OECD.ITF:DSD_INFRINV@DF_INFRINV(1.0),BEL,A,INV,EUR,MAR,Q,2007,176629378.2,,,0,0,
OECD.ITF:DSD_INFRINV@DF_INFRINV(1.0),BEL,A,INV,EUR,MAR,Q,2008,219063960.2,,,0,0,
OECD.ITF:DSD_INFRINV@DF_INFRINV(1.0),BEL,A,INV,EUR,MAR,Q,2009,238822246.5,,,0,0,
OECD.ITF:DSD_INFRINV@DF_INFRINV(1.0),BEL,A,INV,EUR,MAR,Q,2011,253050253.1,,,0,0,
OECD.ITF:DSD_INFRINV@DF_INFRINV(1.0),BEL,A,INV,EUR,MAR,Q,2012,243349144.2,,,0,0,
OECD.ITF:DSD_INFRINV@DF_INFRINV(1.0),BEL,A,INV,EUR,MAR,Q,2013,202406271.5,,,0,0,
OECD.ITF:DSD_INFRINV@DF_INFRINV(1.0),BEL,A,INV,EUR,MAR,Q,2014,152479313.6,,,0,0,
OECD.ITF:DSD_INFRINV@DF_INFRINV(1.0),BEL,A,INV,EUR,MAR,Q,2015,108000000,,,0,0,
OECD.ITF:DSD_INFRINV@DF_INFRINV(1.0),BEL,A,INV,EUR,MAR,Q,2016,264998522.3,,,0,0,
OECD.ITF:DSD_INFRINV@DF_INFRINV(1.0),BEL,A,INV,EUR,MAR,Q,2017,174920314.1,,,0,0,
OECD.ITF:DSD_INFRINV@DF_INFRINV(1.0),BEL,A,INV,EUR,MAR,Q,2018,160251851.4,,,0,0,
OECD.ITF:DSD_INFRINV@DF_INFRINV(1.0),BEL,A,INV,EUR,MAR,Q,2019,183309571,,,0,0,
OECD.ITF:DSD_INFRINV@DF_INFRINV(1.0),BEL,A,INV,EUR,MAR,Q,2020,232088248.1,,,0,0,
OECD.ITF:DSD_INFRINV@DF_INFRINV(1.0),BEL,A,INV,EUR,MAR,Q,2021,194586031.1,,,0,0,
OECD.ITF:DSD_INFRINV@DF_INFRINV(1.0),BEL,A,INV,EUR,MAR,Q,2022,99113276.64,,,0,0,
OECD.ITF:DSD_INFRINV@DF_INFRINV(1.0),BEL,A,INV,EUR,MAR,Q,2023,101870466.8,,,0,0,
OECD.ITF:DSD_INFRINV@DF_INFRINV(1.0),BEL,A,INV,EUR,MAR,Q,2024,70758608.26,,,0,0,
OECD.ITF:DSD_INFRINV@DF_INFRINV(1.0),CAN,A,INV,EUR,MAR,Q,1995,115001915.8,,,0,0,
OECD.ITF:DSD_INFRINV@DF_INFRINV(1.0),CAN,A,INV,EUR,MAR,Q,1996,192583928.4,,,0,0,
OECD.ITF:DSD_INFRINV@DF_INFRINV(1.0),CAN,A,INV,EUR,MAR,Q,1997,85632162.66,,,0,0,
OECD.ITF:DSD_INFRINV@DF_INFRINV(1.0),CAN,A,INV,EUR,MAR,Q,1998,110005464,,,0,0,
OECD.ITF:DSD_INFRINV@DF_INFRINV(1.0),CAN,A,INV,EUR,MAR,Q,1999,94066242.79,,,0,0,
OECD.ITF:DSD_INFRINV@DF_INFRINV(1.0),CAN,A,INV,EUR,MAR,Q,2000,216298467.5,,,0,0,
OECD.ITF:DSD_INFRINV@DF_INFRINV(1.0),CAN,A,INV,EUR,MAR,Q,2001,231627431.7,,,0,0,
OECD.ITF:DSD_INFRINV@DF_INFRINV(1.0),CAN,A,INV,EUR,MAR,Q,2002,156804562.4,,,0,0,
OECD.ITF:DSD_INFRINV@DF_INFRINV(1.0),CAN,A,INV,EUR,MAR,Q,2003,146509742,,,0,0,
OECD.ITF:DSD_INFRINV@DF_INFRINV(1.0),CAN,A,INV,EUR,MAR,Q,2004,166106822.1,,,0,0,
OECD.ITF:DSD_INFRINV@DF_INFRINV(1.0),CAN,A,INV,EUR,MAR,Q,2005,136755991.4,,,0,0,
OECD.ITF:DSD_INFRINV@DF_INFRINV(1.0),CAN,A,INV,EUR,MAR,Q,2006,186497233.8,,,0,0,
OECD.ITF:DSD_INFRINV@DF_INFRINV(1.0),CAN,A,INV,EUR,MAR,Q,2007,203502598.7,,,0,0,
OECD.ITF:DSD_INFRINV@DF_INFRINV(1.0),CAN,A,INV,EUR,MAR,Q,2008,217763784.4,,,0,0,
OECD.ITF:DSD_INFRINV@DF_INFRINV(1.0),CAN,A,INV,EUR,MAR,Q,2009,369495923.2,,,0,0,
OECD.ITF:DSD_INFRINV@DF_INFRINV(1.0),CAN,A,INV,EUR,MAR,Q,2010,330459624.1,,,0,0,
OECD.ITF:DSD_INFRINV@DF_INFRINV(1.0),CAN,A,INV,EUR,MAR,Q,2011,251803766.5,,,0,0,
OECD.ITF:DSD_INFRINV@DF_INFRINV(1.0),CAN,A,INV,EUR,MAR,Q,2013,563889247.7,,,0,0,
OECD.ITF:DSD_INFRINV@DF_INFRINV(1.0),CAN,A,INV,EUR,MAR,Q,2014,534130859.9,,,0,0,
OECD.ITF:DSD_INFRINV@DF_INFRINV(1.0),CAN,A,INV,EUR,MAR,Q,2015,702661034.7,,,0,0,
OECD.ITF:DSD_INFRINV@DF_INFRINV(1.0),CAN,A,INV,EUR,MAR,Q,2016,733463141.6,,,0,0,
OECD.ITF:DSD_INFRINV@DF_INFRINV(1.0),CAN,A,INV,EUR,MAR,Q,2017,821672141.3,,,0,0,
OECD.ITF:DSD_INFRINV@DF_INFRINV(1.0),CAN,A,INV,EUR,MAR,Q,2018,1373295201,,,0,0,
OECD.ITF:DSD_INFRINV@DF_INFRINV(1.0),CAN,A,INV,EUR,MAR,Q,2019,928111428.5,,,0,0,
OECD.ITF:DSD_INFRINV@DF_INFRINV(1.0),DNK,A,INV,EUR,MAR,Q,1995,102949969.1,,,0,0,
OECD.ITF:DSD_INFRINV@DF_INFRINV(1.0),DNK,A,INV,EUR,MAR,Q,1996,87324032.42,,,0,0,
OECD.ITF:DSD_INFRINV@DF_INFRINV(1.0),DNK,A,INV,EUR,MAR,Q,1997,49392757.37,,,0,0,
OECD.ITF:DSD_INFRINV@DF_INFRINV(1.0),DNK,A,INV,EUR,MAR,Q,1998,89358450.15,,,0,0,
OECD.ITF:DSD_INFRINV@DF_INFRINV(1.0),DNK,A,INV,EUR,MAR,Q,1999,79469472.06,,,0,0,
OECD.ITF:DSD_INFRINV@DF_INFRINV(1.0),DNK,A,INV,EUR,MAR,Q,2000,81611245.96,,,0,0,
OECD.ITF:DSD_INFRINV@DF_INFRINV(1.0),DNK,A,INV,EUR,MAR,Q,2001,134577616.1,,,0,0,
OECD.ITF:DSD_INFRINV@DF_INFRINV(1.0),DNK,A,INV,EUR,MAR,Q,2002,14334292.79,,,0,0,
OECD.ITF:DSD_INFRINV@DF_INFRINV(1.0),DNK,A,INV,EUR,MAR,Q,2003,53639413.62,,,0,0,
OECD.ITF:DSD_INFRINV@DF_INFRINV(1.0),DNK,A,INV,EUR,MAR,Q,2004,128297489.4,,,0,0,
OECD.ITF:DSD_INFRINV@DF_INFRINV(1.0),DNK,A,INV,EUR,MAR,Q,2005,81392934.2,,,0,0,
OECD.ITF:DSD_INFRINV@DF_INFRINV(1.0),DNK,A,INV,EUR,MAR,Q,2006,118962172.4,,,0,0,
OECD.ITF:DSD_INFRINV@DF_INFRINV(1.0),DNK,A,INV,EUR,MAR,Q,2007,73108358.47,,,0,0,
OECD.ITF:DSD_INFRINV@DF_INFRINV(1.0),DNK,A,INV,EUR,MAR,Q,2008,70555092.27,,,0,0,
OECD.ITF:DSD_INFRINV@DF_INFRINV(1.0),DNK,A,INV,EUR,MAR,Q,2009,70326955.19,,,0,0,
OECD.ITF:DSD_INFRINV@DF_INFRINV(1.0),DNK,A,INV,EUR,MAR,Q,2010,50668040.76,,,0,0,
OECD.ITF:DSD_INFRINV@DF_INFRINV(1.0),DNK,A,INV,EUR,MAR,Q,2011,60605829.91,,,0,0,
OECD.ITF:DSD_INFRINV@DF_INFRINV(1.0),DNK,A,INV,EUR,MAR,Q,2012,61985470.93,,,0,0,
OECD.ITF:DSD_INFRINV@DF_INFRINV(1.0),DNK,A,INV,EUR,MAR,Q,2013,145571637,,,0,0,
OECD.ITF:DSD_INFRINV@DF_INFRINV(1.0),DNK,A,INV,EUR,MAR,Q,2014,66163662.16,,,0,0,
OECD.ITF:DSD_INFRINV@DF_INFRINV(1.0),DNK,A,INV,EUR,MAR,Q,2015,73606306.81,,,0,0,
OECD.ITF:DSD_INFRINV@DF_INFRINV(1.0),DNK,A,INV,EUR,MAR,Q,2016,79064938.36,,,0,0,
OECD.ITF:DSD_INFRINV@DF_INFRINV(1.0),DNK,A,INV,EUR,MAR,Q,2017,44687330.96,,,0,0,
OECD.ITF:DSD_INFRINV@DF_INFRINV(1.0),EST,A,INV,EUR,MAR,Q,1995,47822803.93,,,0,0,
OECD.ITF:DSD_INFRINV@DF_INFRINV(1.0),EST,A,INV,EUR,MAR,Q,1996,44518878.12,,,0,0,
OECD.ITF:DSD_INFRINV@DF_INFRINV(1.0),EST,A,INV,EUR,MAR,Q,1997,23111145.35,,,0,0,
OECD.ITF:DSD_INFRINV@DF_INFRINV(1.0),EST,A,INV,EUR,MAR,Q,1999,17526640.49,,,0,0,
OECD.ITF:DSD_INFRINV@DF_INFRINV(1.0),EST,A,INV,EUR,MAR,Q,2000,29056352.23,,,0,0,
OECD.ITF:DSD_INFRINV@DF_INFRINV(1.0),EST,A,INV,EUR,MAR,Q,2001,43654001.62,,,0,0,
OECD.ITF:DSD_INFRINV@DF_INFRINV(1.0),EST,A,INV,EUR,MAR,Q,2002,32632511.3,,,0,0,
OECD.ITF:DSD_INFRINV@DF_INFRINV(1.0),EST,A,INV,EUR,MAR,Q,2003,88368331.19,,,0,0,
OECD.ITF:DSD_INFRINV@DF_INFRINV(1.0),EST,A,INV,EUR,MAR,Q,2004,92859655.29,,,0,0,
OECD.ITF:DSD_INFRINV@DF_INFRINV(1.0),EST,A,INV,EUR,MAR,Q,2005,31468806.55,,,0,0,
OECD.ITF:DSD_INFRINV@DF_INFRINV(1.0),EST,A,INV,EUR,MAR,Q,2006,36846421.74,,,0,0,
OECD.ITF:DSD_INFRINV@DF_INFRINV(1.0),EST,A,INV,EUR,MAR,Q,2007,60096153.85,,,0,0,
OECD.ITF:DSD_INFRINV@DF_INFRINV(1.0),EST,A,INV,EUR,MAR,Q,2008,41798774.58,,,0,0,
OECD.ITF:DSD_INFRINV@DF_INFRINV(1.0),EST,A,INV,EUR,MAR,Q,2009,83555218.86,,,0,0,
OECD.ITF:DSD_INFRINV@DF_INFRINV(1.0),EST,A,INV,EUR,MAR,Q,2010,44684800.29,,,0,0,
OECD.ITF:DSD_INFRINV@DF_INFRINV(1.0),EST,A,INV,EUR,MAR,Q,2011,20003111.6,,,0,0,
OECD.ITF:DSD_INFRINV@DF_INFRINV(1.0),EST,A,INV,EUR,MAR,Q,2013,6006445.942,,,0,0,
OECD.ITF:DSD_INFRINV@DF_INFRINV(1.0),EST,A,INV,EUR,MAR,Q,2014,6739735.665,,,0,0,
OECD.ITF:DSD_INFRINV@DF_INFRINV(1.0),EST,A,INV,EUR,MAR,Q,2015,12183000,,,0,0,
OECD.ITF:DSD_INFRINV@DF_INFRINV(1.0),EST,A,INV,EUR,MAR,Q,2016,6100277.148,,,0,0,
OECD.ITF:DSD_INFRINV@DF_INFRINV(1.0),EST,A,INV,EUR,MAR,Q,2017,4865213.722,,,0,0,
OECD.ITF:DSD_INFRINV@DF_INFRINV(1.0),EST,A,INV,EUR,MAR,Q,2018,5857201.429,,,0,0,
OECD.ITF:DSD_INFRINV@DF_INFRINV(1.0),EST,A,INV,EUR,MAR,Q,2019,4787804.504,,,0,0,
OECD.ITF:DSD_INFRINV@DF_INFRINV(1.0),EST,A,INV,EUR,MAR,Q,2020,2861148.465,,,0,0,
OECD.ITF:DSD_INFRINV@DF_INFRINV(1.0),EST,A,INV,EUR,MAR,Q,2021,881865.3215,,,0,0,
OECD.ITF:DSD_INFRINV@DF_INFRINV(1.0),EST,A,INV,EUR,MAR,Q,2022,7473897.413,,,0,0,
OECD.ITF:DSD_INFRINV@DF_INFRINV(1.0),EST,A,INV,EUR,MAR,Q,2024,693428.3792,,,0,0,
OECD.ITF:DSD_INFRINV@DF_INFRINV(1.0),FIN,A,INV,EUR,MAR,Q,1995,71670803.76,,,0,0,
OECD.ITF:DSD_INFRINV@DF_INFRINV(1.0),FIN,A,INV,EUR,MAR,Q,1996,89298221.04,,,0,0,
OECD.ITF:DSD_INFRINV@DF_INFRINV(1.0),FIN,A,INV,EUR,MAR,Q,1997,73635180.49,,,0,0,
OECD.ITF:DSD_INFRINV@DF_INFRINV(1.0),FIN,A,INV,EUR,MAR,Q,1998,94260225.55,,,0,0,
OECD.ITF:DSD_INFRINV@DF_INFRINV(1.0),FIN,A,INV,EUR,MAR,Q,1999,116250103.8,,,0,0,
OECD.ITF:DSD_INFRINV@DF_INFRINV(1.0),FIN,A,INV,EUR,MAR,Q,2000,91274752.48,,,0,0,
OECD.ITF:DSD_INFRINV@DF_INFRINV(1.0),FIN,A,INV,EUR,MAR,Q,2002,81487517.59,,,0,0,
OECD.ITF:DSD_INFRINV@DF_INFRINV(1.0),FIN,A,INV,EUR,MAR,Q,2003,129047225.5,,,0,0,
OECD.ITF:DSD_INFRINV@DF_INFRINV(1.0),FIN,A,INV,EUR,MAR,Q,2004,165222139.8,,,0,0,
OECD.ITF:DSD_INFRINV@DF_INFRINV(1.0),FIN,A,INV,EUR,MAR,Q,2005,181183554.9,,,0,0,
OECD.ITF:DSD_INFRINV@DF_INFRINV(1.0),FIN,A,INV,EUR,MAR,Q,2007,265778333.7,,,0,0,
OECD.ITF:DSD_INFRINV@DF_INFRINV(1.0),FIN,A,INV,EUR,MAR,Q,2008,265263814.9,,,0,0,
OECD.ITF:DSD_INFRINV@DF_INFRINV(1.0),FIN,A,INV,EUR,MAR,Q,2009,113753995.6,,,0,0,
OECD.ITF:DSD_INFRINV@DF_INFRINV(1.0),FIN,A,INV,EUR,MAR,Q,2010,76458529.56,,,0,0,
OECD.ITF:DSD_INFRINV@DF_INFRINV(1.0),FIN,A,INV,EUR,MAR,Q,2011,80412715.65,,,0,0,
OECD.ITF:DSD_INFRINV@DF_INFRINV(1.0),FIN,A,INV,EUR,MAR,Q,2012,55546738.61,,,0,0,
OECD.ITF:DSD_INFRINV@DF_INFRINV(1.0),FIN,A,INV,EUR,MAR,Q,2013,39349551.91,,,0,0,
OECD.ITF:DSD_INFRINV@DF_INFRINV(1.0),FIN,A,INV,EUR,MAR,Q,2014,43006969.08,,,0,0,
OECD.ITF:DSD_INFRINV@DF_INFRINV(1.0),FIN,A,INV,EUR,MAR,Q,2015,55000000,,,0,0,
OECD.ITF:DSD_INFRINV@DF_INFRINV(1.0),FIN,A,INV,EUR,MAR,Q,2016,115786587,,,0,0,
OECD.ITF:DSD_INFRINV@DF_INFRINV(1.0),FIN,A,INV,EUR,MAR,Q,2017,98544122.02,,,0,0,
OECD.ITF:DSD_INFRINV@DF_INFRINV(1.0),FIN,A,INV,EUR,MAR,Q,2018,56226913.69,,,0,0,
OECD.ITF:DSD_INFRINV@DF_INFRINV(1.0),FIN,A,INV,EUR,MAR,Q,2019,82676079.12,,,0,0,
OECD.ITF:DSD_INFRINV@DF_INFRINV(1.0),FIN,A,INV,EUR,MAR,Q,2020,56782581.45,,,0,0,
OECD.ITF:DSD_INFRINV@DF_INFRINV(1.0),FIN,A,INV,EUR,MAR,Q,2021,71214016.38,,,0,0,
OECD.ITF:DSD_INFRINV@DF_INFRINV(1.0),FIN,A,INV,EUR,MAR,Q,2022,75260810.74,,,0,0,
OECD.ITF:DSD_INFRINV@DF_INFRINV(1.0),FIN,A,INV,EUR,MAR,Q,2023,26817868.36,,,0,0,
OECD.ITF:DSD_INFRINV@DF_INFRINV(1.0),FIN,A,INV,EUR,MAR,Q,2024,45108413.1,,,0,0,
OECD.ITF:DSD_INFRINV@DF_INFRINV(1.0),FRA,A,INV,EUR,MAR,Q,1998,278268161.4,,,0,0,
OECD.ITF:DSD_INFRINV@DF_INFRINV(1.0),FRA,A,INV,EUR,MAR,Q,1999,250830708.8,,,0,0,
OECD.ITF:DSD_INFRINV@DF_INFRINV(1.0),FRA,A,INV,EUR,MAR,Q,2000,264417772.3,,,0,0,
OECD.ITF:DSD_INFRINV@DF_INFRINV(1.0),FRA,A,INV,EUR,MAR,Q,2001,395209821.1,,,0,0,
OECD.ITF:DSD_INFRINV@DF_INFRINV(1.0),FRA,A,INV,EUR,MAR,Q,2002,417440936.2,,,0,0,
OECD.ITF:DSD_INFRINV@DF_INFRINV(1.0),FRA,A,INV,EUR,MAR,Q,2003,621861494.1,,,0,0,
OECD.ITF:DSD_INFRINV@DF_INFRINV(1.0),FRA,A,INV,EUR,MAR,Q,2004,468075344.4,,,0,0,
OECD.ITF:DSD_INFRINV@DF_INFRINV(1.0),FRA,A,INV,EUR,MAR,Q,2005,329040371.7,,,0,0,
OECD.ITF:DSD_INFRINV@DF_INFRINV(1.0),FRA,A,INV,EUR,MAR,Q,2006,291890563.4,,,0,0,
OECD.ITF:DSD_INFRINV@DF_INFRINV(1.0),FRA,A,INV,EUR,MAR,Q,2007,327986359.2,,,0,0,
OECD.ITF:DSD_INFRINV@DF_INFRINV(1.0),FRA,A,INV,EUR,MAR,Q,2008,292171434.4,,,0,0,
OECD.ITF:DSD_INFRINV@DF_INFRINV(1.0),FRA,A,INV,EUR,MAR,Q,2009,292441351.6,,,0,0,
OECD.ITF:DSD_INFRINV@DF_INFRINV(1.0),FRA,A,INV,EUR,MAR,Q,2010,214622546.5,,,0,0,
OECD.ITF:DSD_INFRINV@DF_INFRINV(1.0),FRA,A,INV,EUR,MAR,Q,2011,202101859.3,,,0,0,
OECD.ITF:DSD_INFRINV@DF_INFRINV(1.0),FRA,A,INV,EUR,MAR,Q,2012,206215404.7,,,0,0,
OECD.ITF:DSD_INFRINV@DF_INFRINV(1.0),FRA,A,INV,EUR,MAR,Q,2013,296814982.3,,,0,0,
OECD.ITF:DSD_INFRINV@DF_INFRINV(1.0),FRA,A,INV,EUR,MAR,Q,2014,317724440.1,,,0,0,
OECD.ITF:DSD_INFRINV@DF_INFRINV(1.0),FRA,A,INV,EUR,MAR,Q,2015,307520739,,,0,0,
OECD.ITF:DSD_INFRINV@DF_INFRINV(1.0),FRA,A,INV,EUR,MAR,Q,2016,316265213.9,,,0,0,
OECD.ITF:DSD_INFRINV@DF_INFRINV(1.0),FRA,A,INV,EUR,MAR,Q,2017,265504799.5,,,0,0,
OECD.ITF:DSD_INFRINV@DF_INFRINV(1.0),FRA,A,INV,EUR,MAR,Q,2018,162574590.3,,,0,0,
OECD.ITF:DSD_INFRINV@DF_INFRINV(1.0),FRA,A,INV,EUR,MAR,Q,2019,260499685.8,,,0,0,
OECD.ITF:DSD_INFRINV@DF_INFRINV(1.0),FRA,A,INV,EUR,MAR,Q,2020,273432033.3,,,0,0,
OECD.ITF:DSD_INFRINV@DF_INFRINV(1.0),FRA,A,INV,EUR,MAR,Q,2021,364964902.2,,,0,0,
OECD.ITF:DSD_INFRINV@DF_INFRINV(1.0),FRA,A,INV,EUR,MAR,Q,2022,393072312.7,,,0,0,
OECD.ITF:DSD_INFRINV@DF_INFRINV(1.0),FRA,A,INV,EUR,MAR,Q,2023,345567914.9,,,0,0,
OECD.ITF:DSD_INFRINV@DF_INFRINV(1.0),DEU,A,INV,EUR,MAR,Q,1995,632673985.3,,,0,0,
OECD.ITF:DSD_INFRINV@DF_INFRINV(1.0),DEU,A,INV,EUR,MAR,Q,1996,618092097,,,0,0,
OECD.ITF:DSD_INFRINV@DF_INFRINV(1.0),DEU,A,INV,EUR,MAR,Q,1997,716425521.1,,,0,0,
OECD.ITF:DSD_INFRINV@DF_INFRINV(1.0),DEU,A,INV,EUR,MAR,Q,1998,576989652.7,,,0,0,
OECD.ITF:DSD_INFRINV@DF_INFRINV(1.0),DEU,A,INV,EUR,MAR,Q,1999,527068647.8,,,0,0,
OECD.ITF:DSD_INFRINV@DF_INFRINV(1.0),DEU,A,INV,EUR,MAR,Q,2000,718651696.9,,,0,0,
OECD.ITF:DSD_INFRINV@DF_INFRINV(1.0),DEU,A,INV,EUR,MAR,Q,2001,646149917,,,0,0,
OECD.ITF:DSD_INFRINV@DF_INFRINV(1.0),DEU,A,INV,EUR,MAR,Q,2002,1304548012,,,0,0,
OECD.ITF:DSD_INFRINV@DF_INFRINV(1.0),DEU,A,INV,EUR,MAR,Q,2003,564920975.3,,,0,0,
OECD.ITF:DSD_INFRINV@DF_INFRINV(1.0),DEU,A,INV,EUR,MAR,Q,2004,549162845.9,,,0,0,
OECD.ITF:DSD_INFRINV@DF_INFRINV(1.0),DEU,A,INV,EUR,MAR,Q,2005,720597716.8,,,0,0,
OECD.ITF:DSD_INFRINV@DF_INFRINV(1.0),DEU,A,INV,EUR,MAR,Q,2006,717857319.7,,,0,0,
OECD.ITF:DSD_INFRINV@DF_INFRINV(1.0),DEU,A,INV,EUR,MAR,Q,2007,745382124.8,,,0,0,
OECD.ITF:DSD_INFRINV@DF_INFRINV(1.0),DEU,A,INV,EUR,MAR,Q,2008,707904938.5,,,0,0,
OECD.ITF:DSD_INFRINV@DF_INFRINV(1.0),DEU,A,INV,EUR,MAR,Q,2009,758666519,,,0,0,
OECD.ITF:DSD_INFRINV@DF_INFRINV(1.0),DEU,A,INV,EUR,MAR,Q,2010,1061325943,,,0,0,
OECD.ITF:DSD_INFRINV@DF_INFRINV(1.0),DEU,A,INV,EUR,MAR,Q,2011,993512631,,,0,0,
OECD.ITF:DSD_INFRINV@DF_INFRINV(1.0),DEU,A,INV,EUR,MAR,Q,2012,932112859,,,0,0,
OECD.ITF:DSD_INFRINV@DF_INFRINV(1.0),DEU,A,INV,EUR,MAR,Q,2013,802659065.4,,,0,0,
OECD.ITF:DSD_INFRINV@DF_INFRINV(1.0),DEU,A,INV,EUR,MAR,Q,2014,455714661.9,,,0,0,
OECD.ITF:DSD_INFRINV@DF_INFRINV(1.0),DEU,A,INV,EUR,MAR,Q,2015,460000000,,,0,0,
OECD.ITF:DSD_INFRINV@DF_INFRINV(1.0),DEU,A,INV,EUR,MAR,Q,2016,422982716.7,,,0,0,
OECD.ITF:DSD_INFRINV@DF_INFRINV(1.0),DEU,A,INV,EUR,MAR,Q,2017,390178911.3,,,0,0,
OECD.ITF:DSD_INFRINV@DF_INFRINV(1.0),DEU,A,INV,EUR,MAR,Q,2018,393643784,,,0,0,
OECD.ITF:DSD_INFRINV@DF_INFRINV(1.0),DEU,A,INV,EUR,MAR,Q,2019,439268918.7,,,0,0,
OECD.ITF:DSD_INFRINV@DF_INFRINV(1.0),DEU,A,INV,EUR,MAR,Q,2020,386950827.5,,,0,0,
OECD.ITF:DSD_INFRINV@DF_INFRINV(1.0),DEU,A,INV,EUR,MAR,Q,2021,333674952.9,,,0,0,
OECD.ITF:DSD_INFRINV@DF_INFRINV(1.0),DEU,A,INV,EUR,MAR,Q,2022,304623430.7,,,0,0,
OECD.ITF:DSD_INFRINV@DF_INFRINV(1.0),DEU,A,INV,EUR,MAR,Q,2023,314915004.4,,,0,0,
OECD.ITF:DSD_INFRINV@DF_INFRINV(1.0),GRC,A,INV,EUR,MAR,Q,2000,241051332.3,,,0,0,
OECD.ITF:DSD_INFRINV@DF_INFRINV(1.0),GRC,A,INV,EUR,MAR,Q,2001,251469258.6,,,0,0,
OECD.ITF:DSD_INFRINV@DF_INFRINV(1.0),GRC,A,INV,EUR,MAR,Q,2002,135784850.3,,,0,0,
OECD.ITF:DSD_INFRINV@DF_INFRINV(1.0),GRC,A,INV,EUR,MAR,Q,2003,143168802.8,,,0,0,
OECD.ITF:DSD_INFRINV@DF_INFRINV(1.0),GRC,A,INV,EUR,MAR,Q,2004,112890522.4,,,0,0,
OECD.ITF:DSD_INFRINV@DF_INFRINV(1.0),GRC,A,INV,EUR,MAR,Q,2005,106002219.8,,,0,0,
OECD.ITF:DSD_INFRINV@DF_INFRINV(1.0),GRC,A,INV,EUR,MAR,Q,2006,104014491.9,,,0,0,
OECD.ITF:DSD_INFRINV@DF_INFRINV(1.0),GRC,A,INV,EUR,MAR,Q,2007,71940828.67,,,0,0,
OECD.ITF:DSD_INFRINV@DF_INFRINV(1.0),GRC,A,INV,EUR,MAR,Q,2008,115274961.7,,,0,0,
OECD.ITF:DSD_INFRINV@DF_INFRINV(1.0),GRC,A,INV,EUR,MAR,Q,2009,116957785.9,,,0,0,
OECD.ITF:DSD_INFRINV@DF_INFRINV(1.0),GRC,A,INV,EUR,MAR,Q,2010,62568637.21,,,0,0,
OECD.ITF:DSD_INFRINV@DF_INFRINV(1.0),GRC,A,INV,EUR,MAR,Q,2011,17781862.06,,,0,0,
OECD.ITF:DSD_INFRINV@DF_INFRINV(1.0),GRC,A,INV,EUR,MAR,Q,2012,19463931.97,,,0,0,
OECD.ITF:DSD_INFRINV@DF_INFRINV(1.0),GRC,A,INV,EUR,MAR,Q,2013,35408562.51,,,0,0,
OECD.ITF:DSD_INFRINV@DF_INFRINV(1.0),GRC,A,INV,EUR,MAR,Q,2014,23586291.58,,,0,0,
OECD.ITF:DSD_INFRINV@DF_INFRINV(1.0),GRC,A,INV,EUR,MAR,Q,2015,20457543.37,,,0,0,
OECD.ITF:DSD_INFRINV@DF_INFRINV(1.0),GRC,A,INV,EUR,MAR,Q,2016,20864267.17,,,0,0,
OECD.ITF:DSD_INFRINV@DF_INFRINV(1.0),GRC,A,INV,EUR,MAR,Q,2017,8663398.234,,,0,0,
OECD.ITF:DSD_INFRINV@DF_INFRINV(1.0),GRC,A,INV,EUR,MAR,Q,2018,11777767.76,,,0,0,
OECD.ITF:DSD_INFRINV@DF_INFRINV(1.0),GRC,A,INV,EUR,MAR,Q,2019,8173320.36,,,0,0,
OECD.ITF:DSD_INFRINV@DF_INFRINV(1.0),GRC,A,INV,EUR,MAR,Q,2020,9063806.595,,,0,0,
OECD.ITF:DSD_INFRINV@DF_INFRINV(1.0),GRC,A,INV,EUR,MAR,Q,2021,9249780.782,,,0,0,
OECD.ITF:DSD_INFRINV@DF_INFRINV(1.0),GRC,A,INV,EUR,MAR,Q,2022,7937483.661,,,0,0,
OECD.ITF:DSD_INFRINV@DF_INFRINV(1.0),ISL,A,INV,EUR,MAR,Q,1995,32702694.54,,,0,0,
OECD.ITF:DSD_INFRINV@DF_INFRINV(1.0),ISL,A,INV,EUR,MAR,Q,1996,29584840.68,,,0,0,
OECD.ITF:DSD_INFRINV@DF_INFRINV(1.0),ISL,A,INV,EUR,MAR,Q,1997,27044715.14,,,0,0,
OECD.ITF:DSD_INFRINV@DF_INFRINV(1.0),ISL,A,INV,EUR,MAR,Q,1998,32844062.82,,,0,0,
OECD.ITF:DSD_INFRINV@DF_INFRINV(1.0),ISL,A,INV,EUR,MAR,Q,1999,43436168.38,,,0,0,
OECD.ITF:DSD_INFRINV@DF_INFRINV(1.0),ISL,A,INV,EUR,MAR,Q,2000,25082033.91,,,0,0,
OECD.ITF:DSD_INFRINV@DF_INFRINV(1.0),ISL,A,INV,EUR,MAR,Q,2001,27137400.48,,,0,0,
OECD.ITF:DSD_INFRINV@DF_INFRINV(1.0),ISL,A,INV,EUR,MAR,Q,2002,37598047.14,,,0,0,
OECD.ITF:DSD_INFRINV@DF_INFRINV(1.0),ISL,A,INV,EUR,MAR,Q,2003,19368250.64,,,0,0,
OECD.ITF:DSD_INFRINV@DF_INFRINV(1.0),ISL,A,INV,EUR,MAR,Q,2004,43186942.71,,,0,0,
OECD.ITF:DSD_INFRINV@DF_INFRINV(1.0),ISL,A,INV,EUR,MAR,Q,2005,24369830.66,,,0,0,
OECD.ITF:DSD_INFRINV@DF_INFRINV(1.0),ISL,A,INV,EUR,MAR,Q,2006,37951334.5,,,0,0,
OECD.ITF:DSD_INFRINV@DF_INFRINV(1.0),ISL,A,INV,EUR,MAR,Q,2007,37169348.8,,,0,0,
OECD.ITF:DSD_INFRINV@DF_INFRINV(1.0),ISL,A,INV,EUR,MAR,Q,2008,29606991.42,,,0,0,
OECD.ITF:DSD_INFRINV@DF_INFRINV(1.0),ISL,A,INV,EUR,MAR,Q,2009,30194641.35,,,0,0,
OECD.ITF:DSD_INFRINV@DF_INFRINV(1.0),ISL,A,INV,EUR,MAR,Q,2010,19824071.66,,,0,0,
OECD.ITF:DSD_INFRINV@DF_INFRINV(1.0),ISL,A,INV,EUR,MAR,Q,2011,21637400.71,,,0,0,
OECD.ITF:DSD_INFRINV@DF_INFRINV(1.0),ISL,A,INV,EUR,MAR,Q,2012,18396198.76,,,0,0,
OECD.ITF:DSD_INFRINV@DF_INFRINV(1.0),ISL,A,INV,EUR,MAR,Q,2013,18268191.27,,,0,0,
OECD.ITF:DSD_INFRINV@DF_INFRINV(1.0),ISL,A,INV,EUR,MAR,Q,2014,16749640.33,,,0,0,
OECD.ITF:DSD_INFRINV@DF_INFRINV(1.0),ISL,A,INV,EUR,MAR,Q,2015,19982124.53,,,0,0,
OECD.ITF:DSD_INFRINV@DF_INFRINV(1.0),ISL,A,INV,EUR,MAR,Q,2016,31022925.09,,,0,0,
OECD.ITF:DSD_INFRINV@DF_INFRINV(1.0),ISL,A,INV,EUR,MAR,Q,2017,28105148.16,,,0,0,
OECD.ITF:DSD_INFRINV@DF_INFRINV(1.0),ISL,A,INV,EUR,MAR,Q,2018,23377538.51,,,0,0,
OECD.ITF:DSD_INFRINV@DF_INFRINV(1.0),ISL,A,INV,EUR,MAR,Q,2019,30757142.27,,,0,0,
OECD.ITF:DSD_INFRINV@DF_INFRINV(1.0),ISL,A,INV,EUR,MAR,Q,2020,31097818.29,,,0,0,
OECD.ITF:DSD_INFRINV@DF_INFRINV(1.0),ISL,A,INV,EUR,MAR,Q,2021,24775097.52,,,0,0,
OECD.ITF:DSD_INFRINV@DF_INFRINV(1.0),IRL,A,INV,EUR,MAR,Q,2000,91430733.34,,,0,0,
OECD.ITF:DSD_INFRINV@DF_INFRINV(1.0),IRL,A,INV,EUR,MAR,Q,2001,57050204.18,,,0,0,
OECD.ITF:DSD_INFRINV@DF_INFRINV(1.0),IRL,A,INV,EUR,MAR,Q,2002,105092612.9,,,0,0,
OECD.ITF:DSD_INFRINV@DF_INFRINV(1.0),IRL,A,INV,EUR,MAR,Q,2003,89830336.57,,,0,0,
OECD.ITF:DSD_INFRINV@DF_INFRINV(1.0),IRL,A,INV,EUR,MAR,Q,2004,58680750.05,,,0,0,
OECD.ITF:DSD_INFRINV@DF_INFRINV(1.0),IRL,A,INV,EUR,MAR,Q,2005,39346093.31,,,0,0,
OECD.ITF:DSD_INFRINV@DF_INFRINV(1.0),IRL,A,INV,EUR,MAR,Q,2006,38912287.13,,,0,0,
OECD.ITF:DSD_INFRINV@DF_INFRINV(1.0),IRL,A,INV,EUR,MAR,Q,2007,33594624.86,,,0,0,
OECD.ITF:DSD_INFRINV@DF_INFRINV(1.0),IRL,A,INV,EUR,MAR,Q,2008,33598144.52,,,0,0,
OECD.ITF:DSD_INFRINV@DF_INFRINV(1.0),IRL,A,INV,EUR,MAR,Q,2009,13418165.96,,,0,0,
OECD.ITF:DSD_INFRINV@DF_INFRINV(1.0),IRL,A,INV,EUR,MAR,Q,2010,6534025.94,,,0,0,
OECD.ITF:DSD_INFRINV@DF_INFRINV(1.0),IRL,A,INV,EUR,MAR,Q,2011,17032329.49,,,0,0,
OECD.ITF:DSD_INFRINV@DF_INFRINV(1.0),IRL,A,INV,EUR,MAR,Q,2012,11452249.33,,,0,0,
OECD.ITF:DSD_INFRINV@DF_INFRINV(1.0),IRL,A,INV,EUR,MAR,Q,2013,11300944.14,,,0,0,
OECD.ITF:DSD_INFRINV@DF_INFRINV(1.0),IRL,A,INV,EUR,MAR,Q,2014,11143302.87,,,0,0,
OECD.ITF:DSD_INFRINV@DF_INFRINV(1.0),IRL,A,INV,EUR,MAR,Q,2015,11000000,,,0,0,
OECD.ITF:DSD_INFRINV@DF_INFRINV(1.0),IRL,A,INV,EUR,MAR,Q,2016,10912698.41,,,0,0,
OECD.ITF:DSD_INFRINV@DF_INFRINV(1.0),IRL,A,INV,EUR,MAR,Q,2017,10648596.32,,,0,0,
OECD.ITF:DSD_INFRINV@DF_INFRINV(1.0),IRL,A,INV,EUR,MAR,Q,2018,10556621.88,,,0,0,
OECD.ITF:DSD_INFRINV@DF_INFRINV(1.0),IRL,A,INV,EUR,MAR,Q,2019,10387157.7,,,0,0,
OECD.ITF:DSD_INFRINV@DF_INFRINV(1.0),IRL,A,INV,EUR,MAR,Q,2020,10357815.44,,,0,0,
OECD.ITF:DSD_INFRINV@DF_INFRINV(1.0),IRL,A,INV,EUR,MAR,Q,2021,82393755.42,,,0,0,
OECD.ITF:DSD_INFRINV@DF_INFRINV(1.0),IRL,A,INV,EUR,MAR,Q,2022,45064345.98,,,0,0,
OECD.ITF:DSD_INFRINV@DF_INFRINV(1.0),IRL,A,INV,EUR,MAR,Q,2023,60075819.83,,,0,0,
OECD.ITF:DSD_INFRINV@DF_INFRINV(1.0),IRL,A,INV,EUR,MAR,Q,2024,101185313.7,,,0,0,
OECD.ITF:DSD_INFRINV@DF_INFRINV(1.0),ITA,A,INV,EUR,MAR,Q,1995,322477601.5,,,0,0,
OECD.ITF:DSD_INFRINV@DF_INFRINV(1.0),ITA,A,INV,EUR,MAR,Q,1996,290019820.5,,,0,0,
OECD.ITF:DSD_INFRINV@DF_INFRINV(1.0),ITA,A,INV,EUR,MAR,Q,1997,314089991.8,,,0,0,
OECD.ITF:DSD_INFRINV@DF_INFRINV(1.0),ITA,A,INV,EUR,MAR,Q,1998,347087243.8,,,0,0,
OECD.ITF:DSD_INFRINV@DF_INFRINV(1.0),ITA,A,INV,EUR,MAR,Q,1999,337930279.6,,,0,0,
OECD.ITF:DSD_INFRINV@DF_INFRINV(1.0),ITA,A,INV,EUR,MAR,Q,2000,310584059.4,,,0,0,
OECD.ITF:DSD_INFRINV@DF_INFRINV(1.0),ITA,A,INV,EUR,MAR,Q,2001,354841234.6,,,0,0,
OECD.ITF:DSD_INFRINV@DF_INFRINV(1.0),ITA,A,INV,EUR,MAR,Q,2002,623831893.7,,,0,0,
OECD.ITF:DSD_INFRINV@DF_INFRINV(1.0),ITA,A,INV,EUR,MAR,Q,2003,2224099099,,,0,0,
OECD.ITF:DSD_INFRINV@DF_INFRINV(1.0),ITA,A,INV,EUR,MAR,Q,2004,2918515338,,,0,0,
OECD.ITF:DSD_INFRINV@DF_INFRINV(1.0),ITA,A,INV,EUR,MAR,Q,2005,2409103655,,,0,0,
OECD.ITF:DSD_INFRINV@DF_INFRINV(1.0),ITA,A,INV,EUR,MAR,Q,2006,969275786.4,,,0,0,
OECD.ITF:DSD_INFRINV@DF_INFRINV(1.0),ITA,A,INV,EUR,MAR,Q,2007,1315173014,,,0,0,
OECD.ITF:DSD_INFRINV@DF_INFRINV(1.0),ITA,A,INV,EUR,MAR,Q,2008,1023942833,,,0,0,
OECD.ITF:DSD_INFRINV@DF_INFRINV(1.0),ITA,A,INV,EUR,MAR,Q,2009,1367868993,,,0,0,
OECD.ITF:DSD_INFRINV@DF_INFRINV(1.0),ITA,A,INV,EUR,MAR,Q,2010,1431018523,,,0,0,
OECD.ITF:DSD_INFRINV@DF_INFRINV(1.0),ITA,A,INV,EUR,MAR,Q,2011,1326179494,,,0,0,
OECD.ITF:DSD_INFRINV@DF_INFRINV(1.0),ITA,A,INV,EUR,MAR,Q,2012,1381104678,,,0,0,
OECD.ITF:DSD_INFRINV@DF_INFRINV(1.0),ITA,A,INV,EUR,MAR,Q,2013,1145065338,,,0,0,
OECD.ITF:DSD_INFRINV@DF_INFRINV(1.0),ITA,A,INV,EUR,MAR,Q,2014,1177146428,,,0,0,
OECD.ITF:DSD_INFRINV@DF_INFRINV(1.0),ITA,A,INV,EUR,MAR,Q,2015,1059000000,,,0,0,
OECD.ITF:DSD_INFRINV@DF_INFRINV(1.0),ITA,A,INV,EUR,MAR,Q,2016,1019279393,,,0,0,
OECD.ITF:DSD_INFRINV@DF_INFRINV(1.0),ITA,A,INV,EUR,MAR,Q,2017,757115116.8,,,0,0,
OECD.ITF:DSD_INFRINV@DF_INFRINV(1.0),ITA,A,INV,EUR,MAR,Q,2018,638475421.6,,,0,0,
OECD.ITF:DSD_INFRINV@DF_INFRINV(1.0),ITA,A,INV,EUR,MAR,Q,2019,1068784390,,,0,0,
OECD.ITF:DSD_INFRINV@DF_INFRINV(1.0),ITA,A,INV,EUR,MAR,Q,2020,1352807714,,,0,0,
OECD.ITF:DSD_INFRINV@DF_INFRINV(1.0),ITA,A,INV,EUR,MAR,Q,2021,2206520623,,,0,0,
OECD.ITF:DSD_INFRINV@DF_INFRINV(1.0),ITA,A,INV,EUR,MAR,Q,2022,804770883.9,,,0,0,
OECD.ITF:DSD_INFRINV@DF_INFRINV(1.0),ITA,A,INV,EUR,MAR,Q,2023,856747933.8,,,0,0,
OECD.ITF:DSD_INFRINV@DF_INFRINV(1.0),JPN,A,INV,EUR,MAR,Q,2002,5362272118,,,0,0,
OECD.ITF:DSD_INFRINV@DF_INFRINV(1.0),JPN,A,INV,EUR,MAR,Q,2003,4416010480,,,0,0,
OECD.ITF:DSD_INFRINV@DF_INFRINV(1.0),JPN,A,INV,EUR,MAR,Q,2004,4200519453,,,0,0,
OECD.ITF:DSD_INFRINV@DF_INFRINV(1.0),JPN,A,INV,EUR,MAR,Q,2005,3750603754,,,0,0,
OECD.ITF:DSD_INFRINV@DF_INFRINV(1.0),JPN,A,INV,EUR,MAR,Q,2006,3425655445,,,0,0,
OECD.ITF:DSD_INFRINV@DF_INFRINV(1.0),JPN,A,INV,EUR,MAR,Q,2007,3295637785,,,0,0,
OECD.ITF:DSD_INFRINV@DF_INFRINV(1.0),JPN,A,INV,EUR,MAR,Q,2008,3386064924,,,0,0,
OECD.ITF:DSD_INFRINV@DF_INFRINV(1.0),JPN,A,INV,EUR,MAR,Q,2009,4932848839,,,0,0,
OECD.ITF:DSD_INFRINV@DF_INFRINV(1.0),JPN,A,INV,EUR,MAR,Q,2010,2048210265,,,0,0,
OECD.ITF:DSD_INFRINV@DF_INFRINV(1.0),JPN,A,INV,EUR,MAR,Q,2011,2033715542,,,0,0,
OECD.ITF:DSD_INFRINV@DF_INFRINV(1.0),JPN,A,INV,EUR,MAR,Q,2012,2710707982,,,0,0,
OECD.ITF:DSD_INFRINV@DF_INFRINV(1.0),JPN,A,INV,EUR,MAR,Q,2013,2333188001,,,0,0,
OECD.ITF:DSD_INFRINV@DF_INFRINV(1.0),JPN,A,INV,EUR,MAR,Q,2014,2050458585,,,0,0,
OECD.ITF:DSD_INFRINV@DF_INFRINV(1.0),JPN,A,INV,EUR,MAR,Q,2015,2149785570,,,0,0,
OECD.ITF:DSD_INFRINV@DF_INFRINV(1.0),JPN,A,INV,EUR,MAR,Q,2016,2382430808,,,0,0,
OECD.ITF:DSD_INFRINV@DF_INFRINV(1.0),JPN,A,INV,EUR,MAR,Q,2017,2115703112,,,0,0,
OECD.ITF:DSD_INFRINV@DF_INFRINV(1.0),JPN,A,INV,EUR,MAR,Q,2018,2096824466,,,0,0,
OECD.ITF:DSD_INFRINV@DF_INFRINV(1.0),JPN,A,INV,EUR,MAR,Q,2019,2365251990,,,0,0,
OECD.ITF:DSD_INFRINV@DF_INFRINV(1.0),JPN,A,INV,EUR,MAR,Q,2020,2924043047,,,0,0,
OECD.ITF:DSD_INFRINV@DF_INFRINV(1.0),JPN,A,INV,EUR,MAR,Q,2021,2367249201,,,0,0,
OECD.ITF:DSD_INFRINV@DF_INFRINV(1.0),JPN,A,INV,EUR,MAR,Q,2022,2354177585,,,0,0,
OECD.ITF:DSD_INFRINV@DF_INFRINV(1.0),JPN,A,INV,EUR,MAR,Q,2023,2371057037,,,0,0,
OECD.ITF:DSD_INFRINV@DF_INFRINV(1.0),JPN,A,INV,EUR,MAR,Q,2024,2290062032,,,0,0,
OECD.ITF:DSD_INFRINV@DF_INFRINV(1.0),KOR,A,INV,EUR,MAR,Q,1995,610505118.8,,,0,0,
OECD.ITF:DSD_INFRINV@DF_INFRINV(1.0),KOR,A,INV,EUR,MAR,Q,1996,754506268.5,,,0,0,
OECD.ITF:DSD_INFRINV@DF_INFRINV(1.0),KOR,A,INV,EUR,MAR,Q,1997,1082096509,,,0,0,
OECD.ITF:DSD_INFRINV@DF_INFRINV(1.0),KOR,A,INV,EUR,MAR,Q,1998,1042244009,,,0,0,
OECD.ITF:DSD_INFRINV@DF_INFRINV(1.0),KOR,A,INV,EUR,MAR,Q,1999,1076094775,,,0,0,
OECD.ITF:DSD_INFRINV@DF_INFRINV(1.0),KOR,A,INV,EUR,MAR,Q,2000,999432612.6,,,0,0,
OECD.ITF:DSD_INFRINV@DF_INFRINV(1.0),KOR,A,INV,EUR,MAR,Q,2001,1106511850,,,0,0,
OECD.ITF:DSD_INFRINV@DF_INFRINV(1.0),KOR,A,INV,EUR,MAR,Q,2002,1350136886,,,0,0,
OECD.ITF:DSD_INFRINV@DF_INFRINV(1.0),KOR,A,INV,EUR,MAR,Q,2003,1709069984,,,0,0,
OECD.ITF:DSD_INFRINV@DF_INFRINV(1.0),KOR,A,INV,EUR,MAR,Q,2004,1611870652,,,0,0,
OECD.ITF:DSD_INFRINV@DF_INFRINV(1.0),KOR,A,INV,EUR,MAR,Q,2005,1751084803,,,0,0,
OECD.ITF:DSD_INFRINV@DF_INFRINV(1.0),KOR,A,INV,EUR,MAR,Q,2006,1814509492,,,0,0,
OECD.ITF:DSD_INFRINV@DF_INFRINV(1.0),KOR,A,INV,EUR,MAR,Q,2007,1901304756,,,0,0,
OECD.ITF:DSD_INFRINV@DF_INFRINV(1.0),KOR,A,INV,EUR,MAR,Q,2008,1740433500,,,0,0,
OECD.ITF:DSD_INFRINV@DF_INFRINV(1.0),KOR,A,INV,EUR,MAR,Q,2009,1812673830,,,0,0,
OECD.ITF:DSD_INFRINV@DF_INFRINV(1.0),KOR,A,INV,EUR,MAR,Q,2010,1526336075,,,0,0,
OECD.ITF:DSD_INFRINV@DF_INFRINV(1.0),KOR,A,INV,EUR,MAR,Q,2011,1254890027,,,0,0,
OECD.ITF:DSD_INFRINV@DF_INFRINV(1.0),KOR,A,INV,EUR,MAR,Q,2012,1248179312,,,0,0,
OECD.ITF:DSD_INFRINV@DF_INFRINV(1.0),KOR,A,INV,EUR,MAR,Q,2013,1185700566,,,0,0,
OECD.ITF:DSD_INFRINV@DF_INFRINV(1.0),KOR,A,INV,EUR,MAR,Q,2014,1173396835,,,0,0,
OECD.ITF:DSD_INFRINV@DF_INFRINV(1.0),KOR,A,INV,EUR,MAR,Q,2015,1351696456,,,0,0,
OECD.ITF:DSD_INFRINV@DF_INFRINV(1.0),KOR,A,INV,EUR,MAR,Q,2016,1421322271,,,0,0,
OECD.ITF:DSD_INFRINV@DF_INFRINV(1.0),KOR,A,INV,EUR,MAR,Q,2017,963156018.5,,,0,0,
OECD.ITF:DSD_INFRINV@DF_INFRINV(1.0),KOR,A,INV,EUR,MAR,Q,2018,890607305.1,,,0,0,
OECD.ITF:DSD_INFRINV@DF_INFRINV(1.0),KOR,A,INV,EUR,MAR,Q,2019,880371939.3,,,0,0,
OECD.ITF:DSD_INFRINV@DF_INFRINV(1.0),KOR,A,INV,EUR,MAR,Q,2020,1018645783,,,0,0,
OECD.ITF:DSD_INFRINV@DF_INFRINV(1.0),KOR,A,INV,EUR,MAR,Q,2021,1079491377,,,0,0,
OECD.ITF:DSD_INFRINV@DF_INFRINV(1.0),LVA,A,INV,EUR,MAR,Q,2002,70663323.46,,,0,0,
OECD.ITF:DSD_INFRINV@DF_INFRINV(1.0),LVA,A,INV,EUR,MAR,Q,2003,83480196.64,,,0,0,
OECD.ITF:DSD_INFRINV@DF_INFRINV(1.0),LVA,A,INV,EUR,MAR,Q,2004,186068911.2,,,0,0,
OECD.ITF:DSD_INFRINV@DF_INFRINV(1.0),LVA,A,INV,EUR,MAR,Q,2005,101303817.7,,,0,0,
OECD.ITF:DSD_INFRINV@DF_INFRINV(1.0),LVA,A,INV,EUR,MAR,Q,2006,122585150.1,,,0,0,
OECD.ITF:DSD_INFRINV@DF_INFRINV(1.0),LVA,A,INV,EUR,MAR,Q,2007,174683232.9,,,0,0,
OECD.ITF:DSD_INFRINV@DF_INFRINV(1.0),LVA,A,INV,EUR,MAR,Q,2008,289194448.3,,,0,0,
OECD.ITF:DSD_INFRINV@DF_INFRINV(1.0),LTU,A,INV,EUR,MAR,Q,1998,30718985.95,,,0,0,
OECD.ITF:DSD_INFRINV@DF_INFRINV(1.0),LTU,A,INV,EUR,MAR,Q,1999,17405338.69,,,0,0,
OECD.ITF:DSD_INFRINV@DF_INFRINV(1.0),LTU,A,INV,EUR,MAR,Q,2000,20383843.45,,,0,0,
OECD.ITF:DSD_INFRINV@DF_INFRINV(1.0),LTU,A,INV,EUR,MAR,Q,2001,52020934.49,,,0,0,
OECD.ITF:DSD_INFRINV@DF_INFRINV(1.0),LTU,A,INV,EUR,MAR,Q,2002,45718970.22,,,0,0,
OECD.ITF:DSD_INFRINV@DF_INFRINV(1.0),LTU,A,INV,EUR,MAR,Q,2003,35887593.81,,,0,0,
OECD.ITF:DSD_INFRINV@DF_INFRINV(1.0),LTU,A,INV,EUR,MAR,Q,2004,23517998.62,,,0,0,
OECD.ITF:DSD_INFRINV@DF_INFRINV(1.0),LTU,A,INV,EUR,MAR,Q,2005,40965138.67,,,0,0,
OECD.ITF:DSD_INFRINV@DF_INFRINV(1.0),LTU,A,INV,EUR,MAR,Q,2006,37306008.75,,,0,0,
OECD.ITF:DSD_INFRINV@DF_INFRINV(1.0),LTU,A,INV,EUR,MAR,Q,2007,28422755.7,,,0,0,
OECD.ITF:DSD_INFRINV@DF_INFRINV(1.0),LTU,A,INV,EUR,MAR,Q,2008,41924117.35,,,0,0,
OECD.ITF:DSD_INFRINV@DF_INFRINV(1.0),LTU,A,INV,EUR,MAR,Q,2009,17868510.1,,,0,0,
OECD.ITF:DSD_INFRINV@DF_INFRINV(1.0),LTU,A,INV,EUR,MAR,Q,2010,24504655.88,,,0,0,
OECD.ITF:DSD_INFRINV@DF_INFRINV(1.0),LTU,A,INV,EUR,MAR,Q,2011,30334351.97,,,0,0,
OECD.ITF:DSD_INFRINV@DF_INFRINV(1.0),LTU,A,INV,EUR,MAR,Q,2012,30331260.7,,,0,0,
OECD.ITF:DSD_INFRINV@DF_INFRINV(1.0),LTU,A,INV,EUR,MAR,Q,2013,86363872.85,,,0,0,
OECD.ITF:DSD_INFRINV@DF_INFRINV(1.0),LTU,A,INV,EUR,MAR,Q,2014,22353407.37,,,0,0,
OECD.ITF:DSD_INFRINV@DF_INFRINV(1.0),LTU,A,INV,EUR,MAR,Q,2015,17000000,,,0,0,
OECD.ITF:DSD_INFRINV@DF_INFRINV(1.0),LTU,A,INV,EUR,MAR,Q,2016,12808134.15,,,0,0,
OECD.ITF:DSD_INFRINV@DF_INFRINV(1.0),LTU,A,INV,EUR,MAR,Q,2017,23906744.57,,,0,0,
OECD.ITF:DSD_INFRINV@DF_INFRINV(1.0),LTU,A,INV,EUR,MAR,Q,2018,33459114.82,,,0,0,
OECD.ITF:DSD_INFRINV@DF_INFRINV(1.0),LTU,A,INV,EUR,MAR,Q,2019,69485274.47,,,0,0,
OECD.ITF:DSD_INFRINV@DF_INFRINV(1.0),LTU,A,INV,EUR,MAR,Q,2020,43049674.05,,,0,0,
OECD.ITF:DSD_INFRINV@DF_INFRINV(1.0),LTU,A,INV,EUR,MAR,Q,2021,32419877.63,,,0,0,
OECD.ITF:DSD_INFRINV@DF_INFRINV(1.0),LTU,A,INV,EUR,MAR,Q,2022,45410722.52,,,0,0,
OECD.ITF:DSD_INFRINV@DF_INFRINV(1.0),LTU,A,INV,EUR,MAR,Q,2023,62350919.38,,,0,0,
OECD.ITF:DSD_INFRINV@DF_INFRINV(1.0),LTU,A,INV,EUR,MAR,Q,2024,19541555.12,,,0,0,
OECD.ITF:DSD_INFRINV@DF_INFRINV(1.0),MEX,A,INV,EUR,MAR,Q,1995,305216297.9,,,0,0,
OECD.ITF:DSD_INFRINV@DF_INFRINV(1.0),MEX,A,INV,EUR,MAR,Q,1996,256159629,,,0,0,
OECD.ITF:DSD_INFRINV@DF_INFRINV(1.0),MEX,A,INV,EUR,MAR,Q,1997,279590993.7,,,0,0,
OECD.ITF:DSD_INFRINV@DF_INFRINV(1.0),MEX,A,INV,EUR,MAR,Q,1998,267212200.9,,,0,0,
OECD.ITF:DSD_INFRINV@DF_INFRINV(1.0),MEX,A,INV,EUR,MAR,Q,1999,331782804.8,,,0,0,
OECD.ITF:DSD_INFRINV@DF_INFRINV(1.0),MEX,A,INV,EUR,MAR,Q,2000,339068290.2,,,0,0,
OECD.ITF:DSD_INFRINV@DF_INFRINV(1.0),MEX,A,INV,EUR,MAR,Q,2001,736466153.9,,,0,0,
OECD.ITF:DSD_INFRINV@DF_INFRINV(1.0),MEX,A,INV,EUR,MAR,Q,2002,457101265.8,,,0,0,
OECD.ITF:DSD_INFRINV@DF_INFRINV(1.0),MEX,A,INV,EUR,MAR,Q,2003,293030119.7,,,0,0,
OECD.ITF:DSD_INFRINV@DF_INFRINV(1.0),MEX,A,INV,EUR,MAR,Q,2004,721917666,,,0,0,
OECD.ITF:DSD_INFRINV@DF_INFRINV(1.0),MEX,A,INV,EUR,MAR,Q,2005,705970692.3,,,0,0,
OECD.ITF:DSD_INFRINV@DF_INFRINV(1.0),MEX,A,INV,EUR,MAR,Q,2006,610066853.9,,,0,0,
OECD.ITF:DSD_INFRINV@DF_INFRINV(1.0),MEX,A,INV,EUR,MAR,Q,2007,536311906.1,,,0,0,
OECD.ITF:DSD_INFRINV@DF_INFRINV(1.0),MEX,A,INV,EUR,MAR,Q,2008,727392103.3,,,0,0,
OECD.ITF:DSD_INFRINV@DF_INFRINV(1.0),MEX,A,INV,EUR,MAR,Q,2009,526204695.7,,,0,0,
OECD.ITF:DSD_INFRINV@DF_INFRINV(1.0),MEX,A,INV,EUR,MAR,Q,2010,571248527.2,,,0,0,
OECD.ITF:DSD_INFRINV@DF_INFRINV(1.0),MEX,A,INV,EUR,MAR,Q,2011,622462956.2,,,0,0,
OECD.ITF:DSD_INFRINV@DF_INFRINV(1.0),MEX,A,INV,EUR,MAR,Q,2012,716561680.9,,,0,0,
OECD.ITF:DSD_INFRINV@DF_INFRINV(1.0),MEX,A,INV,EUR,MAR,Q,2013,691786870.6,,,0,0,
OECD.ITF:DSD_INFRINV@DF_INFRINV(1.0),MEX,A,INV,EUR,MAR,Q,2014,663967885.6,,,0,0,
OECD.ITF:DSD_INFRINV@DF_INFRINV(1.0),MEX,A,INV,EUR,MAR,Q,2015,708479111.1,,,0,0,
OECD.ITF:DSD_INFRINV@DF_INFRINV(1.0),MEX,A,INV,EUR,MAR,Q,2016,611942797.3,,,0,0,
OECD.ITF:DSD_INFRINV@DF_INFRINV(1.0),MEX,A,INV,EUR,MAR,Q,2017,637131295.5,,,0,0,
OECD.ITF:DSD_INFRINV@DF_INFRINV(1.0),MEX,A,INV,EUR,MAR,Q,2018,564916576.1,,,0,0,
OECD.ITF:DSD_INFRINV@DF_INFRINV(1.0),MEX,A,INV,EUR,MAR,Q,2019,488157411,,,0,0,
OECD.ITF:DSD_INFRINV@DF_INFRINV(1.0),MEX,A,INV,EUR,MAR,Q,2020,508720049.9,,,0,0,
OECD.ITF:DSD_INFRINV@DF_INFRINV(1.0),NZL,A,INV,EUR,MAR,Q,2012,128128739.6,,,0,0,
OECD.ITF:DSD_INFRINV@DF_INFRINV(1.0),NZL,A,INV,EUR,MAR,Q,2013,145961895.6,,,0,0,
OECD.ITF:DSD_INFRINV@DF_INFRINV(1.0),NZL,A,INV,EUR,MAR,Q,2014,192520422.6,,,0,0,
OECD.ITF:DSD_INFRINV@DF_INFRINV(1.0),NZL,A,INV,EUR,MAR,Q,2015,154246051.7,,,0,0,
OECD.ITF:DSD_INFRINV@DF_INFRINV(1.0),NZL,A,INV,EUR,MAR,Q,2016,201734217.9,,,0,0,
OECD.ITF:DSD_INFRINV@DF_INFRINV(1.0),NZL,A,INV,EUR,MAR,Q,2017,146598489.8,,,0,0,
OECD.ITF:DSD_INFRINV@DF_INFRINV(1.0),NZL,A,INV,EUR,MAR,Q,2018,219141867.3,,,0,0,
OECD.ITF:DSD_INFRINV@DF_INFRINV(1.0),NZL,A,INV,EUR,MAR,Q,2019,208633446.5,,,0,0,
OECD.ITF:DSD_INFRINV@DF_INFRINV(1.0),NZL,A,INV,EUR,MAR,Q,2024,135474258.7,,,0,0,
OECD.ITF:DSD_INFRINV@DF_INFRINV(1.0),NOR,A,INV,EUR,MAR,Q,1995,122529648.2,,,0,0,
OECD.ITF:DSD_INFRINV@DF_INFRINV(1.0),NOR,A,INV,EUR,MAR,Q,1996,133912987.8,,,0,0,
OECD.ITF:DSD_INFRINV@DF_INFRINV(1.0),NOR,A,INV,EUR,MAR,Q,1997,131166851.7,,,0,0,
OECD.ITF:DSD_INFRINV@DF_INFRINV(1.0),NOR,A,INV,EUR,MAR,Q,1998,143392163.9,,,0,0,
OECD.ITF:DSD_INFRINV@DF_INFRINV(1.0),NOR,A,INV,EUR,MAR,Q,1999,177376619,,,0,0,
OECD.ITF:DSD_INFRINV@DF_INFRINV(1.0),NOR,A,INV,EUR,MAR,Q,2000,190874381.6,,,0,0,
OECD.ITF:DSD_INFRINV@DF_INFRINV(1.0),NOR,A,INV,EUR,MAR,Q,2001,77747338.49,,,0,0,
OECD.ITF:DSD_INFRINV@DF_INFRINV(1.0),NOR,A,INV,EUR,MAR,Q,2002,48662049.09,,,0,0,
OECD.ITF:DSD_INFRINV@DF_INFRINV(1.0),NOR,A,INV,EUR,MAR,Q,2003,33737276.41,,,0,0,
OECD.ITF:DSD_INFRINV@DF_INFRINV(1.0),NOR,A,INV,EUR,MAR,Q,2004,102467798.4,,,0,0,
OECD.ITF:DSD_INFRINV@DF_INFRINV(1.0),NOR,A,INV,EUR,MAR,Q,2005,129865140.1,,,0,0,
OECD.ITF:DSD_INFRINV@DF_INFRINV(1.0),NOR,A,INV,EUR,MAR,Q,2006,91974918.55,,,0,0,
OECD.ITF:DSD_INFRINV@DF_INFRINV(1.0),NOR,A,INV,EUR,MAR,Q,2007,145734219.7,,,0,0,
OECD.ITF:DSD_INFRINV@DF_INFRINV(1.0),NOR,A,INV,EUR,MAR,Q,2008,9658822.191,,,0,0,
OECD.ITF:DSD_INFRINV@DF_INFRINV(1.0),NOR,A,INV,EUR,MAR,Q,2009,95379840.21,,,0,0,
OECD.ITF:DSD_INFRINV@DF_INFRINV(1.0),NOR,A,INV,EUR,MAR,Q,2010,19837098.32,,,0,0,
OECD.ITF:DSD_INFRINV@DF_INFRINV(1.0),NOR,A,INV,EUR,MAR,Q,2011,7886504.085,,,0,0,
OECD.ITF:DSD_INFRINV@DF_INFRINV(1.0),NOR,A,INV,EUR,MAR,Q,2012,10194125.84,,,0,0,
OECD.ITF:DSD_INFRINV@DF_INFRINV(1.0),NOR,A,INV,EUR,MAR,Q,2013,26104480.56,,,0,0,
OECD.ITF:DSD_INFRINV@DF_INFRINV(1.0),NOR,A,INV,EUR,MAR,Q,2014,12180910.43,,,0,0,
OECD.ITF:DSD_INFRINV@DF_INFRINV(1.0),NOR,A,INV,EUR,MAR,Q,2015,10512542.36,,,0,0,
OECD.ITF:DSD_INFRINV@DF_INFRINV(1.0),NOR,A,INV,EUR,MAR,Q,2016,35290800.4,,,0,0,
OECD.ITF:DSD_INFRINV@DF_INFRINV(1.0),NOR,A,INV,EUR,MAR,Q,2017,63924842.92,,,0,0,
OECD.ITF:DSD_INFRINV@DF_INFRINV(1.0),NOR,A,INV,EUR,MAR,Q,2018,112033982.3,,,0,0,
OECD.ITF:DSD_INFRINV@DF_INFRINV(1.0),NOR,A,INV,EUR,MAR,Q,2019,95381713.59,,,0,0,
OECD.ITF:DSD_INFRINV@DF_INFRINV(1.0),NOR,A,INV,EUR,MAR,Q,2020,20994485.99,,,0,0,
OECD.ITF:DSD_INFRINV@DF_INFRINV(1.0),NOR,A,INV,EUR,MAR,Q,2021,70452242.01,,,0,0,
OECD.ITF:DSD_INFRINV@DF_INFRINV(1.0),NOR,A,INV,EUR,MAR,Q,2022,54578348.32,,,0,0,
OECD.ITF:DSD_INFRINV@DF_INFRINV(1.0),NOR,A,INV,EUR,MAR,Q,2023,145169608.1,,,0,0,
OECD.ITF:DSD_INFRINV@DF_INFRINV(1.0),POL,A,INV,EUR,MAR,Q,1995,53536423.76,,,0,0,
OECD.ITF:DSD_INFRINV@DF_INFRINV(1.0),POL,A,INV,EUR,MAR,Q,1996,1448203.761,,,0,0,
OECD.ITF:DSD_INFRINV@DF_INFRINV(1.0),POL,A,INV,EUR,MAR,Q,1997,4670000.439,,,0,0,
OECD.ITF:DSD_INFRINV@DF_INFRINV(1.0),POL,A,INV,EUR,MAR,Q,1998,10322394.56,,,0,0,
OECD.ITF:DSD_INFRINV@DF_INFRINV(1.0),POL,A,INV,EUR,MAR,Q,1999,15482921.04,,,0,0,
OECD.ITF:DSD_INFRINV@DF_INFRINV(1.0),POL,A,INV,EUR,MAR,Q,2000,15617117.54,,,0,0,
OECD.ITF:DSD_INFRINV@DF_INFRINV(1.0),POL,A,INV,EUR,MAR,Q,2001,14145824.56,,,0,0,
OECD.ITF:DSD_INFRINV@DF_INFRINV(1.0),POL,A,INV,EUR,MAR,Q,2002,13247261.87,,,0,0,
OECD.ITF:DSD_INFRINV@DF_INFRINV(1.0),POL,A,INV,EUR,MAR,Q,2003,29817759.17,,,0,0,
OECD.ITF:DSD_INFRINV@DF_INFRINV(1.0),POL,A,INV,EUR,MAR,Q,2004,18944081.16,,,0,0,
OECD.ITF:DSD_INFRINV@DF_INFRINV(1.0),POL,A,INV,EUR,MAR,Q,2005,11314026.13,,,0,0,
OECD.ITF:DSD_INFRINV@DF_INFRINV(1.0),POL,A,INV,EUR,MAR,Q,2006,15801148.59,,,0,0,
OECD.ITF:DSD_INFRINV@DF_INFRINV(1.0),POL,A,INV,EUR,MAR,Q,2007,18606320.55,,,0,0,
OECD.ITF:DSD_INFRINV@DF_INFRINV(1.0),POL,A,INV,EUR,MAR,Q,2009,4699659.787,,,0,0,
OECD.ITF:DSD_INFRINV@DF_INFRINV(1.0),POL,A,INV,EUR,MAR,Q,2010,27759587.22,,,0,0,
OECD.ITF:DSD_INFRINV@DF_INFRINV(1.0),POL,A,INV,EUR,MAR,Q,2011,65339927.11,,,0,0,
OECD.ITF:DSD_INFRINV@DF_INFRINV(1.0),POL,A,INV,EUR,MAR,Q,2012,157174935.9,,,0,0,
OECD.ITF:DSD_INFRINV@DF_INFRINV(1.0),POL,A,INV,EUR,MAR,Q,2013,95899408.38,,,0,0,
OECD.ITF:DSD_INFRINV@DF_INFRINV(1.0),POL,A,INV,EUR,MAR,Q,2019,236317269.5,,,0,0,
OECD.ITF:DSD_INFRINV@DF_INFRINV(1.0),POL,A,INV,EUR,MAR,Q,2020,383246082.8,,,0,0,
OECD.ITF:DSD_INFRINV@DF_INFRINV(1.0),POL,A,INV,EUR,MAR,Q,2021,341886093.6,,,0,0,
OECD.ITF:DSD_INFRINV@DF_INFRINV(1.0),POL,A,INV,EUR,MAR,Q,2022,284980407.5,,,0,0,
OECD.ITF:DSD_INFRINV@DF_INFRINV(1.0),POL,A,INV,EUR,MAR,Q,2023,229052620.1,,,0,0,
OECD.ITF:DSD_INFRINV@DF_INFRINV(1.0),POL,A,INV,EUR,MAR,Q,2024,148531670.5,,,0,0,
OECD.ITF:DSD_INFRINV@DF_INFRINV(1.0),PRT,A,INV,EUR,MAR,Q,1995,99505681.45,,,0,0,
OECD.ITF:DSD_INFRINV@DF_INFRINV(1.0),PRT,A,INV,EUR,MAR,Q,1996,79938557.03,,,0,0,
OECD.ITF:DSD_INFRINV@DF_INFRINV(1.0),PRT,A,INV,EUR,MAR,Q,1997,108634971.4,,,0,0,
OECD.ITF:DSD_INFRINV@DF_INFRINV(1.0),PRT,A,INV,EUR,MAR,Q,1998,124978201.5,,,0,0,
OECD.ITF:DSD_INFRINV@DF_INFRINV(1.0),PRT,A,INV,EUR,MAR,Q,1999,120903684.8,,,0,0,
OECD.ITF:DSD_INFRINV@DF_INFRINV(1.0),PRT,A,INV,EUR,MAR,Q,2000,126420531.8,,,0,0,
OECD.ITF:DSD_INFRINV@DF_INFRINV(1.0),PRT,A,INV,EUR,MAR,Q,2001,40630160.69,,,0,0,
OECD.ITF:DSD_INFRINV@DF_INFRINV(1.0),PRT,A,INV,EUR,MAR,Q,2002,27674696.52,,,0,0,
OECD.ITF:DSD_INFRINV@DF_INFRINV(1.0),PRT,A,INV,EUR,MAR,Q,2003,26757805.37,,,0,0,
OECD.ITF:DSD_INFRINV@DF_INFRINV(1.0),PRT,A,INV,EUR,MAR,Q,2004,99771949.83,,,0,0,
OECD.ITF:DSD_INFRINV@DF_INFRINV(1.0),PRT,A,INV,EUR,MAR,Q,2005,50575875.31,,,0,0,
OECD.ITF:DSD_INFRINV@DF_INFRINV(1.0),PRT,A,INV,EUR,MAR,Q,2006,126992614.4,,,0,0,
OECD.ITF:DSD_INFRINV@DF_INFRINV(1.0),PRT,A,INV,EUR,MAR,Q,2007,169856433.4,,,0,0,
OECD.ITF:DSD_INFRINV@DF_INFRINV(1.0),PRT,A,INV,EUR,MAR,Q,2008,136115187.5,,,0,0,
OECD.ITF:DSD_INFRINV@DF_INFRINV(1.0),PRT,A,INV,EUR,MAR,Q,2009,105184546.3,,,0,0,
OECD.ITF:DSD_INFRINV@DF_INFRINV(1.0),PRT,A,INV,EUR,MAR,Q,2010,116893147.1,,,0,0,
OECD.ITF:DSD_INFRINV@DF_INFRINV(1.0),PRT,A,INV,EUR,MAR,Q,2011,86851880.92,,,0,0,
OECD.ITF:DSD_INFRINV@DF_INFRINV(1.0),PRT,A,INV,EUR,MAR,Q,2012,65123314.15,,,0,0,
OECD.ITF:DSD_INFRINV@DF_INFRINV(1.0),PRT,A,INV,EUR,MAR,Q,2013,34918711.29,,,0,0,
OECD.ITF:DSD_INFRINV@DF_INFRINV(1.0),SVN,A,INV,EUR,MAR,Q,2000,3466144.434,,,0,0,
OECD.ITF:DSD_INFRINV@DF_INFRINV(1.0),SVN,A,INV,EUR,MAR,Q,2001,9374707.04,,,0,0,
OECD.ITF:DSD_INFRINV@DF_INFRINV(1.0),SVN,A,INV,EUR,MAR,Q,2002,6049240.82,,,0,0,
OECD.ITF:DSD_INFRINV@DF_INFRINV(1.0),SVN,A,INV,EUR,MAR,Q,2003,8556759.84,,,0,0,
OECD.ITF:DSD_INFRINV@DF_INFRINV(1.0),SVN,A,INV,EUR,MAR,Q,2004,5302367.507,,,0,0,
OECD.ITF:DSD_INFRINV@DF_INFRINV(1.0),SVN,A,INV,EUR,MAR,Q,2005,2534468.775,,,0,0,
OECD.ITF:DSD_INFRINV@DF_INFRINV(1.0),SVN,A,INV,EUR,MAR,Q,2006,3582602.88,,,0,0,
OECD.ITF:DSD_INFRINV@DF_INFRINV(1.0),SVN,A,INV,EUR,MAR,Q,2007,7819743.736,,,0,0,
OECD.ITF:DSD_INFRINV@DF_INFRINV(1.0),SVN,A,INV,EUR,MAR,Q,2008,10486797.12,,,0,0,
OECD.ITF:DSD_INFRINV@DF_INFRINV(1.0),SVN,A,INV,EUR,MAR,Q,2009,58417533.91,,,0,0,
OECD.ITF:DSD_INFRINV@DF_INFRINV(1.0),SVN,A,INV,EUR,MAR,Q,2010,13310943.64,,,0,0,
OECD.ITF:DSD_INFRINV@DF_INFRINV(1.0),SVN,A,INV,EUR,MAR,Q,2011,5873600.125,,,0,0,
OECD.ITF:DSD_INFRINV@DF_INFRINV(1.0),SVN,A,INV,EUR,MAR,Q,2012,4952799.818,,,0,0,
OECD.ITF:DSD_INFRINV@DF_INFRINV(1.0),SVN,A,INV,EUR,MAR,Q,2013,8014747.135,,,0,0,
OECD.ITF:DSD_INFRINV@DF_INFRINV(1.0),SVN,A,INV,EUR,MAR,Q,2014,23163767.84,,,0,0,
OECD.ITF:DSD_INFRINV@DF_INFRINV(1.0),SVN,A,INV,EUR,MAR,Q,2015,16000000,,,0,0,
OECD.ITF:DSD_INFRINV@DF_INFRINV(1.0),SVN,A,INV,EUR,MAR,Q,2016,25287519.09,,,0,0,
OECD.ITF:DSD_INFRINV@DF_INFRINV(1.0),SVN,A,INV,EUR,MAR,Q,2017,13517949.91,,,0,0,
OECD.ITF:DSD_INFRINV@DF_INFRINV(1.0),SVN,A,INV,EUR,MAR,Q,2018,2820529.695,,,0,0,
OECD.ITF:DSD_INFRINV@DF_INFRINV(1.0),SVN,A,INV,EUR,MAR,Q,2019,12771159.07,,,0,0,
OECD.ITF:DSD_INFRINV@DF_INFRINV(1.0),SVN,A,INV,EUR,MAR,Q,2020,34213582.79,,,0,0,
OECD.ITF:DSD_INFRINV@DF_INFRINV(1.0),SVN,A,INV,EUR,MAR,Q,2021,31708863.85,,,0,0,
OECD.ITF:DSD_INFRINV@DF_INFRINV(1.0),SVN,A,INV,EUR,MAR,Q,2022,9243524.2,,,0,0,
OECD.ITF:DSD_INFRINV@DF_INFRINV(1.0),SVN,A,INV,EUR,MAR,Q,2023,17218657.08,,,0,0,
OECD.ITF:DSD_INFRINV@DF_INFRINV(1.0),SVN,A,INV,EUR,MAR,Q,2024,24285650.38,,,0,0,
OECD.ITF:DSD_INFRINV@DF_INFRINV(1.0),ESP,A,INV,EUR,MAR,Q,1995,735744003.9,,,0,0,
OECD.ITF:DSD_INFRINV@DF_INFRINV(1.0),ESP,A,INV,EUR,MAR,Q,1996,692041522.5,,,0,0,
OECD.ITF:DSD_INFRINV@DF_INFRINV(1.0),ESP,A,INV,EUR,MAR,Q,1997,713583410.3,,,0,0,
OECD.ITF:DSD_INFRINV@DF_INFRINV(1.0),ESP,A,INV,EUR,MAR,Q,1998,799244241.8,,,0,0,
OECD.ITF:DSD_INFRINV@DF_INFRINV(1.0),ESP,A,INV,EUR,MAR,Q,1999,901196133,,,0,0,
OECD.ITF:DSD_INFRINV@DF_INFRINV(1.0),ESP,A,INV,EUR,MAR,Q,2000,1259435162,,,0,0,
OECD.ITF:DSD_INFRINV@DF_INFRINV(1.0),ESP,A,INV,EUR,MAR,Q,2001,1632397888,,,0,0,
OECD.ITF:DSD_INFRINV@DF_INFRINV(1.0),ESP,A,INV,EUR,MAR,Q,2002,1937203137,,,0,0,
OECD.ITF:DSD_INFRINV@DF_INFRINV(1.0),ESP,A,INV,EUR,MAR,Q,2003,2287239112,,,0,0,
OECD.ITF:DSD_INFRINV@DF_INFRINV(1.0),ESP,A,INV,EUR,MAR,Q,2004,2556474119,,,0,0,
OECD.ITF:DSD_INFRINV@DF_INFRINV(1.0),ESP,A,INV,EUR,MAR,Q,2005,2661185906,,,0,0,
OECD.ITF:DSD_INFRINV@DF_INFRINV(1.0),ESP,A,INV,EUR,MAR,Q,2006,2900728760,,,0,0,
OECD.ITF:DSD_INFRINV@DF_INFRINV(1.0),ESP,A,INV,EUR,MAR,Q,2007,2962306293,,,0,0,
OECD.ITF:DSD_INFRINV@DF_INFRINV(1.0),ESP,A,INV,EUR,MAR,Q,2008,3102207527,,,0,0,
OECD.ITF:DSD_INFRINV@DF_INFRINV(1.0),ESP,A,INV,EUR,MAR,Q,2009,2805431889,,,0,0,
OECD.ITF:DSD_INFRINV@DF_INFRINV(1.0),ESP,A,INV,EUR,MAR,Q,2010,2223492858,,,0,0,
OECD.ITF:DSD_INFRINV@DF_INFRINV(1.0),ESP,A,INV,EUR,MAR,Q,2011,1804791929,,,0,0,
OECD.ITF:DSD_INFRINV@DF_INFRINV(1.0),ESP,A,INV,EUR,MAR,Q,2012,1210277149,,,0,0,
OECD.ITF:DSD_INFRINV@DF_INFRINV(1.0),ESP,A,INV,EUR,MAR,Q,2013,801963360.9,,,0,0,
OECD.ITF:DSD_INFRINV@DF_INFRINV(1.0),ESP,A,INV,EUR,MAR,Q,2014,854943591.4,,,0,0,
OECD.ITF:DSD_INFRINV@DF_INFRINV(1.0),ESP,A,INV,EUR,MAR,Q,2015,840000000,,,0,0,
OECD.ITF:DSD_INFRINV@DF_INFRINV(1.0),ESP,A,INV,EUR,MAR,Q,2016,834116177.5,,,0,0,
OECD.ITF:DSD_INFRINV@DF_INFRINV(1.0),ESP,A,INV,EUR,MAR,Q,2017,846770204.8,,,0,0,
OECD.ITF:DSD_INFRINV@DF_INFRINV(1.0),ESP,A,INV,EUR,MAR,Q,2018,827089337.2,,,0,0,
OECD.ITF:DSD_INFRINV@DF_INFRINV(1.0),ESP,A,INV,EUR,MAR,Q,2019,868348690.2,,,0,0,
OECD.ITF:DSD_INFRINV@DF_INFRINV(1.0),ESP,A,INV,EUR,MAR,Q,2020,787282514.5,,,0,0,
OECD.ITF:DSD_INFRINV@DF_INFRINV(1.0),ESP,A,INV,EUR,MAR,Q,2021,729644717.2,,,0,0,
OECD.ITF:DSD_INFRINV@DF_INFRINV(1.0),ESP,A,INV,EUR,MAR,Q,2022,625150581.4,,,0,0,
OECD.ITF:DSD_INFRINV@DF_INFRINV(1.0),ESP,A,INV,EUR,MAR,Q,2023,892310558.7,,,0,0,
OECD.ITF:DSD_INFRINV@DF_INFRINV(1.0),SWE,A,INV,EUR,MAR,Q,2002,45081886.03,,,0,0,
OECD.ITF:DSD_INFRINV@DF_INFRINV(1.0),SWE,A,INV,EUR,MAR,Q,2003,90871849.76,,,0,0,
OECD.ITF:DSD_INFRINV@DF_INFRINV(1.0),SWE,A,INV,EUR,MAR,Q,2004,103204601.8,,,0,0,
OECD.ITF:DSD_INFRINV@DF_INFRINV(1.0),SWE,A,INV,EUR,MAR,Q,2005,49212908.39,,,0,0,
OECD.ITF:DSD_INFRINV@DF_INFRINV(1.0),SWE,A,INV,EUR,MAR,Q,2006,53459008.18,,,0,0,
OECD.ITF:DSD_INFRINV@DF_INFRINV(1.0),SWE,A,INV,EUR,MAR,Q,2007,95121203.99,,,0,0,
OECD.ITF:DSD_INFRINV@DF_INFRINV(1.0),SWE,A,INV,EUR,MAR,Q,2008,70473914.13,,,0,0,
OECD.ITF:DSD_INFRINV@DF_INFRINV(1.0),SWE,A,INV,EUR,MAR,Q,2009,92641571.31,,,0,0,
OECD.ITF:DSD_INFRINV@DF_INFRINV(1.0),SWE,A,INV,EUR,MAR,Q,2010,120250057.6,,,0,0,
OECD.ITF:DSD_INFRINV@DF_INFRINV(1.0),SWE,A,INV,EUR,MAR,Q,2011,90624375.3,,,0,0,
OECD.ITF:DSD_INFRINV@DF_INFRINV(1.0),SWE,A,INV,EUR,MAR,Q,2012,66980771.23,,,0,0,
OECD.ITF:DSD_INFRINV@DF_INFRINV(1.0),SWE,A,INV,EUR,MAR,Q,2013,96077450.96,,,0,0,
OECD.ITF:DSD_INFRINV@DF_INFRINV(1.0),SWE,A,INV,EUR,MAR,Q,2014,102687410.2,,,0,0,
OECD.ITF:DSD_INFRINV@DF_INFRINV(1.0),SWE,A,INV,EUR,MAR,Q,2015,81244320.92,,,0,0,
OECD.ITF:DSD_INFRINV@DF_INFRINV(1.0),SWE,A,INV,EUR,MAR,Q,2016,99480403.97,,,0,0,
OECD.ITF:DSD_INFRINV@DF_INFRINV(1.0),SWE,A,INV,EUR,MAR,Q,2017,142142815.6,,,0,0,
OECD.ITF:DSD_INFRINV@DF_INFRINV(1.0),SWE,A,INV,EUR,MAR,Q,2018,200705808.4,,,0,0,
OECD.ITF:DSD_INFRINV@DF_INFRINV(1.0),SWE,A,INV,EUR,MAR,Q,2019,218541997.1,,,0,0,
OECD.ITF:DSD_INFRINV@DF_INFRINV(1.0),SWE,A,INV,EUR,MAR,Q,2020,108931065.3,,,0,0,
OECD.ITF:DSD_INFRINV@DF_INFRINV(1.0),SWE,A,INV,EUR,MAR,Q,2021,81754418.12,,,0,0,
OECD.ITF:DSD_INFRINV@DF_INFRINV(1.0),SWE,A,INV,EUR,MAR,Q,2022,102151911,,,0,0,
OECD.ITF:DSD_INFRINV@DF_INFRINV(1.0),SWE,A,INV,EUR,MAR,Q,2023,123299717.9,,,0,0,
OECD.ITF:DSD_INFRINV@DF_INFRINV(1.0),TUR,A,INV,EUR,MAR,Q,1995,10030144.59,,,0,0,
OECD.ITF:DSD_INFRINV@DF_INFRINV(1.0),TUR,A,INV,EUR,MAR,Q,1996,20410996.11,,,0,0,
OECD.ITF:DSD_INFRINV@DF_INFRINV(1.0),TUR,A,INV,EUR,MAR,Q,1997,18667699.02,,,0,0,
OECD.ITF:DSD_INFRINV@DF_INFRINV(1.0),TUR,A,INV,EUR,MAR,Q,1998,24619332.09,,,0,0,
OECD.ITF:DSD_INFRINV@DF_INFRINV(1.0),TUR,A,INV,EUR,MAR,Q,1999,18603386.86,,,0,0,
OECD.ITF:DSD_INFRINV@DF_INFRINV(1.0),TUR,A,INV,EUR,MAR,Q,2000,10413726.43,,,0,0,
OECD.ITF:DSD_INFRINV@DF_INFRINV(1.0),TUR,A,INV,EUR,MAR,Q,2001,2889326.991,,,0,0,
OECD.ITF:DSD_INFRINV@DF_INFRINV(1.0),TUR,A,INV,EUR,MAR,Q,2002,4036520.706,,,0,0,
OECD.ITF:DSD_INFRINV@DF_INFRINV(1.0),TUR,A,INV,EUR,MAR,Q,2003,23322817.04,,,0,0,
OECD.ITF:DSD_INFRINV@DF_INFRINV(1.0),TUR,A,INV,EUR,MAR,Q,2004,17609084.77,,,0,0,
OECD.ITF:DSD_INFRINV@DF_INFRINV(1.0),TUR,A,INV,EUR,MAR,Q,2005,22747536.33,,,0,0,
OECD.ITF:DSD_INFRINV@DF_INFRINV(1.0),TUR,A,INV,EUR,MAR,Q,2006,21497260.02,,,0,0,
OECD.ITF:DSD_INFRINV@DF_INFRINV(1.0),TUR,A,INV,EUR,MAR,Q,2007,30270321.42,,,0,0,
OECD.ITF:DSD_INFRINV@DF_INFRINV(1.0),TUR,A,INV,EUR,MAR,Q,2008,39469898.37,,,0,0,
OECD.ITF:DSD_INFRINV@DF_INFRINV(1.0),TUR,A,INV,EUR,MAR,Q,2009,36282728.21,,,0,0,
OECD.ITF:DSD_INFRINV@DF_INFRINV(1.0),TUR,A,INV,EUR,MAR,Q,2010,27946048.31,,,0,0,
OECD.ITF:DSD_INFRINV@DF_INFRINV(1.0),TUR,A,INV,EUR,MAR,Q,2011,40201132.14,,,0,0,
OECD.ITF:DSD_INFRINV@DF_INFRINV(1.0),TUR,A,INV,EUR,MAR,Q,2012,72319723.2,,,0,0,
OECD.ITF:DSD_INFRINV@DF_INFRINV(1.0),TUR,A,INV,EUR,MAR,Q,2013,45717483.94,,,0,0,
OECD.ITF:DSD_INFRINV@DF_INFRINV(1.0),TUR,A,INV,EUR,MAR,Q,2014,16992710.59,,,0,0,
OECD.ITF:DSD_INFRINV@DF_INFRINV(1.0),TUR,A,INV,EUR,MAR,Q,2015,11157432.62,,,0,0,
OECD.ITF:DSD_INFRINV@DF_INFRINV(1.0),TUR,A,INV,EUR,MAR,Q,2016,55019657.11,,,0,0,
OECD.ITF:DSD_INFRINV@DF_INFRINV(1.0),TUR,A,INV,EUR,MAR,Q,2017,93648152.41,,,0,0,
OECD.ITF:DSD_INFRINV@DF_INFRINV(1.0),TUR,A,INV,EUR,MAR,Q,2018,63834173.91,,,0,0,
OECD.ITF:DSD_INFRINV@DF_INFRINV(1.0),TUR,A,INV,EUR,MAR,Q,2019,12587558.28,,,0,0,
OECD.ITF:DSD_INFRINV@DF_INFRINV(1.0),TUR,A,INV,EUR,MAR,Q,2020,168871197.4,,,0,0,
OECD.ITF:DSD_INFRINV@DF_INFRINV(1.0),TUR,A,INV,EUR,MAR,Q,2021,30621678.77,,,0,0,
OECD.ITF:DSD_INFRINV@DF_INFRINV(1.0),TUR,A,INV,EUR,MAR,Q,2022,209523146,,,0,0,
OECD.ITF:DSD_INFRINV@DF_INFRINV(1.0),TUR,A,INV,EUR,MAR,Q,2023,61813127.62,,,0,0,
OECD.ITF:DSD_INFRINV@DF_INFRINV(1.0),TUR,A,INV,EUR,MAR,Q,2024,409224801.2,,,0,0,
OECD.ITF:DSD_INFRINV@DF_INFRINV(1.0),GBR,A,INV,EUR,MAR,Q,1997,441103059.4,,,0,0,
OECD.ITF:DSD_INFRINV@DF_INFRINV(1.0),GBR,A,INV,EUR,MAR,Q,1998,530938940.3,,,0,0,
OECD.ITF:DSD_INFRINV@DF_INFRINV(1.0),GBR,A,INV,EUR,MAR,Q,1999,547216846.4,,,0,0,
OECD.ITF:DSD_INFRINV@DF_INFRINV(1.0),GBR,A,INV,EUR,MAR,Q,2000,402573596.1,,,0,0,
OECD.ITF:DSD_INFRINV@DF_INFRINV(1.0),GBR,A,INV,EUR,MAR,Q,2001,440853087.4,,,0,0,
OECD.ITF:DSD_INFRINV@DF_INFRINV(1.0),GBR,A,INV,EUR,MAR,Q,2002,443066283,,,0,0,
OECD.ITF:DSD_INFRINV@DF_INFRINV(1.0),GBR,A,INV,EUR,MAR,Q,2003,591171475.7,,,0,0,
OECD.ITF:DSD_INFRINV@DF_INFRINV(1.0),GBR,A,INV,EUR,MAR,Q,2004,382198814,,,0,0,
OECD.ITF:DSD_INFRINV@DF_INFRINV(1.0),GBR,A,INV,EUR,MAR,Q,2005,418273336.4,,,0,0,
OECD.ITF:DSD_INFRINV@DF_INFRINV(1.0),ALB,A,INV,EUR,MAR,Q,1997,4038131.634,,,0,0,
OECD.ITF:DSD_INFRINV@DF_INFRINV(1.0),ALB,A,INV,EUR,MAR,Q,1998,1614601.244,,,0,0,
OECD.ITF:DSD_INFRINV@DF_INFRINV(1.0),ALB,A,INV,EUR,MAR,Q,1999,6784239.834,,,0,0,
OECD.ITF:DSD_INFRINV@DF_INFRINV(1.0),ALB,A,INV,EUR,MAR,Q,2000,8178341.433,,,0,0,
OECD.ITF:DSD_INFRINV@DF_INFRINV(1.0),ALB,A,INV,EUR,MAR,Q,2001,10947178.08,,,0,0,
OECD.ITF:DSD_INFRINV@DF_INFRINV(1.0),ALB,A,INV,EUR,MAR,Q,2002,17254109.96,,,0,0,
OECD.ITF:DSD_INFRINV@DF_INFRINV(1.0),ALB,A,INV,EUR,MAR,Q,2003,9859608.075,,,0,0,
OECD.ITF:DSD_INFRINV@DF_INFRINV(1.0),ALB,A,INV,EUR,MAR,Q,2004,9333305.189,,,0,0,
OECD.ITF:DSD_INFRINV@DF_INFRINV(1.0),ALB,A,INV,EUR,MAR,Q,2005,11898408.48,,,0,0,
OECD.ITF:DSD_INFRINV@DF_INFRINV(1.0),ALB,A,INV,EUR,MAR,Q,2006,6411243.903,,,0,0,
OECD.ITF:DSD_INFRINV@DF_INFRINV(1.0),ALB,A,INV,EUR,MAR,Q,2007,1050682.798,,,0,0,
OECD.ITF:DSD_INFRINV@DF_INFRINV(1.0),ALB,A,INV,EUR,MAR,Q,2008,3085462.954,,,0,0,
OECD.ITF:DSD_INFRINV@DF_INFRINV(1.0),ALB,A,INV,EUR,MAR,Q,2009,2930231.754,,,0,0,
OECD.ITF:DSD_INFRINV@DF_INFRINV(1.0),ALB,A,INV,EUR,MAR,Q,2010,4048980.574,,,0,0,
OECD.ITF:DSD_INFRINV@DF_INFRINV(1.0),ALB,A,INV,EUR,MAR,Q,2011,10251800.69,,,0,0,
OECD.ITF:DSD_INFRINV@DF_INFRINV(1.0),ALB,A,INV,EUR,MAR,Q,2012,8994963.303,,,0,0,
OECD.ITF:DSD_INFRINV@DF_INFRINV(1.0),ALB,A,INV,EUR,MAR,Q,2013,1126830.401,,,0,0,
OECD.ITF:DSD_INFRINV@DF_INFRINV(1.0),ALB,A,INV,EUR,MAR,Q,2014,2192741.613,,,0,0,
OECD.ITF:DSD_INFRINV@DF_INFRINV(1.0),ALB,A,INV,EUR,MAR,Q,2015,5843414.974,,,0,0,
OECD.ITF:DSD_INFRINV@DF_INFRINV(1.0),ALB,A,INV,EUR,MAR,Q,2016,2564578.15,,,0,0,
OECD.ITF:DSD_INFRINV@DF_INFRINV(1.0),ALB,A,INV,EUR,MAR,Q,2018,133015.9786,,,0,0,
OECD.ITF:DSD_INFRINV@DF_INFRINV(1.0),ALB,A,INV,EUR,MAR,Q,2019,850549.2038,,,0,0,
OECD.ITF:DSD_INFRINV@DF_INFRINV(1.0),ALB,A,INV,EUR,MAR,Q,2020,251754.8532,,,0,0,
OECD.ITF:DSD_INFRINV@DF_INFRINV(1.0),ALB,A,INV,EUR,MAR,Q,2021,311521.9762,,,0,0,
OECD.ITF:DSD_INFRINV@DF_INFRINV(1.0),ALB,A,INV,EUR,MAR,Q,2022,224736.2719,,,0,0,
OECD.ITF:DSD_INFRINV@DF_INFRINV(1.0),ALB,A,INV,EUR,MAR,Q,2023,191551.6572,,,0,0,
OECD.ITF:DSD_INFRINV@DF_INFRINV(1.0),ALB,A,INV,EUR,MAR,Q,2024,102239.3951,,,0,0,
OECD.ITF:DSD_INFRINV@DF_INFRINV(1.0),AZE,A,INV,EUR,MAR,Q,2011,59583833.85,,,0,0,
OECD.ITF:DSD_INFRINV@DF_INFRINV(1.0),AZE,A,INV,EUR,MAR,Q,2012,44604746.26,,,0,0,
OECD.ITF:DSD_INFRINV@DF_INFRINV(1.0),AZE,A,INV,EUR,MAR,Q,2013,401524258.7,,,0,0,
OECD.ITF:DSD_INFRINV@DF_INFRINV(1.0),AZE,A,INV,EUR,MAR,Q,2014,242608644.5,,,0,0,
OECD.ITF:DSD_INFRINV@DF_INFRINV(1.0),AZE,A,INV,EUR,MAR,Q,2015,80183276.06,,,0,0,
OECD.ITF:DSD_INFRINV@DF_INFRINV(1.0),AZE,A,INV,EUR,MAR,Q,2016,62381231.98,,,0,0,
OECD.ITF:DSD_INFRINV@DF_INFRINV(1.0),AZE,A,INV,EUR,MAR,Q,2017,106839641.4,,,0,0,
OECD.ITF:DSD_INFRINV@DF_INFRINV(1.0),BGR,A,INV,EUR,MAR,Q,2003,4702183.169,,,0,0,
OECD.ITF:DSD_INFRINV@DF_INFRINV(1.0),BGR,A,INV,EUR,MAR,Q,2004,1523107.952,,,0,0,
OECD.ITF:DSD_INFRINV@DF_INFRINV(1.0),BGR,A,INV,EUR,MAR,Q,2005,6324227.307,,,0,0,
OECD.ITF:DSD_INFRINV@DF_INFRINV(1.0),BGR,A,INV,EUR,MAR,Q,2006,10593317.77,,,0,0,
OECD.ITF:DSD_INFRINV@DF_INFRINV(1.0),BGR,A,INV,EUR,MAR,Q,2007,56041035.1,,,0,0,
OECD.ITF:DSD_INFRINV@DF_INFRINV(1.0),BGR,A,INV,EUR,MAR,Q,2008,7223866.639,,,0,0,
OECD.ITF:DSD_INFRINV@DF_INFRINV(1.0),BGR,A,INV,EUR,MAR,Q,2009,8290394.599,,,0,0,
OECD.ITF:DSD_INFRINV@DF_INFRINV(1.0),BGR,A,INV,EUR,MAR,Q,2010,5266407.695,,,0,0,
OECD.ITF:DSD_INFRINV@DF_INFRINV(1.0),BGR,A,INV,EUR,MAR,Q,2011,4714950.629,,,0,0,
OECD.ITF:DSD_INFRINV@DF_INFRINV(1.0),BGR,A,INV,EUR,MAR,Q,2012,3162352.689,,,0,0,
OECD.ITF:DSD_INFRINV@DF_INFRINV(1.0),BGR,A,INV,EUR,MAR,Q,2013,2600287.46,,,0,0,
OECD.ITF:DSD_INFRINV@DF_INFRINV(1.0),BGR,A,INV,EUR,MAR,Q,2014,14997766.67,,,0,0,
OECD.ITF:DSD_INFRINV@DF_INFRINV(1.0),BGR,A,INV,EUR,MAR,Q,2015,10225994.48,,,0,0,
OECD.ITF:DSD_INFRINV@DF_INFRINV(1.0),BGR,A,INV,EUR,MAR,Q,2016,11172953.03,,,0,0,
OECD.ITF:DSD_INFRINV@DF_INFRINV(1.0),BGR,A,INV,EUR,MAR,Q,2017,7427148.019,,,0,0,
OECD.ITF:DSD_INFRINV@DF_INFRINV(1.0),BGR,A,INV,EUR,MAR,Q,2018,5300290.222,,,0,0,
OECD.ITF:DSD_INFRINV@DF_INFRINV(1.0),BGR,A,INV,EUR,MAR,Q,2019,99269952.12,,,0,0,
OECD.ITF:DSD_INFRINV@DF_INFRINV(1.0),BGR,A,INV,EUR,MAR,Q,2020,46596247.15,,,0,0,
OECD.ITF:DSD_INFRINV@DF_INFRINV(1.0),BGR,A,INV,EUR,MAR,Q,2021,71212221.06,,,0,0,
OECD.ITF:DSD_INFRINV@DF_INFRINV(1.0),BGR,A,INV,EUR,MAR,Q,2022,17919928.96,,,0,0,
OECD.ITF:DSD_INFRINV@DF_INFRINV(1.0),BGR,A,INV,EUR,MAR,Q,2023,25913477.79,,,0,0,
OECD.ITF:DSD_INFRINV@DF_INFRINV(1.0),BGR,A,INV,EUR,MAR,Q,2024,38026509.77,,,0,0,
OECD.ITF:DSD_INFRINV@DF_INFRINV(1.0),HRV,A,INV,EUR,MAR,Q,1995,2311886.033,,,0,0,
OECD.ITF:DSD_INFRINV@DF_INFRINV(1.0),HRV,A,INV,EUR,MAR,Q,1996,494763.5959,,,0,0,
OECD.ITF:DSD_INFRINV@DF_INFRINV(1.0),HRV,A,INV,EUR,MAR,Q,1997,1157210.69,,,0,0,
OECD.ITF:DSD_INFRINV@DF_INFRINV(1.0),HRV,A,INV,EUR,MAR,Q,1998,9413572.071,,,0,0,
OECD.ITF:DSD_INFRINV@DF_INFRINV(1.0),HRV,A,INV,EUR,MAR,Q,1999,15087774.1,,,0,0,
OECD.ITF:DSD_INFRINV@DF_INFRINV(1.0),HRV,A,INV,EUR,MAR,Q,2000,11289489.9,,,0,0,
OECD.ITF:DSD_INFRINV@DF_INFRINV(1.0),HRV,A,INV,EUR,MAR,Q,2001,34775032.84,,,0,0,
OECD.ITF:DSD_INFRINV@DF_INFRINV(1.0),HRV,A,INV,EUR,MAR,Q,2002,37515064.56,,,0,0,
OECD.ITF:DSD_INFRINV@DF_INFRINV(1.0),HRV,A,INV,EUR,MAR,Q,2003,13685296.06,,,0,0,
OECD.ITF:DSD_INFRINV@DF_INFRINV(1.0),HRV,A,INV,EUR,MAR,Q,2004,11852216.04,,,0,0,
OECD.ITF:DSD_INFRINV@DF_INFRINV(1.0),HRV,A,INV,EUR,MAR,Q,2005,20197091.89,,,0,0,
OECD.ITF:DSD_INFRINV@DF_INFRINV(1.0),HRV,A,INV,EUR,MAR,Q,2006,15649224.1,,,0,0,
OECD.ITF:DSD_INFRINV@DF_INFRINV(1.0),HRV,A,INV,EUR,MAR,Q,2007,19401481.76,,,0,0,
OECD.ITF:DSD_INFRINV@DF_INFRINV(1.0),HRV,A,INV,EUR,MAR,Q,2008,53862444.43,,,0,0,
OECD.ITF:DSD_INFRINV@DF_INFRINV(1.0),HRV,A,INV,EUR,MAR,Q,2009,78523477.45,,,0,0,
OECD.ITF:DSD_INFRINV@DF_INFRINV(1.0),HRV,A,INV,EUR,MAR,Q,2010,51825952.16,,,0,0,
OECD.ITF:DSD_INFRINV@DF_INFRINV(1.0),HRV,A,INV,EUR,MAR,Q,2011,63344389.76,,,0,0,
OECD.ITF:DSD_INFRINV@DF_INFRINV(1.0),HRV,A,INV,EUR,MAR,Q,2012,96642170.99,,,0,0,
OECD.ITF:DSD_INFRINV@DF_INFRINV(1.0),HRV,A,INV,EUR,MAR,Q,2013,74912469.69,,,0,0,
OECD.ITF:DSD_INFRINV@DF_INFRINV(1.0),HRV,A,INV,EUR,MAR,Q,2014,70696197.36,,,0,0,
OECD.ITF:DSD_INFRINV@DF_INFRINV(1.0),HRV,A,INV,EUR,MAR,Q,2015,75209251.07,,,0,0,
OECD.ITF:DSD_INFRINV@DF_INFRINV(1.0),HRV,A,INV,EUR,MAR,Q,2016,42684156.47,,,0,0,
OECD.ITF:DSD_INFRINV@DF_INFRINV(1.0),HRV,A,INV,EUR,MAR,Q,2017,80713624.84,,,0,0,
OECD.ITF:DSD_INFRINV@DF_INFRINV(1.0),HRV,A,INV,EUR,MAR,Q,2018,32732550.74,,,0,0,
OECD.ITF:DSD_INFRINV@DF_INFRINV(1.0),HRV,A,INV,EUR,MAR,Q,2019,39542013.11,,,0,0,
OECD.ITF:DSD_INFRINV@DF_INFRINV(1.0),HRV,A,INV,EUR,MAR,Q,2020,20250303,,,0,0,
OECD.ITF:DSD_INFRINV@DF_INFRINV(1.0),HRV,A,INV,EUR,MAR,Q,2021,31030481.96,,,0,0,
OECD.ITF:DSD_INFRINV@DF_INFRINV(1.0),HRV,A,INV,EUR,MAR,Q,2022,21531020.31,,,0,0,
OECD.ITF:DSD_INFRINV@DF_INFRINV(1.0),HRV,A,INV,EUR,MAR,Q,2023,15855647.15,,,0,0,
OECD.ITF:DSD_INFRINV@DF_INFRINV(1.0),HRV,A,INV,EUR,MAR,Q,2024,13760537.67,,,0,0,
OECD.ITF:DSD_INFRINV@DF_INFRINV(1.0),GEO,A,INV,EUR,MAR,Q,2004,5312555.506,,,0,0,
OECD.ITF:DSD_INFRINV@DF_INFRINV(1.0),GEO,A,INV,EUR,MAR,Q,2005,7031451.815,,,0,0,
OECD.ITF:DSD_INFRINV@DF_INFRINV(1.0),GEO,A,INV,EUR,MAR,Q,2006,4538661.907,,,0,0,
OECD.ITF:DSD_INFRINV@DF_INFRINV(1.0),GEO,A,INV,EUR,MAR,Q,2007,5922959.925,,,0,0,
OECD.ITF:DSD_INFRINV@DF_INFRINV(1.0),GEO,A,INV,EUR,MAR,Q,2009,30379871.25,,,0,0,
OECD.ITF:DSD_INFRINV@DF_INFRINV(1.0),GEO,A,INV,EUR,MAR,Q,2010,33608421.59,,,0,0,
OECD.ITF:DSD_INFRINV@DF_INFRINV(1.0),GEO,A,INV,EUR,MAR,Q,2011,6450502.254,,,0,0,
OECD.ITF:DSD_INFRINV@DF_INFRINV(1.0),GEO,A,INV,EUR,MAR,Q,2012,18916530.89,,,0,0,
OECD.ITF:DSD_INFRINV@DF_INFRINV(1.0),GEO,A,INV,EUR,MAR,Q,2013,26309727.66,,,0,0,
OECD.ITF:DSD_INFRINV@DF_INFRINV(1.0),GEO,A,INV,EUR,MAR,Q,2014,22028272.53,,,0,0,
OECD.ITF:DSD_INFRINV@DF_INFRINV(1.0),GEO,A,INV,EUR,MAR,Q,2015,10504234.85,,,0,0,
OECD.ITF:DSD_INFRINV@DF_INFRINV(1.0),GEO,A,INV,EUR,MAR,Q,2016,10780241.62,,,0,0,
OECD.ITF:DSD_INFRINV@DF_INFRINV(1.0),GEO,A,INV,EUR,MAR,Q,2017,14045711.64,,,0,0,
OECD.ITF:DSD_INFRINV@DF_INFRINV(1.0),GEO,A,INV,EUR,MAR,Q,2018,4363876.464,,,0,0,
OECD.ITF:DSD_INFRINV@DF_INFRINV(1.0),GEO,A,INV,EUR,MAR,Q,2019,6477052.553,,,0,0,
OECD.ITF:DSD_INFRINV@DF_INFRINV(1.0),IND,A,INV,EUR,MAR,Q,2004,29292834.62,,,0,0,
OECD.ITF:DSD_INFRINV@DF_INFRINV(1.0),IND,A,INV,EUR,MAR,Q,2005,44086207.85,,,0,0,
OECD.ITF:DSD_INFRINV@DF_INFRINV(1.0),IND,A,INV,EUR,MAR,Q,2006,83267160.92,,,0,0,
OECD.ITF:DSD_INFRINV@DF_INFRINV(1.0),IND,A,INV,EUR,MAR,Q,2007,90528919.48,,,0,0,
OECD.ITF:DSD_INFRINV@DF_INFRINV(1.0),IND,A,INV,EUR,MAR,Q,2008,78176019.62,,,0,0,
OECD.ITF:DSD_INFRINV@DF_INFRINV(1.0),IND,A,INV,EUR,MAR,Q,2009,91668161.39,,,0,0,
OECD.ITF:DSD_INFRINV@DF_INFRINV(1.0),IND,A,INV,EUR,MAR,Q,2010,82108047.62,,,0,0,
OECD.ITF:DSD_INFRINV@DF_INFRINV(1.0),IND,A,INV,EUR,MAR,Q,2011,68679740.41,,,0,0,
OECD.ITF:DSD_INFRINV@DF_INFRINV(1.0),IND,A,INV,EUR,MAR,Q,2012,68612465.91,,,0,0,
OECD.ITF:DSD_INFRINV@DF_INFRINV(1.0),IND,A,INV,EUR,MAR,Q,2013,46456033.17,,,0,0,
OECD.ITF:DSD_INFRINV@DF_INFRINV(1.0),IND,A,INV,EUR,MAR,Q,2014,40272142.79,,,0,0,
OECD.ITF:DSD_INFRINV@DF_INFRINV(1.0),IND,A,INV,EUR,MAR,Q,2015,67580920.06,,,0,0,
OECD.ITF:DSD_INFRINV@DF_INFRINV(1.0),IND,A,INV,EUR,MAR,Q,2016,82103982.94,,,0,0,
OECD.ITF:DSD_INFRINV@DF_INFRINV(1.0),MLT,A,INV,EUR,MAR,Q,2010,3389256.058,,,0,0,
OECD.ITF:DSD_INFRINV@DF_INFRINV(1.0),MLT,A,INV,EUR,MAR,Q,2011,6679431.803,,,0,0,
OECD.ITF:DSD_INFRINV@DF_INFRINV(1.0),MLT,A,INV,EUR,MAR,Q,2012,8717540.782,,,0,0,
OECD.ITF:DSD_INFRINV@DF_INFRINV(1.0),MLT,A,INV,EUR,MAR,Q,2013,4262665.445,,,0,0,
OECD.ITF:DSD_INFRINV@DF_INFRINV(1.0),MLT,A,INV,EUR,MAR,Q,2014,5210015.734,,,0,0,
OECD.ITF:DSD_INFRINV@DF_INFRINV(1.0),MDA,A,INV,EUR,MAR,Q,2008,6472748.034,,,0,0,
OECD.ITF:DSD_INFRINV@DF_INFRINV(1.0),MDA,A,INV,EUR,MAR,Q,2009,4344223.912,,,0,0,
OECD.ITF:DSD_INFRINV@DF_INFRINV(1.0),MDA,A,INV,EUR,MAR,Q,2010,5974605.676,,,0,0,
OECD.ITF:DSD_INFRINV@DF_INFRINV(1.0),MDA,A,INV,EUR,MAR,Q,2011,4267197.455,,,0,0,
OECD.ITF:DSD_INFRINV@DF_INFRINV(1.0),MDA,A,INV,EUR,MAR,Q,2014,3849193.912,,,0,0,
OECD.ITF:DSD_INFRINV@DF_INFRINV(1.0),MDA,A,INV,EUR,MAR,Q,2016,46271.86571,,,0,0,
OECD.ITF:DSD_INFRINV@DF_INFRINV(1.0),MDA,A,INV,EUR,MAR,Q,2017,43549.17488,,,0,0,
OECD.ITF:DSD_INFRINV@DF_INFRINV(1.0),MNE,A,INV,EUR,MAR,Q,1997,956.2664967,,,0,0,
OECD.ITF:DSD_INFRINV@DF_INFRINV(1.0),MNE,A,INV,EUR,MAR,Q,1998,2919.57981,,,0,0,
OECD.ITF:DSD_INFRINV@DF_INFRINV(1.0),MNE,A,INV,EUR,MAR,Q,1999,2431.31926,,,0,0,
OECD.ITF:DSD_INFRINV@DF_INFRINV(1.0),MNE,A,INV,EUR,MAR,Q,2000,8514447.468,,,0,0,
OECD.ITF:DSD_INFRINV@DF_INFRINV(1.0),MNE,A,INV,EUR,MAR,Q,2001,1573955.606,,,0,0,
OECD.ITF:DSD_INFRINV@DF_INFRINV(1.0),MNE,A,INV,EUR,MAR,Q,2003,1674032.409,,,0,0,
OECD.ITF:DSD_INFRINV@DF_INFRINV(1.0),MNE,A,INV,EUR,MAR,Q,2005,1515312.23,,,0,0,
OECD.ITF:DSD_INFRINV@DF_INFRINV(1.0),MNE,A,INV,EUR,MAR,Q,2006,1378321.755,,,0,0,
OECD.ITF:DSD_INFRINV@DF_INFRINV(1.0),MNE,A,INV,EUR,MAR,Q,2007,2381009.072,,,0,0,
OECD.ITF:DSD_INFRINV@DF_INFRINV(1.0),MNE,A,INV,EUR,MAR,Q,2008,3309285.856,,,0,0,
OECD.ITF:DSD_INFRINV@DF_INFRINV(1.0),MNE,A,INV,EUR,MAR,Q,2009,2156125.012,,,0,0,
OECD.ITF:DSD_INFRINV@DF_INFRINV(1.0),MNE,A,INV,EUR,MAR,Q,2010,3176283.748,,,0,0,
OECD.ITF:DSD_INFRINV@DF_INFRINV(1.0),MNE,A,INV,EUR,MAR,Q,2011,3165458.517,,,0,0,
OECD.ITF:DSD_INFRINV@DF_INFRINV(1.0),MNE,A,INV,EUR,MAR,Q,2012,1051215.205,,,0,0,
OECD.ITF:DSD_INFRINV@DF_INFRINV(1.0),MNE,A,INV,EUR,MAR,Q,2013,25861712.25,,,0,0,
OECD.ITF:DSD_INFRINV@DF_INFRINV(1.0),MNE,A,INV,EUR,MAR,Q,2014,19434357.9,,,0,0,
OECD.ITF:DSD_INFRINV@DF_INFRINV(1.0),MNE,A,INV,EUR,MAR,Q,2015,7000000,,,0,0,
OECD.ITF:DSD_INFRINV@DF_INFRINV(1.0),MNE,A,INV,EUR,MAR,Q,2016,949875.0914,,,0,0,
OECD.ITF:DSD_INFRINV@DF_INFRINV(1.0),MNE,A,INV,EUR,MAR,Q,2017,907605.7361,,,0,0,
OECD.ITF:DSD_INFRINV@DF_INFRINV(1.0),MNE,A,INV,EUR,MAR,Q,2018,878580.2144,,,0,0,
OECD.ITF:DSD_INFRINV@DF_INFRINV(1.0),MNE,A,INV,EUR,MAR,Q,2019,344592.9066,,,0,0,
OECD.ITF:DSD_INFRINV@DF_INFRINV(1.0),ROU,A,INV,EUR,MAR,Q,1995,21840947.23,,,0,0,
OECD.ITF:DSD_INFRINV@DF_INFRINV(1.0),AUT,A,INV,EUR,AIR,Q,1995,163561371.1,,,0,0,
OECD.ITF:DSD_INFRINV@DF_INFRINV(1.0),AUT,A,INV,EUR,AIR,Q,1997,132764183.9,,,0,0,
OECD.ITF:DSD_INFRINV@DF_INFRINV(1.0),AUT,A,INV,EUR,AIR,Q,1998,104775746.1,,,0,0,
OECD.ITF:DSD_INFRINV@DF_INFRINV(1.0),AUT,A,INV,EUR,AIR,Q,1999,159064172.5,,,0,0,
OECD.ITF:DSD_INFRINV@DF_INFRINV(1.0),AUT,A,INV,EUR,AIR,Q,2000,125102981.1,,,0,0,
OECD.ITF:DSD_INFRINV@DF_INFRINV(1.0),AUT,A,INV,EUR,AIR,Q,2001,122144311.2,,,0,0,
OECD.ITF:DSD_INFRINV@DF_INFRINV(1.0),AUT,A,INV,EUR,AIR,Q,2002,152427634.2,,,0,0,
OECD.ITF:DSD_INFRINV@DF_INFRINV(1.0),AUT,A,INV,EUR,AIR,Q,2003,230778219.2,,,0,0,
OECD.ITF:DSD_INFRINV@DF_INFRINV(1.0),AUT,A,INV,EUR,AIR,Q,2004,336700336.7,,,0,0,
OECD.ITF:DSD_INFRINV@DF_INFRINV(1.0),AUT,A,INV,EUR,AIR,Q,2005,482705283.1,,,0,0,
OECD.ITF:DSD_INFRINV@DF_INFRINV(1.0),AUT,A,INV,EUR,AIR,Q,2006,268414868,,,0,0,
OECD.ITF:DSD_INFRINV@DF_INFRINV(1.0),AUT,A,INV,EUR,AIR,Q,2007,223644083,,,0,0,
OECD.ITF:DSD_INFRINV@DF_INFRINV(1.0),AUT,A,INV,EUR,AIR,Q,2008,336689222.6,,,0,0,
OECD.ITF:DSD_INFRINV@DF_INFRINV(1.0),AUT,A,INV,EUR,AIR,Q,2009,246365825.4,,,0,0,
OECD.ITF:DSD_INFRINV@DF_INFRINV(1.0),AUT,A,INV,EUR,AIR,Q,2010,186701288.7,,,0,0,
OECD.ITF:DSD_INFRINV@DF_INFRINV(1.0),BEL,A,INV,EUR,AIR,Q,1995,124439668,,,0,0,
OECD.ITF:DSD_INFRINV@DF_INFRINV(1.0),BEL,A,INV,EUR,AIR,Q,1996,53723915.63,,,0,0,
OECD.ITF:DSD_INFRINV@DF_INFRINV(1.0),BEL,A,INV,EUR,AIR,Q,1997,48327188.88,,,0,0,
OECD.ITF:DSD_INFRINV@DF_INFRINV(1.0),BEL,A,INV,EUR,AIR,Q,1998,51497606.06,,,0,0,
OECD.ITF:DSD_INFRINV@DF_INFRINV(1.0),BEL,A,INV,EUR,AIR,Q,1999,172952929.1,,,0,0,
OECD.ITF:DSD_INFRINV@DF_INFRINV(1.0),BEL,A,INV,EUR,AIR,Q,2000,168381417.1,,,0,0,
OECD.ITF:DSD_INFRINV@DF_INFRINV(1.0),BEL,A,INV,EUR,AIR,Q,2001,166531168.9,,,0,0,
OECD.ITF:DSD_INFRINV@DF_INFRINV(1.0),BEL,A,INV,EUR,AIR,Q,2002,94034599.58,,,0,0,
OECD.ITF:DSD_INFRINV@DF_INFRINV(1.0),BEL,A,INV,EUR,AIR,Q,2003,88501250.56,,,0,0,
OECD.ITF:DSD_INFRINV@DF_INFRINV(1.0),BEL,A,INV,EUR,AIR,Q,2004,58843413.92,,,0,0,
OECD.ITF:DSD_INFRINV@DF_INFRINV(1.0),BEL,A,INV,EUR,AIR,Q,2005,82770373.08,,,0,0,
OECD.ITF:DSD_INFRINV@DF_INFRINV(1.0),BEL,A,INV,EUR,AIR,Q,2006,102124894.1,,,0,0,
OECD.ITF:DSD_INFRINV@DF_INFRINV(1.0),BEL,A,INV,EUR,AIR,Q,2007,149968340,,,0,0,
OECD.ITF:DSD_INFRINV@DF_INFRINV(1.0),BEL,A,INV,EUR,AIR,Q,2008,125179405.8,,,0,0,
OECD.ITF:DSD_INFRINV@DF_INFRINV(1.0),BEL,A,INV,EUR,AIR,Q,2009,126499454.7,,,0,0,
OECD.ITF:DSD_INFRINV@DF_INFRINV(1.0),BEL,A,INV,EUR,AIR,Q,2011,35700035.7,,,0,0,
OECD.ITF:DSD_INFRINV@DF_INFRINV(1.0),BEL,A,INV,EUR,AIR,Q,2012,76304392.66,,,0,0,
OECD.ITF:DSD_INFRINV@DF_INFRINV(1.0),BEL,A,INV,EUR,AIR,Q,2013,95552199.24,,,0,0,
OECD.ITF:DSD_INFRINV@DF_INFRINV(1.0),BEL,A,INV,EUR,AIR,Q,2014,108768577.1,,,0,0,
OECD.ITF:DSD_INFRINV@DF_INFRINV(1.0),BEL,A,INV,EUR,AIR,Q,2015,127000000,,,0,0,
OECD.ITF:DSD_INFRINV@DF_INFRINV(1.0),BEL,A,INV,EUR,AIR,Q,2016,107683972,,,0,0,
OECD.ITF:DSD_INFRINV@DF_INFRINV(1.0),BEL,A,INV,EUR,AIR,Q,2017,113000466.5,,,0,0,
OECD.ITF:DSD_INFRINV@DF_INFRINV(1.0),BEL,A,INV,EUR,AIR,Q,2018,95771816.54,,,0,0,
OECD.ITF:DSD_INFRINV@DF_INFRINV(1.0),BEL,A,INV,EUR,AIR,Q,2019,122206380.7,,,0,0,
OECD.ITF:DSD_INFRINV@DF_INFRINV(1.0),BEL,A,INV,EUR,AIR,Q,2020,167467598.7,,,0,0,
OECD.ITF:DSD_INFRINV@DF_INFRINV(1.0),BEL,A,INV,EUR,AIR,Q,2021,82656013.22,,,0,0,
OECD.ITF:DSD_INFRINV@DF_INFRINV(1.0),BEL,A,INV,EUR,AIR,Q,2022,107435765.5,,,0,0,
OECD.ITF:DSD_INFRINV@DF_INFRINV(1.0),BEL,A,INV,EUR,AIR,Q,2023,138526785.4,,,0,0,
OECD.ITF:DSD_INFRINV@DF_INFRINV(1.0),BEL,A,INV,EUR,AIR,Q,2024,187304791,,,0,0,
OECD.ITF:DSD_INFRINV@DF_INFRINV(1.0),CAN,A,INV,EUR,AIR,Q,2000,1010341526,,,0,0,
OECD.ITF:DSD_INFRINV@DF_INFRINV(1.0),CAN,A,INV,EUR,AIR,Q,2001,1610184243,,,0,0,
OECD.ITF:DSD_INFRINV@DF_INFRINV(1.0),CAN,A,INV,EUR,AIR,Q,2002,1577269422,,,0,0,
OECD.ITF:DSD_INFRINV@DF_INFRINV(1.0),CAN,A,INV,EUR,AIR,Q,2003,1425789928,,,0,0,
OECD.ITF:DSD_INFRINV@DF_INFRINV(1.0),CAN,A,INV,EUR,AIR,Q,2004,1086615461,,,0,0,
OECD.ITF:DSD_INFRINV@DF_INFRINV(1.0),CAN,A,INV,EUR,AIR,Q,2005,995046661.1,,,0,0,
OECD.ITF:DSD_INFRINV@DF_INFRINV(1.0),CAN,A,INV,EUR,AIR,Q,2006,965204982.1,,,0,0,
OECD.ITF:DSD_INFRINV@DF_INFRINV(1.0),CAN,A,INV,EUR,AIR,Q,2007,861520729,,,0,0,
OECD.ITF:DSD_INFRINV@DF_INFRINV(1.0),CAN,A,INV,EUR,AIR,Q,2008,962424557.5,,,0,0,
OECD.ITF:DSD_INFRINV@DF_INFRINV(1.0),CAN,A,INV,EUR,AIR,Q,2009,903472099.2,,,0,0,
OECD.ITF:DSD_INFRINV@DF_INFRINV(1.0),CAN,A,INV,EUR,AIR,Q,2010,629085981.7,,,0,0,
OECD.ITF:DSD_INFRINV@DF_INFRINV(1.0),CAN,A,INV,EUR,AIR,Q,2011,708427506.5,,,0,0,
OECD.ITF:DSD_INFRINV@DF_INFRINV(1.0),CAN,A,INV,EUR,AIR,Q,2012,887746528.7,,,0,0,
OECD.ITF:DSD_INFRINV@DF_INFRINV(1.0),CAN,A,INV,EUR,AIR,Q,2013,1126352733,,,0,0,
OECD.ITF:DSD_INFRINV@DF_INFRINV(1.0),CAN,A,INV,EUR,AIR,Q,2014,1058738297,,,0,0,
OECD.ITF:DSD_INFRINV@DF_INFRINV(1.0),CAN,A,INV,EUR,AIR,Q,2015,1053188488,,,0,0,
OECD.ITF:DSD_INFRINV@DF_INFRINV(1.0),CAN,A,INV,EUR,AIR,Q,2016,1006468721,,,0,0,
OECD.ITF:DSD_INFRINV@DF_INFRINV(1.0),CAN,A,INV,EUR,AIR,Q,2017,787310154.3,,,0,0,
OECD.ITF:DSD_INFRINV@DF_INFRINV(1.0),CAN,A,INV,EUR,AIR,Q,2018,863869884.3,,,0,0,
OECD.ITF:DSD_INFRINV@DF_INFRINV(1.0),CAN,A,INV,EUR,AIR,Q,2019,1157658589,,,0,0,
OECD.ITF:DSD_INFRINV@DF_INFRINV(1.0),CHL,A,INV,EUR,AIR,Q,1998,48952423.94,,,0,0,
OECD.ITF:DSD_INFRINV@DF_INFRINV(1.0),CHL,A,INV,EUR,AIR,Q,1999,146817204,,,0,0,
OECD.ITF:DSD_INFRINV@DF_INFRINV(1.0),CHL,A,INV,EUR,AIR,Q,2000,129211281.1,,,0,0,
OECD.ITF:DSD_INFRINV@DF_INFRINV(1.0),CHL,A,INV,EUR,AIR,Q,2001,84056707.86,,,0,0,
OECD.ITF:DSD_INFRINV@DF_INFRINV(1.0),CHL,A,INV,EUR,AIR,Q,2002,4655051.559,,,0,0,
OECD.ITF:DSD_INFRINV@DF_INFRINV(1.0),CHL,A,INV,EUR,AIR,Q,2003,15197982.98,,,0,0,
OECD.ITF:DSD_INFRINV@DF_INFRINV(1.0),CHL,A,INV,EUR,AIR,Q,2004,26347035.51,,,0,0,
OECD.ITF:DSD_INFRINV@DF_INFRINV(1.0),CHL,A,INV,EUR,AIR,Q,2005,14459822.45,,,0,0,
OECD.ITF:DSD_INFRINV@DF_INFRINV(1.0),CHL,A,INV,EUR,AIR,Q,2006,11058674.09,,,0,0,
OECD.ITF:DSD_INFRINV@DF_INFRINV(1.0),CHL,A,INV,EUR,AIR,Q,2007,15863291.86,,,0,0,
OECD.ITF:DSD_INFRINV@DF_INFRINV(1.0),CHL,A,INV,EUR,AIR,Q,2008,21138600.86,,,0,0,
OECD.ITF:DSD_INFRINV@DF_INFRINV(1.0),CHL,A,INV,EUR,AIR,Q,2009,38088968.58,,,0,0,
OECD.ITF:DSD_INFRINV@DF_INFRINV(1.0),CHL,A,INV,EUR,AIR,Q,2010,52012097.86,,,0,0,
OECD.ITF:DSD_INFRINV@DF_INFRINV(1.0),CHL,A,INV,EUR,AIR,Q,2011,56904527.57,,,0,0,
OECD.ITF:DSD_INFRINV@DF_INFRINV(1.0),CHL,A,INV,EUR,AIR,Q,2013,98468996.3,,,0,0,
OECD.ITF:DSD_INFRINV@DF_INFRINV(1.0),CHL,A,INV,EUR,AIR,Q,2014,119406094.7,,,0,0,
OECD.ITF:DSD_INFRINV@DF_INFRINV(1.0),CHL,A,INV,EUR,AIR,Q,2015,110251556.9,,,0,0,
OECD.ITF:DSD_INFRINV@DF_INFRINV(1.0),CZE,A,INV,EUR,AIR,Q,1995,178935288.9,,,0,0,
OECD.ITF:DSD_INFRINV@DF_INFRINV(1.0),CZE,A,INV,EUR,AIR,Q,1996,176442325,,,0,0,
OECD.ITF:DSD_INFRINV@DF_INFRINV(1.0),CZE,A,INV,EUR,AIR,Q,1997,146907564.8,,,0,0,
OECD.ITF:DSD_INFRINV@DF_INFRINV(1.0),CZE,A,INV,EUR,AIR,Q,1998,42009232.12,,,0,0,
OECD.ITF:DSD_INFRINV@DF_INFRINV(1.0),CZE,A,INV,EUR,AIR,Q,1999,30688423.1,,,0,0,
OECD.ITF:DSD_INFRINV@DF_INFRINV(1.0),CZE,A,INV,EUR,AIR,Q,2000,47676818.81,,,0,0,
OECD.ITF:DSD_INFRINV@DF_INFRINV(1.0),CZE,A,INV,EUR,AIR,Q,2001,79312993.25,,,0,0,
OECD.ITF:DSD_INFRINV@DF_INFRINV(1.0),CZE,A,INV,EUR,AIR,Q,2002,53583308.82,,,0,0,
OECD.ITF:DSD_INFRINV@DF_INFRINV(1.0),CZE,A,INV,EUR,AIR,Q,2003,72706555.98,,,0,0,
OECD.ITF:DSD_INFRINV@DF_INFRINV(1.0),CZE,A,INV,EUR,AIR,Q,2004,203720472.8,,,0,0,
OECD.ITF:DSD_INFRINV@DF_INFRINV(1.0),CZE,A,INV,EUR,AIR,Q,2005,290112894.9,,,0,0,
OECD.ITF:DSD_INFRINV@DF_INFRINV(1.0),CZE,A,INV,EUR,AIR,Q,2006,80599087.82,,,0,0,
OECD.ITF:DSD_INFRINV@DF_INFRINV(1.0),CZE,A,INV,EUR,AIR,Q,2007,82153039.8,,,0,0,
OECD.ITF:DSD_INFRINV@DF_INFRINV(1.0),CZE,A,INV,EUR,AIR,Q,2008,298275160.6,,,0,0,
OECD.ITF:DSD_INFRINV@DF_INFRINV(1.0),CZE,A,INV,EUR,AIR,Q,2009,88733684.07,,,0,0,
OECD.ITF:DSD_INFRINV@DF_INFRINV(1.0),CZE,A,INV,EUR,AIR,Q,2010,74997722.57,,,0,0,
OECD.ITF:DSD_INFRINV@DF_INFRINV(1.0),CZE,A,INV,EUR,AIR,Q,2011,35985018.66,,,0,0,
OECD.ITF:DSD_INFRINV@DF_INFRINV(1.0),CZE,A,INV,EUR,AIR,Q,2012,43759311.02,,,0,0,
OECD.ITF:DSD_INFRINV@DF_INFRINV(1.0),CZE,A,INV,EUR,AIR,Q,2013,53862780.38,,,0,0,
OECD.ITF:DSD_INFRINV@DF_INFRINV(1.0),CZE,A,INV,EUR,AIR,Q,2014,36756251.67,,,0,0,
OECD.ITF:DSD_INFRINV@DF_INFRINV(1.0),CZE,A,INV,EUR,AIR,Q,2015,36393622.87,,,0,0,
OECD.ITF:DSD_INFRINV@DF_INFRINV(1.0),CZE,A,INV,EUR,AIR,Q,2016,63766227.72,,,0,0,
OECD.ITF:DSD_INFRINV@DF_INFRINV(1.0),CZE,A,INV,EUR,AIR,Q,2017,59991094.05,,,0,0,
OECD.ITF:DSD_INFRINV@DF_INFRINV(1.0),CZE,A,INV,EUR,AIR,Q,2018,110839239.5,,,0,0,
OECD.ITF:DSD_INFRINV@DF_INFRINV(1.0),CZE,A,INV,EUR,AIR,Q,2019,137797257.8,,,0,0,
OECD.ITF:DSD_INFRINV@DF_INFRINV(1.0),CZE,A,INV,EUR,AIR,Q,2020,169886271.3,,,0,0,
OECD.ITF:DSD_INFRINV@DF_INFRINV(1.0),CZE,A,INV,EUR,AIR,Q,2021,3730220.449,,,0,0,
OECD.ITF:DSD_INFRINV@DF_INFRINV(1.0),CZE,A,INV,EUR,AIR,Q,2022,23150034.5,,,0,0,
OECD.ITF:DSD_INFRINV@DF_INFRINV(1.0),CZE,A,INV,EUR,AIR,Q,2023,23276907.76,,,0,0,
OECD.ITF:DSD_INFRINV@DF_INFRINV(1.0),CZE,A,INV,EUR,AIR,Q,2024,40838644.09,,,0,0,
OECD.ITF:DSD_INFRINV@DF_INFRINV(1.0),DNK,A,INV,EUR,AIR,Q,1995,80479819.97,,,0,0,
OECD.ITF:DSD_INFRINV@DF_INFRINV(1.0),DNK,A,INV,EUR,AIR,Q,1996,34353363.01,,,0,0,
OECD.ITF:DSD_INFRINV@DF_INFRINV(1.0),DNK,A,INV,EUR,AIR,Q,1997,54976286.46,,,0,0,
OECD.ITF:DSD_INFRINV@DF_INFRINV(1.0),DNK,A,INV,EUR,AIR,Q,1998,462140878.7,,,0,0,
OECD.ITF:DSD_INFRINV@DF_INFRINV(1.0),DNK,A,INV,EUR,AIR,Q,1999,207195600.3,,,0,0,
OECD.ITF:DSD_INFRINV@DF_INFRINV(1.0),DNK,A,INV,EUR,AIR,Q,2000,169381831.2,,,0,0,
OECD.ITF:DSD_INFRINV@DF_INFRINV(1.0),DNK,A,INV,EUR,AIR,Q,2001,86969378.64,,,0,0,
OECD.ITF:DSD_INFRINV@DF_INFRINV(1.0),DNK,A,INV,EUR,AIR,Q,2002,144813111.8,,,0,0,
OECD.ITF:DSD_INFRINV@DF_INFRINV(1.0),DNK,A,INV,EUR,AIR,Q,2003,25294840.54,,,0,0,
OECD.ITF:DSD_INFRINV@DF_INFRINV(1.0),DNK,A,INV,EUR,AIR,Q,2004,33557335.39,,,0,0,
OECD.ITF:DSD_INFRINV@DF_INFRINV(1.0),DNK,A,INV,EUR,AIR,Q,2005,42233709.39,,,0,0,
OECD.ITF:DSD_INFRINV@DF_INFRINV(1.0),DNK,A,INV,EUR,AIR,Q,2006,42246822.76,,,0,0,
OECD.ITF:DSD_INFRINV@DF_INFRINV(1.0),DNK,A,INV,EUR,AIR,Q,2007,69891590.7,,,0,0,
OECD.ITF:DSD_INFRINV@DF_INFRINV(1.0),DNK,A,INV,EUR,AIR,Q,2008,20082094.57,,,0,0,
OECD.ITF:DSD_INFRINV@DF_INFRINV(1.0),DNK,A,INV,EUR,AIR,Q,2009,97715951.93,,,0,0,
OECD.ITF:DSD_INFRINV@DF_INFRINV(1.0),DNK,A,INV,EUR,AIR,Q,2010,49153506.93,,,0,0,
OECD.ITF:DSD_INFRINV@DF_INFRINV(1.0),DNK,A,INV,EUR,AIR,Q,2011,30302914.96,,,0,0,
OECD.ITF:DSD_INFRINV@DF_INFRINV(1.0),DNK,A,INV,EUR,AIR,Q,2012,29388556.61,,,0,0,
OECD.ITF:DSD_INFRINV@DF_INFRINV(1.0),DNK,A,INV,EUR,AIR,Q,2013,76861824.32,,,0,0,
OECD.ITF:DSD_INFRINV@DF_INFRINV(1.0),DNK,A,INV,EUR,AIR,Q,2014,21924053.73,,,0,0,
OECD.ITF:DSD_INFRINV@DF_INFRINV(1.0),DNK,A,INV,EUR,AIR,Q,2015,9921432.977,,,0,0,
OECD.ITF:DSD_INFRINV@DF_INFRINV(1.0),DNK,A,INV,EUR,AIR,Q,2016,5769249.233,,,0,0,
OECD.ITF:DSD_INFRINV@DF_INFRINV(1.0),DNK,A,INV,EUR,AIR,Q,2017,2666005.54,,,0,0,
OECD.ITF:DSD_INFRINV@DF_INFRINV(1.0),EST,A,INV,EUR,AIR,Q,1995,5033979.361,,,0,0,
OECD.ITF:DSD_INFRINV@DF_INFRINV(1.0),EST,A,INV,EUR,AIR,Q,1998,7150774.071,,,0,0,
OECD.ITF:DSD_INFRINV@DF_INFRINV(1.0),EST,A,INV,EUR,AIR,Q,2000,1709197.19,,,0,0,
OECD.ITF:DSD_INFRINV@DF_INFRINV(1.0),EST,A,INV,EUR,AIR,Q,2001,1616814.875,,,0,0,
OECD.ITF:DSD_INFRINV@DF_INFRINV(1.0),EST,A,INV,EUR,AIR,Q,2004,8441786.845,,,0,0,
OECD.ITF:DSD_INFRINV@DF_INFRINV(1.0),EST,A,INV,EUR,AIR,Q,2005,5244801.091,,,0,0,
OECD.ITF:DSD_INFRINV@DF_INFRINV(1.0),EST,A,INV,EUR,AIR,Q,2006,11885942.5,,,0,0,
OECD.ITF:DSD_INFRINV@DF_INFRINV(1.0),EST,A,INV,EUR,AIR,Q,2007,32683873.14,,,0,0,
OECD.ITF:DSD_INFRINV@DF_INFRINV(1.0),EST,A,INV,EUR,AIR,Q,2008,57091009.19,,,0,0,
OECD.ITF:DSD_INFRINV@DF_INFRINV(1.0),EST,A,INV,EUR,AIR,Q,2009,21167322.11,,,0,0,
OECD.ITF:DSD_INFRINV@DF_INFRINV(1.0),EST,A,INV,EUR,AIR,Q,2010,3437292.33,,,0,0,
OECD.ITF:DSD_INFRINV@DF_INFRINV(1.0),EST,A,INV,EUR,AIR,Q,2011,6667703.865,,,0,0,
OECD.ITF:DSD_INFRINV@DF_INFRINV(1.0),EST,A,INV,EUR,AIR,Q,2012,512253.7037,,,0,0,
OECD.ITF:DSD_INFRINV@DF_INFRINV(1.0),EST,A,INV,EUR,AIR,Q,2013,974973.9839,,,0,0,
OECD.ITF:DSD_INFRINV@DF_INFRINV(1.0),EST,A,INV,EUR,AIR,Q,2014,135685.2103,,,0,0,
OECD.ITF:DSD_INFRINV@DF_INFRINV(1.0),EST,A,INV,EUR,AIR,Q,2016,13924918.12,,,0,0,
OECD.ITF:DSD_INFRINV@DF_INFRINV(1.0),EST,A,INV,EUR,AIR,Q,2017,16382862.53,,,0,0,
OECD.ITF:DSD_INFRINV@DF_INFRINV(1.0),EST,A,INV,EUR,AIR,Q,2018,10738202.62,,,0,0,
OECD.ITF:DSD_INFRINV@DF_INFRINV(1.0),EST,A,INV,EUR,AIR,Q,2019,13405852.61,,,0,0,
OECD.ITF:DSD_INFRINV@DF_INFRINV(1.0),EST,A,INV,EUR,AIR,Q,2020,3814864.62,,,0,0,
OECD.ITF:DSD_INFRINV@DF_INFRINV(1.0),EST,A,INV,EUR,AIR,Q,2021,20282902.4,,,0,0,
OECD.ITF:DSD_INFRINV@DF_INFRINV(1.0),EST,A,INV,EUR,AIR,Q,2022,2989558.965,,,0,0,
OECD.ITF:DSD_INFRINV@DF_INFRINV(1.0),FIN,A,INV,EUR,AIR,Q,1995,89151487.61,,,0,0,
OECD.ITF:DSD_INFRINV@DF_INFRINV(1.0),FIN,A,INV,EUR,AIR,Q,1996,85796330.02,,,0,0,
OECD.ITF:DSD_INFRINV@DF_INFRINV(1.0),FIN,A,INV,EUR,AIR,Q,1997,73635180.49,,,0,0,
OECD.ITF:DSD_INFRINV@DF_INFRINV(1.0),FIN,A,INV,EUR,AIR,Q,1998,131291028.4,,,0,0,
OECD.ITF:DSD_INFRINV@DF_INFRINV(1.0),FIN,A,INV,EUR,AIR,Q,1999,161089429.5,,,0,0,
OECD.ITF:DSD_INFRINV@DF_INFRINV(1.0),FIN,A,INV,EUR,AIR,Q,2000,100556930.7,,,0,0,
OECD.ITF:DSD_INFRINV@DF_INFRINV(1.0),FIN,A,INV,EUR,AIR,Q,2001,95102952.72,,,0,0,
OECD.ITF:DSD_INFRINV@DF_INFRINV(1.0),FIN,A,INV,EUR,AIR,Q,2002,75561152.68,,,0,0,
OECD.ITF:DSD_INFRINV@DF_INFRINV(1.0),FIN,A,INV,EUR,AIR,Q,2003,62348659.5,,,0,0,
OECD.ITF:DSD_INFRINV@DF_INFRINV(1.0),FIN,A,INV,EUR,AIR,Q,2004,67209006.01,,,0,0,
OECD.ITF:DSD_INFRINV@DF_INFRINV(1.0),FIN,A,INV,EUR,AIR,Q,2005,63947137.03,,,0,0,
OECD.ITF:DSD_INFRINV@DF_INFRINV(1.0),FIN,A,INV,EUR,AIR,Q,2006,75614366.73,,,0,0,
OECD.ITF:DSD_INFRINV@DF_INFRINV(1.0),FIN,A,INV,EUR,AIR,Q,2007,88993650.18,,,0,0,
OECD.ITF:DSD_INFRINV@DF_INFRINV(1.0),FIN,A,INV,EUR,AIR,Q,2008,120371815.2,,,0,0,
OECD.ITF:DSD_INFRINV@DF_INFRINV(1.0),FIN,A,INV,EUR,AIR,Q,2009,86453036.66,,,0,0,
OECD.ITF:DSD_INFRINV@DF_INFRINV(1.0),FIN,A,INV,EUR,AIR,Q,2010,49864258.41,,,0,0,
OECD.ITF:DSD_INFRINV@DF_INFRINV(1.0),FIN,A,INV,EUR,AIR,Q,2011,45950123.23,,,0,0,
OECD.ITF:DSD_INFRINV@DF_INFRINV(1.0),FIN,A,INV,EUR,AIR,Q,2012,44635772.1,,,0,0,
OECD.ITF:DSD_INFRINV@DF_INFRINV(1.0),FIN,A,INV,EUR,AIR,Q,2013,34430857.92,,,0,0,
OECD.ITF:DSD_INFRINV@DF_INFRINV(1.0),FIN,A,INV,EUR,AIR,Q,2014,84059075.94,,,0,0,
OECD.ITF:DSD_INFRINV@DF_INFRINV(1.0),FIN,A,INV,EUR,AIR,Q,2015,78866994,,,0,0,
OECD.ITF:DSD_INFRINV@DF_INFRINV(1.0),FIN,A,INV,EUR,AIR,Q,2016,185867942.4,,,0,0,
OECD.ITF:DSD_INFRINV@DF_INFRINV(1.0),FIN,A,INV,EUR,AIR,Q,2017,173814004.2,,,0,0,
OECD.ITF:DSD_INFRINV@DF_INFRINV(1.0),FIN,A,INV,EUR,AIR,Q,2018,236673835.7,,,0,0,
OECD.ITF:DSD_INFRINV@DF_INFRINV(1.0),FIN,A,INV,EUR,AIR,Q,2019,289223567.9,,,0,0,
OECD.ITF:DSD_INFRINV@DF_INFRINV(1.0),FIN,A,INV,EUR,AIR,Q,2020,240836466.2,,,0,0,
OECD.ITF:DSD_INFRINV@DF_INFRINV(1.0),FIN,A,INV,EUR,AIR,Q,2021,146080033.6,,,0,0,
OECD.ITF:DSD_INFRINV@DF_INFRINV(1.0),FIN,A,INV,EUR,AIR,Q,2022,74460163.81,,,0,0,
OECD.ITF:DSD_INFRINV@DF_INFRINV(1.0),FIN,A,INV,EUR,AIR,Q,2023,45973488.62,,,0,0,
OECD.ITF:DSD_INFRINV@DF_INFRINV(1.0),FRA,A,INV,EUR,AIR,Q,1998,1075411187,,,0,0,
OECD.ITF:DSD_INFRINV@DF_INFRINV(1.0),FRA,A,INV,EUR,AIR,Q,1999,907278453.6,,,0,0,
OECD.ITF:DSD_INFRINV@DF_INFRINV(1.0),FRA,A,INV,EUR,AIR,Q,2000,1053809306,,,0,0,
OECD.ITF:DSD_INFRINV@DF_INFRINV(1.0),FRA,A,INV,EUR,AIR,Q,2001,1097836262,,,0,0,
OECD.ITF:DSD_INFRINV@DF_INFRINV(1.0),FRA,A,INV,EUR,AIR,Q,2002,1238822372,,,0,0,
OECD.ITF:DSD_INFRINV@DF_INFRINV(1.0),FRA,A,INV,EUR,AIR,Q,2003,1076155845,,,0,0,
OECD.ITF:DSD_INFRINV@DF_INFRINV(1.0),FRA,A,INV,EUR,AIR,Q,2004,1038651836,,,0,0,
OECD.ITF:DSD_INFRINV@DF_INFRINV(1.0),FRA,A,INV,EUR,AIR,Q,2005,1001665172,,,0,0,
OECD.ITF:DSD_INFRINV@DF_INFRINV(1.0),FRA,A,INV,EUR,AIR,Q,2006,1092578732,,,0,0,
OECD.ITF:DSD_INFRINV@DF_INFRINV(1.0),FRA,A,INV,EUR,AIR,Q,2007,1142992675,,,0,0,
OECD.ITF:DSD_INFRINV@DF_INFRINV(1.0),FRA,A,INV,EUR,AIR,Q,2008,809621561.4,,,0,0,
OECD.ITF:DSD_INFRINV@DF_INFRINV(1.0),FRA,A,INV,EUR,AIR,Q,2009,740017503.8,,,0,0,
OECD.ITF:DSD_INFRINV@DF_INFRINV(1.0),FRA,A,INV,EUR,AIR,Q,2010,764413969.6,,,0,0,
OECD.ITF:DSD_INFRINV@DF_INFRINV(1.0),FRA,A,INV,EUR,AIR,Q,2011,892023086.6,,,0,0,
OECD.ITF:DSD_INFRINV@DF_INFRINV(1.0),FRA,A,INV,EUR,AIR,Q,2013,396059620.3,,,0,0,
OECD.ITF:DSD_INFRINV@DF_INFRINV(1.0),FRA,A,INV,EUR,AIR,Q,2014,364373604.4,,,0,0,
OECD.ITF:DSD_INFRINV@DF_INFRINV(1.0),FRA,A,INV,EUR,AIR,Q,2015,512000000,,,0,0,
OECD.ITF:DSD_INFRINV@DF_INFRINV(1.0),FRA,A,INV,EUR,AIR,Q,2016,789642824.4,,,0,0,
OECD.ITF:DSD_INFRINV@DF_INFRINV(1.0),FRA,A,INV,EUR,AIR,Q,2017,779008587.6,,,0,0,
OECD.ITF:DSD_INFRINV@DF_INFRINV(1.0),FRA,A,INV,EUR,AIR,Q,2018,864601230.4,,,0,0,
OECD.ITF:DSD_INFRINV@DF_INFRINV(1.0),FRA,A,INV,EUR,AIR,Q,2019,937252365.9,,,0,0,
OECD.ITF:DSD_INFRINV@DF_INFRINV(1.0),FRA,A,INV,EUR,AIR,Q,2020,634368209.8,,,0,0,
OECD.ITF:DSD_INFRINV@DF_INFRINV(1.0),FRA,A,INV,EUR,AIR,Q,2021,383201825.4,,,0,0,
OECD.ITF:DSD_INFRINV@DF_INFRINV(1.0),FRA,A,INV,EUR,AIR,Q,2022,391217939.7,,,0,0,
OECD.ITF:DSD_INFRINV@DF_INFRINV(1.0),FRA,A,INV,EUR,AIR,Q,2023,559231916.8,,,0,0,
OECD.ITF:DSD_INFRINV@DF_INFRINV(1.0),DEU,A,INV,EUR,AIR,Q,1995,1445397484,,,0,0,
OECD.ITF:DSD_INFRINV@DF_INFRINV(1.0),DEU,A,INV,EUR,AIR,Q,1996,1126664820,,,0,0,
OECD.ITF:DSD_INFRINV@DF_INFRINV(1.0),DEU,A,INV,EUR,AIR,Q,1997,1245458602,,,0,0,
OECD.ITF:DSD_INFRINV@DF_INFRINV(1.0),DEU,A,INV,EUR,AIR,Q,1998,1429652139,,,0,0,
OECD.ITF:DSD_INFRINV@DF_INFRINV(1.0),DEU,A,INV,EUR,AIR,Q,1999,1693320790,,,0,0,
OECD.ITF:DSD_INFRINV@DF_INFRINV(1.0),DEU,A,INV,EUR,AIR,Q,2000,1804301680,,,0,0,
OECD.ITF:DSD_INFRINV@DF_INFRINV(1.0),DEU,A,INV,EUR,AIR,Q,2001,1697101264,,,0,0,
OECD.ITF:DSD_INFRINV@DF_INFRINV(1.0),DEU,A,INV,EUR,AIR,Q,2002,1291758326,,,0,0,
OECD.ITF:DSD_INFRINV@DF_INFRINV(1.0),DEU,A,INV,EUR,AIR,Q,2003,1450819777,,,0,0,
OECD.ITF:DSD_INFRINV@DF_INFRINV(1.0),DEU,A,INV,EUR,AIR,Q,2004,689646364.7,,,0,0,
OECD.ITF:DSD_INFRINV@DF_INFRINV(1.0),DEU,A,INV,EUR,AIR,Q,2005,884944564.5,,,0,0,
OECD.ITF:DSD_INFRINV@DF_INFRINV(1.0),DEU,A,INV,EUR,AIR,Q,2006,891133224.4,,,0,0,
OECD.ITF:DSD_INFRINV@DF_INFRINV(1.0),DEU,A,INV,EUR,AIR,Q,2007,1886748503,,,0,0,
OECD.ITF:DSD_INFRINV@DF_INFRINV(1.0),DEU,A,INV,EUR,AIR,Q,2008,1280970841,,,0,0,
OECD.ITF:DSD_INFRINV@DF_INFRINV(1.0),DEU,A,INV,EUR,AIR,Q,2009,1672388969,,,0,0,
OECD.ITF:DSD_INFRINV@DF_INFRINV(1.0),DEU,A,INV,EUR,AIR,Q,2010,1627733052,,,0,0,
OECD.ITF:DSD_INFRINV@DF_INFRINV(1.0),DEU,A,INV,EUR,AIR,Q,2011,1949432892,,,0,0,
OECD.ITF:DSD_INFRINV@DF_INFRINV(1.0),DEU,A,INV,EUR,AIR,Q,2012,1455771769,,,0,0,
OECD.ITF:DSD_INFRINV@DF_INFRINV(1.0),DEU,A,INV,EUR,AIR,Q,2013,957016578,,,0,0,
OECD.ITF:DSD_INFRINV@DF_INFRINV(1.0),DEU,A,INV,EUR,AIR,Q,2014,779778421.4,,,0,0,
OECD.ITF:DSD_INFRINV@DF_INFRINV(1.0),DEU,A,INV,EUR,AIR,Q,2015,850000000,,,0,0,
OECD.ITF:DSD_INFRINV@DF_INFRINV(1.0),DEU,A,INV,EUR,AIR,Q,2016,885312662.9,,,0,0,
OECD.ITF:DSD_INFRINV@DF_INFRINV(1.0),DEU,A,INV,EUR,AIR,Q,2017,1056338028,,,0,0,
OECD.ITF:DSD_INFRINV@DF_INFRINV(1.0),DEU,A,INV,EUR,AIR,Q,2018,1239751688,,,0,0,
OECD.ITF:DSD_INFRINV@DF_INFRINV(1.0),DEU,A,INV,EUR,AIR,Q,2019,1670944514,,,0,0,
OECD.ITF:DSD_INFRINV@DF_INFRINV(1.0),DEU,A,INV,EUR,AIR,Q,2020,1700882758,,,0,0,
OECD.ITF:DSD_INFRINV@DF_INFRINV(1.0),DEU,A,INV,EUR,AIR,Q,2021,1092388239,,,0,0,
OECD.ITF:DSD_INFRINV@DF_INFRINV(1.0),DEU,A,INV,EUR,AIR,Q,2022,807765501.6,,,0,0,
OECD.ITF:DSD_INFRINV@DF_INFRINV(1.0),DEU,A,INV,EUR,AIR,Q,2023,881762012.4,,,0,0,
OECD.ITF:DSD_INFRINV@DF_INFRINV(1.0),GRC,A,INV,EUR,AIR,Q,2000,75510055.91,,,0,0,
OECD.ITF:DSD_INFRINV@DF_INFRINV(1.0),GRC,A,INV,EUR,AIR,Q,2001,72050180.83,,,0,0,
OECD.ITF:DSD_INFRINV@DF_INFRINV(1.0),GRC,A,INV,EUR,AIR,Q,2002,88675820.6,,,0,0,
OECD.ITF:DSD_INFRINV@DF_INFRINV(1.0),GRC,A,INV,EUR,AIR,Q,2003,124079629.1,,,0,0,
OECD.ITF:DSD_INFRINV@DF_INFRINV(1.0),GRC,A,INV,EUR,AIR,Q,2004,123391966.4,,,0,0,
OECD.ITF:DSD_INFRINV@DF_INFRINV(1.0),GRC,A,INV,EUR,AIR,Q,2005,113484729.4,,,0,0,
OECD.ITF:DSD_INFRINV@DF_INFRINV(1.0),GRC,A,INV,EUR,AIR,Q,2006,77134342.31,,,0,0,
OECD.ITF:DSD_INFRINV@DF_INFRINV(1.0),GRC,A,INV,EUR,AIR,Q,2007,41590791.57,,,0,0,
OECD.ITF:DSD_INFRINV@DF_INFRINV(1.0),GRC,A,INV,EUR,AIR,Q,2008,46315832.81,,,0,0,
OECD.ITF:DSD_INFRINV@DF_INFRINV(1.0),GRC,A,INV,EUR,AIR,Q,2009,55746234.4,,,0,0,
OECD.ITF:DSD_INFRINV@DF_INFRINV(1.0),GRC,A,INV,EUR,AIR,Q,2010,30173674.73,,,0,0,
OECD.ITF:DSD_INFRINV@DF_INFRINV(1.0),GRC,A,INV,EUR,AIR,Q,2011,42451809.04,,,0,0,
OECD.ITF:DSD_INFRINV@DF_INFRINV(1.0),GRC,A,INV,EUR,AIR,Q,2012,51686921.11,,,0,0,
OECD.ITF:DSD_INFRINV@DF_INFRINV(1.0),GRC,A,INV,EUR,AIR,Q,2013,93945051.92,,,0,0,
OECD.ITF:DSD_INFRINV@DF_INFRINV(1.0),GRC,A,INV,EUR,AIR,Q,2014,49042830.25,,,0,0,
OECD.ITF:DSD_INFRINV@DF_INFRINV(1.0),GRC,A,INV,EUR,AIR,Q,2015,45342622.5,,,0,0,
OECD.ITF:DSD_INFRINV@DF_INFRINV(1.0),GRC,A,INV,EUR,AIR,Q,2016,45447981.08,,,0,0,
OECD.ITF:DSD_INFRINV@DF_INFRINV(1.0),GRC,A,INV,EUR,AIR,Q,2017,20792684.24,,,0,0,
OECD.ITF:DSD_INFRINV@DF_INFRINV(1.0),GRC,A,INV,EUR,AIR,Q,2018,26231921.29,,,0,0,
OECD.ITF:DSD_INFRINV@DF_INFRINV(1.0),GRC,A,INV,EUR,AIR,Q,2019,19899399.66,,,0,0,
OECD.ITF:DSD_INFRINV@DF_INFRINV(1.0),GRC,A,INV,EUR,AIR,Q,2020,23484539.75,,,0,0,
OECD.ITF:DSD_INFRINV@DF_INFRINV(1.0),GRC,A,INV,EUR,AIR,Q,2021,14971690.06,,,0,0,
OECD.ITF:DSD_INFRINV@DF_INFRINV(1.0),GRC,A,INV,EUR,AIR,Q,2022,14778691.35,,,0,0,
OECD.ITF:DSD_INFRINV@DF_INFRINV(1.0),HUN,A,INV,EUR,AIR,Q,1995,67522924.86,,,0,0,
OECD.ITF:DSD_INFRINV@DF_INFRINV(1.0),HUN,A,INV,EUR,AIR,Q,1996,56893862.73,,,0,0,
OECD.ITF:DSD_INFRINV@DF_INFRINV(1.0),HUN,A,INV,EUR,AIR,Q,1997,80721140.43,,,0,0,
OECD.ITF:DSD_INFRINV@DF_INFRINV(1.0),HUN,A,INV,EUR,AIR,Q,1998,47454457.25,,,0,0,
OECD.ITF:DSD_INFRINV@DF_INFRINV(1.0),HUN,A,INV,EUR,AIR,Q,1999,30421883.4,,,0,0,
OECD.ITF:DSD_INFRINV@DF_INFRINV(1.0),HUN,A,INV,EUR,AIR,Q,2000,42110703.94,,,0,0,
OECD.ITF:DSD_INFRINV@DF_INFRINV(1.0),HUN,A,INV,EUR,AIR,Q,2001,23920897.2,,,0,0,
OECD.ITF:DSD_INFRINV@DF_INFRINV(1.0),HUN,A,INV,EUR,AIR,Q,2002,60686534.77,,,0,0,
OECD.ITF:DSD_INFRINV@DF_INFRINV(1.0),HUN,A,INV,EUR,AIR,Q,2003,58214891.26,,,0,0,
OECD.ITF:DSD_INFRINV@DF_INFRINV(1.0),HUN,A,INV,EUR,AIR,Q,2004,24710508.92,,,0,0,
OECD.ITF:DSD_INFRINV@DF_INFRINV(1.0),HUN,A,INV,EUR,AIR,Q,2005,131880551.3,,,0,0,
OECD.ITF:DSD_INFRINV@DF_INFRINV(1.0),HUN,A,INV,EUR,AIR,Q,2006,10488371.04,,,0,0,
OECD.ITF:DSD_INFRINV@DF_INFRINV(1.0),HUN,A,INV,EUR,AIR,Q,2007,2533257.049,,,0,0,
OECD.ITF:DSD_INFRINV@DF_INFRINV(1.0),HUN,A,INV,EUR,AIR,Q,2009,59352373.24,,,0,0,
OECD.ITF:DSD_INFRINV@DF_INFRINV(1.0),HUN,A,INV,EUR,AIR,Q,2010,50900481.67,,,0,0,
OECD.ITF:DSD_INFRINV@DF_INFRINV(1.0),HUN,A,INV,EUR,AIR,Q,2011,37707154.22,,,0,0,
OECD.ITF:DSD_INFRINV@DF_INFRINV(1.0),HUN,A,INV,EUR,AIR,Q,2012,25913511.94,,,0,0,
OECD.ITF:DSD_INFRINV@DF_INFRINV(1.0),HUN,A,INV,EUR,AIR,Q,2013,11982404.43,,,0,0,
OECD.ITF:DSD_INFRINV@DF_INFRINV(1.0),HUN,A,INV,EUR,AIR,Q,2014,7790988.617,,,0,0,
OECD.ITF:DSD_INFRINV@DF_INFRINV(1.0),HUN,A,INV,EUR,AIR,Q,2015,10194998.32,,,0,0,
OECD.ITF:DSD_INFRINV@DF_INFRINV(1.0),HUN,A,INV,EUR,AIR,Q,2016,17424363.77,,,0,0,
OECD.ITF:DSD_INFRINV@DF_INFRINV(1.0),HUN,A,INV,EUR,AIR,Q,2017,51091263.58,,,0,0,
OECD.ITF:DSD_INFRINV@DF_INFRINV(1.0),HUN,A,INV,EUR,AIR,Q,2018,46631994.45,,,0,0,
OECD.ITF:DSD_INFRINV@DF_INFRINV(1.0),HUN,A,INV,EUR,AIR,Q,2019,82125431.54,,,0,0,
OECD.ITF:DSD_INFRINV@DF_INFRINV(1.0),HUN,A,INV,EUR,AIR,Q,2020,66274364.2,,,0,0,
OECD.ITF:DSD_INFRINV@DF_INFRINV(1.0),HUN,A,INV,EUR,AIR,Q,2021,35906358.09,,,0,0,
OECD.ITF:DSD_INFRINV@DF_INFRINV(1.0),HUN,A,INV,EUR,AIR,Q,2022,37741908.59,,,0,0,
OECD.ITF:DSD_INFRINV@DF_INFRINV(1.0),HUN,A,INV,EUR,AIR,Q,2023,41945247.27,,,0,0,
OECD.ITF:DSD_INFRINV@DF_INFRINV(1.0),HUN,A,INV,EUR,AIR,Q,2024,39771868.78,,,0,0,
OECD.ITF:DSD_INFRINV@DF_INFRINV(1.0),ISL,A,INV,EUR,AIR,Q,1998,6319033.653,,,0,0,
OECD.ITF:DSD_INFRINV@DF_INFRINV(1.0),ISL,A,INV,EUR,AIR,Q,1999,7892514.02,,,0,0,
OECD.ITF:DSD_INFRINV@DF_INFRINV(1.0),ISL,A,INV,EUR,AIR,Q,2000,15837563.34,,,0,0,
OECD.ITF:DSD_INFRINV@DF_INFRINV(1.0),ISL,A,INV,EUR,AIR,Q,2001,15033786.89,,,0,0,
OECD.ITF:DSD_INFRINV@DF_INFRINV(1.0),ISL,A,INV,EUR,AIR,Q,2002,6905130.407,,,0,0,
OECD.ITF:DSD_INFRINV@DF_INFRINV(1.0),ISL,A,INV,EUR,AIR,Q,2003,5604621.79,,,0,0,
OECD.ITF:DSD_INFRINV@DF_INFRINV(1.0),ISL,A,INV,EUR,AIR,Q,2004,3558097.014,,,0,0,
OECD.ITF:DSD_INFRINV@DF_INFRINV(1.0),ISL,A,INV,EUR,AIR,Q,2005,7799440.469,,,0,0,
OECD.ITF:DSD_INFRINV@DF_INFRINV(1.0),ISL,A,INV,EUR,AIR,Q,2006,5508048.216,,,0,0,
OECD.ITF:DSD_INFRINV@DF_INFRINV(1.0),ISL,A,INV,EUR,AIR,Q,2007,5093748.546,,,0,0,
OECD.ITF:DSD_INFRINV@DF_INFRINV(1.0),ISL,A,INV,EUR,AIR,Q,2008,14818383.57,,,0,0,
OECD.ITF:DSD_INFRINV@DF_INFRINV(1.0),ISL,A,INV,EUR,AIR,Q,2009,8060694.648,,,0,0,
OECD.ITF:DSD_INFRINV@DF_INFRINV(1.0),ISL,A,INV,EUR,AIR,Q,2010,2596412.116,,,0,0,
OECD.ITF:DSD_INFRINV@DF_INFRINV(1.0),ISL,A,INV,EUR,AIR,Q,2011,2120068.253,,,0,0,
OECD.ITF:DSD_INFRINV@DF_INFRINV(1.0),ISL,A,INV,EUR,AIR,Q,2012,2263916.881,,,0,0,
OECD.ITF:DSD_INFRINV@DF_INFRINV(1.0),ISL,A,INV,EUR,AIR,Q,2013,1340213.104,,,0,0,
OECD.ITF:DSD_INFRINV@DF_INFRINV(1.0),ISL,A,INV,EUR,AIR,Q,2014,316946.8252,,,0,0,
OECD.ITF:DSD_INFRINV@DF_INFRINV(1.0),ISL,A,INV,EUR,AIR,Q,2015,537767.3975,,,0,0,
OECD.ITF:DSD_INFRINV@DF_INFRINV(1.0),ISL,A,INV,EUR,AIR,Q,2016,487346.9318,,,0,0,
OECD.ITF:DSD_INFRINV@DF_INFRINV(1.0),ISL,A,INV,EUR,AIR,Q,2017,441093.339,,,0,0,
OECD.ITF:DSD_INFRINV@DF_INFRINV(1.0),ISL,A,INV,EUR,AIR,Q,2018,60413.44798,,,0,0,
OECD.ITF:DSD_INFRINV@DF_INFRINV(1.0),ISL,A,INV,EUR,AIR,Q,2019,1340665.578,,,0,0,
OECD.ITF:DSD_INFRINV@DF_INFRINV(1.0),ISL,A,INV,EUR,AIR,Q,2020,1324911.7,,,0,0,
OECD.ITF:DSD_INFRINV@DF_INFRINV(1.0),ISL,A,INV,EUR,AIR,Q,2021,1240933.403,,,0,0,
OECD.ITF:DSD_INFRINV@DF_INFRINV(1.0),IRL,A,INV,EUR,AIR,Q,2001,160641364.4,,,0,0,
OECD.ITF:DSD_INFRINV@DF_INFRINV(1.0),IRL,A,INV,EUR,AIR,Q,2002,109471471.7,,,0,0,
OECD.ITF:DSD_INFRINV@DF_INFRINV(1.0),IRL,A,INV,EUR,AIR,Q,2003,69546067.03,,,0,0,
OECD.ITF:DSD_INFRINV@DF_INFRINV(1.0),IRL,A,INV,EUR,AIR,Q,2004,106692272.8,,,0,0,
OECD.ITF:DSD_INFRINV@DF_INFRINV(1.0),IRL,A,INV,EUR,AIR,Q,2005,133269025.7,,,0,0,
OECD.ITF:DSD_INFRINV@DF_INFRINV(1.0),IRL,A,INV,EUR,AIR,Q,2006,168238417.9,,,0,0,
OECD.ITF:DSD_INFRINV@DF_INFRINV(1.0),IRL,A,INV,EUR,AIR,Q,2007,303471444.6,,,0,0,
OECD.ITF:DSD_INFRINV@DF_INFRINV(1.0),IRL,A,INV,EUR,AIR,Q,2008,436775878.7,,,0,0,
OECD.ITF:DSD_INFRINV@DF_INFRINV(1.0),IRL,A,INV,EUR,AIR,Q,2009,569153872.8,,,0,0,
OECD.ITF:DSD_INFRINV@DF_INFRINV(1.0),IRL,A,INV,EUR,AIR,Q,2010,264628050.6,,,0,0,
OECD.ITF:DSD_INFRINV@DF_INFRINV(1.0),IRL,A,INV,EUR,AIR,Q,2011,88355209.23,,,0,0,
OECD.ITF:DSD_INFRINV@DF_INFRINV(1.0),IRL,A,INV,EUR,AIR,Q,2012,35397861.55,,,0,0,
OECD.ITF:DSD_INFRINV@DF_INFRINV(1.0),IRL,A,INV,EUR,AIR,Q,2013,54450003.6,,,0,0,
OECD.ITF:DSD_INFRINV@DF_INFRINV(1.0),IRL,A,INV,EUR,AIR,Q,2014,59768624.51,,,0,0,
OECD.ITF:DSD_INFRINV@DF_INFRINV(1.0),IRL,A,INV,EUR,AIR,Q,2015,106000000,,,0,0,
OECD.ITF:DSD_INFRINV@DF_INFRINV(1.0),IRL,A,INV,EUR,AIR,Q,2016,123015873,,,0,0,
OECD.ITF:DSD_INFRINV@DF_INFRINV(1.0),IRL,A,INV,EUR,AIR,Q,2017,172313649.6,,,0,0,
OECD.ITF:DSD_INFRINV@DF_INFRINV(1.0),IRL,A,INV,EUR,AIR,Q,2018,125719769.7,,,0,0,
OECD.ITF:DSD_INFRINV@DF_INFRINV(1.0),IRL,A,INV,EUR,AIR,Q,2019,234183191.7,,,0,0,
OECD.ITF:DSD_INFRINV@DF_INFRINV(1.0),IRL,A,INV,EUR,AIR,Q,2020,268361581.9,,,0,0,
OECD.ITF:DSD_INFRINV@DF_INFRINV(1.0),IRL,A,INV,EUR,AIR,Q,2021,157849089.3,,,0,0,
OECD.ITF:DSD_INFRINV@DF_INFRINV(1.0),IRL,A,INV,EUR,AIR,Q,2022,125589160.9,,,0,0,
OECD.ITF:DSD_INFRINV@DF_INFRINV(1.0),IRL,A,INV,EUR,AIR,Q,2023,143629546.3,,,0,0,
OECD.ITF:DSD_INFRINV@DF_INFRINV(1.0),IRL,A,INV,EUR,AIR,Q,2024,168642189.5,,,0,0,
OECD.ITF:DSD_INFRINV@DF_INFRINV(1.0),ITA,A,INV,EUR,AIR,Q,1995,419829330.3,,,0,0,
OECD.ITF:DSD_INFRINV@DF_INFRINV(1.0),ITA,A,INV,EUR,AIR,Q,1996,361431736,,,0,0,
OECD.ITF:DSD_INFRINV@DF_INFRINV(1.0),ITA,A,INV,EUR,AIR,Q,1997,423524061.3,,,0,0,
OECD.ITF:DSD_INFRINV@DF_INFRINV(1.0),ITA,A,INV,EUR,AIR,Q,1998,415116343.6,,,0,0,
OECD.ITF:DSD_INFRINV@DF_INFRINV(1.0),ITA,A,INV,EUR,AIR,Q,1999,529469709.4,,,0,0,
OECD.ITF:DSD_INFRINV@DF_INFRINV(1.0),ITA,A,INV,EUR,AIR,Q,2000,477304506.8,,,0,0,
OECD.ITF:DSD_INFRINV@DF_INFRINV(1.0),ITA,A,INV,EUR,AIR,Q,2001,541393795.5,,,0,0,
OECD.ITF:DSD_INFRINV@DF_INFRINV(1.0),ITA,A,INV,EUR,AIR,Q,2002,704652220,,,0,0,
OECD.ITF:DSD_INFRINV@DF_INFRINV(1.0),ITA,A,INV,EUR,AIR,Q,2003,472483352.9,,,0,0,
OECD.ITF:DSD_INFRINV@DF_INFRINV(1.0),ITA,A,INV,EUR,AIR,Q,2004,366156194.8,,,0,0,
OECD.ITF:DSD_INFRINV@DF_INFRINV(1.0),ITA,A,INV,EUR,AIR,Q,2005,941676792.2,,,0,0,
OECD.ITF:DSD_INFRINV@DF_INFRINV(1.0),ITA,A,INV,EUR,AIR,Q,2006,267465252.4,,,0,0,
OECD.ITF:DSD_INFRINV@DF_INFRINV(1.0),ITA,A,INV,EUR,AIR,Q,2007,138321843.7,,,0,0,
OECD.ITF:DSD_INFRINV@DF_INFRINV(1.0),ITA,A,INV,EUR,AIR,Q,2008,137251911.7,,,0,0,
OECD.ITF:DSD_INFRINV@DF_INFRINV(1.0),ITA,A,INV,EUR,AIR,Q,2009,125227443,,,0,0,
OECD.ITF:DSD_INFRINV@DF_INFRINV(1.0),ITA,A,INV,EUR,AIR,Q,2010,674547021.5,,,0,0,
OECD.ITF:DSD_INFRINV@DF_INFRINV(1.0),ITA,A,INV,EUR,AIR,Q,2011,192442450.3,,,0,0,
OECD.ITF:DSD_INFRINV@DF_INFRINV(1.0),ITA,A,INV,EUR,AIR,Q,2012,100780535,,,0,0,
OECD.ITF:DSD_INFRINV@DF_INFRINV(1.0),ITA,A,INV,EUR,AIR,Q,2013,88473076.73,,,0,0,
OECD.ITF:DSD_INFRINV@DF_INFRINV(1.0),ITA,A,INV,EUR,AIR,Q,2014,123963194,,,0,0,
OECD.ITF:DSD_INFRINV@DF_INFRINV(1.0),ITA,A,INV,EUR,AIR,Q,2015,148000000,,,0,0,
OECD.ITF:DSD_INFRINV@DF_INFRINV(1.0),ITA,A,INV,EUR,AIR,Q,2016,70124841.97,,,0,0,
OECD.ITF:DSD_INFRINV@DF_INFRINV(1.0),ITA,A,INV,EUR,AIR,Q,2017,41190200.66,,,0,0,
OECD.ITF:DSD_INFRINV@DF_INFRINV(1.0),ITA,A,INV,EUR,AIR,Q,2018,35902113.37,,,0,0,
OECD.ITF:DSD_INFRINV@DF_INFRINV(1.0),ITA,A,INV,EUR,AIR,Q,2019,33609572.01,,,0,0,
OECD.ITF:DSD_INFRINV@DF_INFRINV(1.0),ITA,A,INV,EUR,AIR,Q,2020,52940064.28,,,0,0,
OECD.ITF:DSD_INFRINV@DF_INFRINV(1.0),ITA,A,INV,EUR,AIR,Q,2021,747640871,,,0,0,
OECD.ITF:DSD_INFRINV@DF_INFRINV(1.0),ITA,A,INV,EUR,AIR,Q,2022,1219787259,,,0,0,
OECD.ITF:DSD_INFRINV@DF_INFRINV(1.0),ITA,A,INV,EUR,AIR,Q,2023,161335254.5,,,0,0,
OECD.ITF:DSD_INFRINV@DF_INFRINV(1.0),JPN,A,INV,EUR,AIR,Q,1996,2951597238,,,0,0,
OECD.ITF:DSD_INFRINV@DF_INFRINV(1.0),JPN,A,INV,EUR,AIR,Q,1997,2123736639,,,0,0,
OECD.ITF:DSD_INFRINV@DF_INFRINV(1.0),JPN,A,INV,EUR,AIR,Q,1998,2091929366,,,0,0,
OECD.ITF:DSD_INFRINV@DF_INFRINV(1.0),JPN,A,INV,EUR,AIR,Q,1999,2125434581,,,0,0,
OECD.ITF:DSD_INFRINV@DF_INFRINV(1.0),JPN,A,INV,EUR,AIR,Q,2000,2390078830,,,0,0,
OECD.ITF:DSD_INFRINV@DF_INFRINV(1.0),JPN,A,INV,EUR,AIR,Q,2001,2447184079,,,0,0,
OECD.ITF:DSD_INFRINV@DF_INFRINV(1.0),JPN,A,INV,EUR,AIR,Q,2002,2273858093,,,0,0,
OECD.ITF:DSD_INFRINV@DF_INFRINV(1.0),JPN,A,INV,EUR,AIR,Q,2003,2304616448,,,0,0,
OECD.ITF:DSD_INFRINV@DF_INFRINV(1.0),JPN,A,INV,EUR,AIR,Q,2004,2365071308,,,0,0,
OECD.ITF:DSD_INFRINV@DF_INFRINV(1.0),JPN,A,INV,EUR,AIR,Q,2005,2519202521,,,0,0,
OECD.ITF:DSD_INFRINV@DF_INFRINV(1.0),JPN,A,INV,EUR,AIR,Q,2006,3116592643,,,0,0,
OECD.ITF:DSD_INFRINV@DF_INFRINV(1.0),JPN,A,INV,EUR,AIR,Q,2007,2996182705,,,0,0,
OECD.ITF:DSD_INFRINV@DF_INFRINV(1.0),JPN,A,INV,EUR,AIR,Q,2008,2692495657,,,0,0,
OECD.ITF:DSD_INFRINV@DF_INFRINV(1.0),JPN,A,INV,EUR,AIR,Q,2009,2688940568,,,0,0,
OECD.ITF:DSD_INFRINV@DF_INFRINV(1.0),JPN,A,INV,EUR,AIR,Q,2010,2230201181,,,0,0,
OECD.ITF:DSD_INFRINV@DF_INFRINV(1.0),JPN,A,INV,EUR,AIR,Q,2011,1181125575,,,0,0,
OECD.ITF:DSD_INFRINV@DF_INFRINV(1.0),JPN,A,INV,EUR,AIR,Q,2012,1122950053,,,0,0,
OECD.ITF:DSD_INFRINV@DF_INFRINV(1.0),JPN,A,INV,EUR,AIR,Q,2013,1153212018,,,0,0,
OECD.ITF:DSD_INFRINV@DF_INFRINV(1.0),JPN,A,INV,EUR,AIR,Q,2014,1425578668,,,0,0,
OECD.ITF:DSD_INFRINV@DF_INFRINV(1.0),JPN,A,INV,EUR,AIR,Q,2016,1486654982,,,0,0,
OECD.ITF:DSD_INFRINV@DF_INFRINV(1.0),JPN,A,INV,EUR,AIR,Q,2017,1493960586,,,0,0,
OECD.ITF:DSD_INFRINV@DF_INFRINV(1.0),JPN,A,INV,EUR,AIR,Q,2018,1688054657,,,0,0,
OECD.ITF:DSD_INFRINV@DF_INFRINV(1.0),JPN,A,INV,EUR,AIR,Q,2019,1605017377,,,0,0,
OECD.ITF:DSD_INFRINV@DF_INFRINV(1.0),JPN,A,INV,EUR,AIR,Q,2020,1850190513,,,0,0,
OECD.ITF:DSD_INFRINV@DF_INFRINV(1.0),JPN,A,INV,EUR,AIR,Q,2021,1236723035,,,0,0,
OECD.ITF:DSD_INFRINV@DF_INFRINV(1.0),JPN,A,INV,EUR,AIR,Q,2022,1324145315,,,0,0,
OECD.ITF:DSD_INFRINV@DF_INFRINV(1.0),JPN,A,INV,EUR,AIR,Q,2023,1340323876,,,0,0,
OECD.ITF:DSD_INFRINV@DF_INFRINV(1.0),JPN,A,INV,EUR,AIR,Q,2024,1240180236,,,0,0,
OECD.ITF:DSD_INFRINV@DF_INFRINV(1.0),KOR,A,INV,EUR,AIR,Q,2001,369670578.5,,,0,0,
OECD.ITF:DSD_INFRINV@DF_INFRINV(1.0),KOR,A,INV,EUR,AIR,Q,2002,325783455.6,,,0,0,
OECD.ITF:DSD_INFRINV@DF_INFRINV(1.0),KOR,A,INV,EUR,AIR,Q,2003,386938024.3,,,0,0,
OECD.ITF:DSD_INFRINV@DF_INFRINV(1.0),KOR,A,INV,EUR,AIR,Q,2004,348608954.1,,,0,0,
OECD.ITF:DSD_INFRINV@DF_INFRINV(1.0),KOR,A,INV,EUR,AIR,Q,2005,383058648,,,0,0,
OECD.ITF:DSD_INFRINV@DF_INFRINV(1.0),KOR,A,INV,EUR,AIR,Q,2006,366418317.2,,,0,0,
OECD.ITF:DSD_INFRINV@DF_INFRINV(1.0),KOR,A,INV,EUR,AIR,Q,2007,307387743.9,,,0,0,
OECD.ITF:DSD_INFRINV@DF_INFRINV(1.0),KOR,A,INV,EUR,AIR,Q,2008,120141066.3,,,0,0,
OECD.ITF:DSD_INFRINV@DF_INFRINV(1.0),KOR,A,INV,EUR,AIR,Q,2009,50634491.13,,,0,0,
OECD.ITF:DSD_INFRINV@DF_INFRINV(1.0),KOR,A,INV,EUR,AIR,Q,2010,53809124.49,,,0,0,
OECD.ITF:DSD_INFRINV@DF_INFRINV(1.0),KOR,A,INV,EUR,AIR,Q,2011,52151602.62,,,0,0,
OECD.ITF:DSD_INFRINV@DF_INFRINV(1.0),KOR,A,INV,EUR,AIR,Q,2012,51124926.26,,,0,0,
OECD.ITF:DSD_INFRINV@DF_INFRINV(1.0),KOR,A,INV,EUR,AIR,Q,2013,62687588.02,,,0,0,
OECD.ITF:DSD_INFRINV@DF_INFRINV(1.0),KOR,A,INV,EUR,AIR,Q,2014,71742318.21,,,0,0,
OECD.ITF:DSD_INFRINV@DF_INFRINV(1.0),KOR,A,INV,EUR,AIR,Q,2015,84598996.36,,,0,0,
OECD.ITF:DSD_INFRINV@DF_INFRINV(1.0),KOR,A,INV,EUR,AIR,Q,2016,1594370719,,,0,0,
OECD.ITF:DSD_INFRINV@DF_INFRINV(1.0),KOR,A,INV,EUR,AIR,Q,2017,1275089364,,,0,0,
OECD.ITF:DSD_INFRINV@DF_INFRINV(1.0),KOR,A,INV,EUR,AIR,Q,2018,503720055.1,,,0,0,
OECD.ITF:DSD_INFRINV@DF_INFRINV(1.0),KOR,A,INV,EUR,AIR,Q,2019,469044674,,,0,0,
OECD.ITF:DSD_INFRINV@DF_INFRINV(1.0),LVA,A,INV,EUR,AIR,Q,2000,25294043.25,,,0,0,
OECD.ITF:DSD_INFRINV@DF_INFRINV(1.0),LVA,A,INV,EUR,AIR,Q,2001,35188809.96,,,0,0,
OECD.ITF:DSD_INFRINV@DF_INFRINV(1.0),LVA,A,INV,EUR,AIR,Q,2002,18235696.38,,,0,0,
OECD.ITF:DSD_INFRINV@DF_INFRINV(1.0),LVA,A,INV,EUR,AIR,Q,2003,9275577.405,,,0,0,
OECD.ITF:DSD_INFRINV@DF_INFRINV(1.0),LVA,A,INV,EUR,AIR,Q,2004,8756184.055,,,0,0,
OECD.ITF:DSD_INFRINV@DF_INFRINV(1.0),LVA,A,INV,EUR,AIR,Q,2005,28139949.35,,,0,0,
OECD.ITF:DSD_INFRINV@DF_INFRINV(1.0),LVA,A,INV,EUR,AIR,Q,2006,27930793.7,,,0,0,
OECD.ITF:DSD_INFRINV@DF_INFRINV(1.0),LVA,A,INV,EUR,AIR,Q,2007,19682617.79,,,0,0,
OECD.ITF:DSD_INFRINV@DF_INFRINV(1.0),LVA,A,INV,EUR,AIR,Q,2008,20426373.67,,,0,0,
OECD.ITF:DSD_INFRINV@DF_INFRINV(1.0),LVA,A,INV,EUR,AIR,Q,2009,3619298.097,,,0,0,
OECD.ITF:DSD_INFRINV@DF_INFRINV(1.0),LVA,A,INV,EUR,AIR,Q,2010,4959333.466,,,0,0,
OECD.ITF:DSD_INFRINV@DF_INFRINV(1.0),LVA,A,INV,EUR,AIR,Q,2011,6636434.023,,,0,0,
OECD.ITF:DSD_INFRINV@DF_INFRINV(1.0),LVA,A,INV,EUR,AIR,Q,2012,10165700.93,,,0,0,
OECD.ITF:DSD_INFRINV@DF_INFRINV(1.0),LVA,A,INV,EUR,AIR,Q,2013,40190956.05,,,0,0,
OECD.ITF:DSD_INFRINV@DF_INFRINV(1.0),LVA,A,INV,EUR,AIR,Q,2014,48969677.98,,,0,0,
OECD.ITF:DSD_INFRINV@DF_INFRINV(1.0),LVA,A,INV,EUR,AIR,Q,2015,42000000,,,0,0,
OECD.ITF:DSD_INFRINV@DF_INFRINV(1.0),LVA,A,INV,EUR,AIR,Q,2016,14385236.64,,,0,0,
OECD.ITF:DSD_INFRINV@DF_INFRINV(1.0),LVA,A,INV,EUR,AIR,Q,2017,6138107.417,,,0,0,
OECD.ITF:DSD_INFRINV@DF_INFRINV(1.0),LVA,A,INV,EUR,AIR,Q,2018,9916011.384,,,0,0,
OECD.ITF:DSD_INFRINV@DF_INFRINV(1.0),LVA,A,INV,EUR,AIR,Q,2019,19031125.41,,,0,0,
OECD.ITF:DSD_INFRINV@DF_INFRINV(1.0),LVA,A,INV,EUR,AIR,Q,2020,12470741.72,,,0,0,
OECD.ITF:DSD_INFRINV@DF_INFRINV(1.0),LVA,A,INV,EUR,AIR,Q,2021,5490432.921,,,0,0,
OECD.ITF:DSD_INFRINV@DF_INFRINV(1.0),LVA,A,INV,EUR,AIR,Q,2022,6817510.397,,,0,0,
OECD.ITF:DSD_INFRINV@DF_INFRINV(1.0),LVA,A,INV,EUR,AIR,Q,2023,13517743.82,,,0,0,
OECD.ITF:DSD_INFRINV@DF_INFRINV(1.0),LVA,A,INV,EUR,AIR,Q,2024,10529345.29,,,0,0,
OECD.ITF:DSD_INFRINV@DF_INFRINV(1.0),LTU,A,INV,EUR,AIR,Q,1998,9700732.405,,,0,0,
OECD.ITF:DSD_INFRINV@DF_INFRINV(1.0),LTU,A,INV,EUR,AIR,Q,1999,3164607.035,,,0,0,
OECD.ITF:DSD_INFRINV@DF_INFRINV(1.0),LTU,A,INV,EUR,AIR,Q,2000,1567987.958,,,0,0,
OECD.ITF:DSD_INFRINV@DF_INFRINV(1.0),LTU,A,INV,EUR,AIR,Q,2001,1576391.954,,,0,0,
OECD.ITF:DSD_INFRINV@DF_INFRINV(1.0),LTU,A,INV,EUR,AIR,Q,2002,1576516.214,,,0,0,
OECD.ITF:DSD_INFRINV@DF_INFRINV(1.0),LTU,A,INV,EUR,AIR,Q,2003,7801650.829,,,0,0,
OECD.ITF:DSD_INFRINV@DF_INFRINV(1.0),LTU,A,INV,EUR,AIR,Q,2004,4409624.741,,,0,0,
OECD.ITF:DSD_INFRINV@DF_INFRINV(1.0),LTU,A,INV,EUR,AIR,Q,2005,5462018.489,,,0,0,
OECD.ITF:DSD_INFRINV@DF_INFRINV(1.0),LTU,A,INV,EUR,AIR,Q,2006,22383605.25,,,0,0,
OECD.ITF:DSD_INFRINV@DF_INFRINV(1.0),LTU,A,INV,EUR,AIR,Q,2007,57938694.3,,,0,0,
OECD.ITF:DSD_INFRINV@DF_INFRINV(1.0),LTU,A,INV,EUR,AIR,Q,2008,10980125.97,,,0,0,
OECD.ITF:DSD_INFRINV@DF_INFRINV(1.0),LTU,A,INV,EUR,AIR,Q,2009,32386674.56,,,0,0,
OECD.ITF:DSD_INFRINV@DF_INFRINV(1.0),LTU,A,INV,EUR,AIR,Q,2010,9335107.004,,,0,0,
OECD.ITF:DSD_INFRINV@DF_INFRINV(1.0),LTU,A,INV,EUR,AIR,Q,2011,15728923.24,,,0,0,
OECD.ITF:DSD_INFRINV@DF_INFRINV(1.0),LTU,A,INV,EUR,AIR,Q,2012,3249777.932,,,0,0,
OECD.ITF:DSD_INFRINV@DF_INFRINV(1.0),LTU,A,INV,EUR,AIR,Q,2013,7283700.12,,,0,0,
OECD.ITF:DSD_INFRINV@DF_INFRINV(1.0),LTU,A,INV,EUR,AIR,Q,2014,6096383.828,,,0,0,
OECD.ITF:DSD_INFRINV@DF_INFRINV(1.0),LTU,A,INV,EUR,AIR,Q,2015,6000000,,,0,0,
OECD.ITF:DSD_INFRINV@DF_INFRINV(1.0),LTU,A,INV,EUR,AIR,Q,2016,1970482.177,,,0,0,
OECD.ITF:DSD_INFRINV@DF_INFRINV(1.0),LTU,A,INV,EUR,AIR,Q,2017,27731823.7,,,0,0,
OECD.ITF:DSD_INFRINV@DF_INFRINV(1.0),LTU,A,INV,EUR,AIR,Q,2018,5576519.137,,,0,0,
OECD.ITF:DSD_INFRINV@DF_INFRINV(1.0),LTU,A,INV,EUR,AIR,Q,2019,18707573.89,,,0,0,
OECD.ITF:DSD_INFRINV@DF_INFRINV(1.0),LTU,A,INV,EUR,AIR,Q,2020,22842684.19,,,0,0,
OECD.ITF:DSD_INFRINV@DF_INFRINV(1.0),LTU,A,INV,EUR,AIR,Q,2021,28963200.19,,,0,0,
OECD.ITF:DSD_INFRINV@DF_INFRINV(1.0),LTU,A,INV,EUR,AIR,Q,2022,6287638.503,,,0,0,
OECD.ITF:DSD_INFRINV@DF_INFRINV(1.0),LTU,A,INV,EUR,AIR,Q,2023,12640206.5,,,0,0,
OECD.ITF:DSD_INFRINV@DF_INFRINV(1.0),LTU,A,INV,EUR,AIR,Q,2024,42991421.26,,,0,0,
OECD.ITF:DSD_INFRINV@DF_INFRINV(1.0),LUX,A,INV,EUR,AIR,Q,1997,2283451.571,,,0,0,
OECD.ITF:DSD_INFRINV@DF_INFRINV(1.0),LUX,A,INV,EUR,AIR,Q,1998,1333107.688,,,0,0,
OECD.ITF:DSD_INFRINV@DF_INFRINV(1.0),LUX,A,INV,EUR,AIR,Q,1999,2383015.681,,,0,0,
OECD.ITF:DSD_INFRINV@DF_INFRINV(1.0),LUX,A,INV,EUR,AIR,Q,2000,4635625.416,,,0,0,
OECD.ITF:DSD_INFRINV@DF_INFRINV(1.0),LUX,A,INV,EUR,AIR,Q,2001,5538338.071,,,0,0,
OECD.ITF:DSD_INFRINV@DF_INFRINV(1.0),LUX,A,INV,EUR,AIR,Q,2002,1535738.167,,,0,0,
OECD.ITF:DSD_INFRINV@DF_INFRINV(1.0),LUX,A,INV,EUR,AIR,Q,2003,26848999.53,,,0,0,
OECD.ITF:DSD_INFRINV@DF_INFRINV(1.0),LUX,A,INV,EUR,AIR,Q,2004,34515628.12,,,0,0,
OECD.ITF:DSD_INFRINV@DF_INFRINV(1.0),LUX,A,INV,EUR,AIR,Q,2005,36920184.71,,,0,0,
OECD.ITF:DSD_INFRINV@DF_INFRINV(1.0),LUX,A,INV,EUR,AIR,Q,2006,92895983.52,,,0,0,
OECD.ITF:DSD_INFRINV@DF_INFRINV(1.0),LUX,A,INV,EUR,AIR,Q,2007,82990532.18,,,0,0,
OECD.ITF:DSD_INFRINV@DF_INFRINV(1.0),LUX,A,INV,EUR,AIR,Q,2008,56492312.91,,,0,0,
OECD.ITF:DSD_INFRINV@DF_INFRINV(1.0),LUX,A,INV,EUR,AIR,Q,2009,22532901.22,,,0,0,
OECD.ITF:DSD_INFRINV@DF_INFRINV(1.0),LUX,A,INV,EUR,AIR,Q,2010,7715196.951,,,0,0,
OECD.ITF:DSD_INFRINV@DF_INFRINV(1.0),LUX,A,INV,EUR,AIR,Q,2011,13851948.24,,,0,0,
OECD.ITF:DSD_INFRINV@DF_INFRINV(1.0),LUX,A,INV,EUR,AIR,Q,2012,11798491.13,,,0,0,
OECD.ITF:DSD_INFRINV@DF_INFRINV(1.0),LUX,A,INV,EUR,AIR,Q,2013,180523.9156,,,0,0,
OECD.ITF:DSD_INFRINV@DF_INFRINV(1.0),LUX,A,INV,EUR,AIR,Q,2014,470482.1679,,,0,0,
OECD.ITF:DSD_INFRINV@DF_INFRINV(1.0),LUX,A,INV,EUR,AIR,Q,2015,1863808,,,0,0,
OECD.ITF:DSD_INFRINV@DF_INFRINV(1.0),LUX,A,INV,EUR,AIR,Q,2016,1072245.761,,,0,0,
OECD.ITF:DSD_INFRINV@DF_INFRINV(1.0),LUX,A,INV,EUR,AIR,Q,2017,11042461.86,,,0,0,
OECD.ITF:DSD_INFRINV@DF_INFRINV(1.0),LUX,A,INV,EUR,AIR,Q,2018,12037582.39,,,0,0,
OECD.ITF:DSD_INFRINV@DF_INFRINV(1.0),LUX,A,INV,EUR,AIR,Q,2019,9802235.751,,,0,0,
OECD.ITF:DSD_INFRINV@DF_INFRINV(1.0),LUX,A,INV,EUR,AIR,Q,2020,4582500.07,,,0,0,
OECD.ITF:DSD_INFRINV@DF_INFRINV(1.0),MEX,A,INV,EUR,AIR,Q,1995,47212166.48,,,0,0,
OECD.ITF:DSD_INFRINV@DF_INFRINV(1.0),MEX,A,INV,EUR,AIR,Q,1996,290626933.4,,,0,0,
OECD.ITF:DSD_INFRINV@DF_INFRINV(1.0),MEX,A,INV,EUR,AIR,Q,1997,97418273.68,,,0,0,
OECD.ITF:DSD_INFRINV@DF_INFRINV(1.0),MEX,A,INV,EUR,AIR,Q,1998,143050125.1,,,0,0,
OECD.ITF:DSD_INFRINV@DF_INFRINV(1.0),MEX,A,INV,EUR,AIR,Q,1999,244643085.2,,,0,0,
OECD.ITF:DSD_INFRINV@DF_INFRINV(1.0),MEX,A,INV,EUR,AIR,Q,2000,199422826.9,,,0,0,
OECD.ITF:DSD_INFRINV@DF_INFRINV(1.0),MEX,A,INV,EUR,AIR,Q,2001,151452809.3,,,0,0,
OECD.ITF:DSD_INFRINV@DF_INFRINV(1.0),MEX,A,INV,EUR,AIR,Q,2002,163761765.1,,,0,0,
OECD.ITF:DSD_INFRINV@DF_INFRINV(1.0),MEX,A,INV,EUR,AIR,Q,2003,109962863.4,,,0,0,
OECD.ITF:DSD_INFRINV@DF_INFRINV(1.0),MEX,A,INV,EUR,AIR,Q,2004,228858791.7,,,0,0,
OECD.ITF:DSD_INFRINV@DF_INFRINV(1.0),MEX,A,INV,EUR,AIR,Q,2005,751912386,,,0,0,
OECD.ITF:DSD_INFRINV@DF_INFRINV(1.0),MEX,A,INV,EUR,AIR,Q,2006,410400548.8,,,0,0,
OECD.ITF:DSD_INFRINV@DF_INFRINV(1.0),MEX,A,INV,EUR,AIR,Q,2007,234448547,,,0,0,
OECD.ITF:DSD_INFRINV@DF_INFRINV(1.0),MEX,A,INV,EUR,AIR,Q,2008,409219224.4,,,0,0,
OECD.ITF:DSD_INFRINV@DF_INFRINV(1.0),MEX,A,INV,EUR,AIR,Q,2009,245979552.6,,,0,0,
OECD.ITF:DSD_INFRINV@DF_INFRINV(1.0),MEX,A,INV,EUR,AIR,Q,2010,317849025.2,,,0,0,
OECD.ITF:DSD_INFRINV@DF_INFRINV(1.0),MEX,A,INV,EUR,AIR,Q,2011,259487917.1,,,0,0,
OECD.ITF:DSD_INFRINV@DF_INFRINV(1.0),MEX,A,INV,EUR,AIR,Q,2012,217109882.9,,,0,0,
OECD.ITF:DSD_INFRINV@DF_INFRINV(1.0),MEX,A,INV,EUR,AIR,Q,2013,208587553.2,,,0,0,
OECD.ITF:DSD_INFRINV@DF_INFRINV(1.0),MEX,A,INV,EUR,AIR,Q,2014,234480616.9,,,0,0,
OECD.ITF:DSD_INFRINV@DF_INFRINV(1.0),MEX,A,INV,EUR,AIR,Q,2015,552903610.4,,,0,0,
OECD.ITF:DSD_INFRINV@DF_INFRINV(1.0),MEX,A,INV,EUR,AIR,Q,2016,779378686.5,,,0,0,
OECD.ITF:DSD_INFRINV@DF_INFRINV(1.0),MEX,A,INV,EUR,AIR,Q,2017,1537502868,,,0,0,
OECD.ITF:DSD_INFRINV@DF_INFRINV(1.0),MEX,A,INV,EUR,AIR,Q,2018,1558529194,,,0,0,
OECD.ITF:DSD_INFRINV@DF_INFRINV(1.0),MEX,A,INV,EUR,AIR,Q,2019,260440936.5,,,0,0,
OECD.ITF:DSD_INFRINV@DF_INFRINV(1.0),MEX,A,INV,EUR,AIR,Q,2020,405758794.8,,,0,0,
OECD.ITF:DSD_INFRINV@DF_INFRINV(1.0),MEX,A,INV,EUR,AIR,Q,2021,577673978,,,0,0,
OECD.ITF:DSD_INFRINV@DF_INFRINV(1.0),MEX,A,INV,EUR,AIR,Q,2022,490593255.9,,,0,0,
OECD.ITF:DSD_INFRINV@DF_INFRINV(1.0),MEX,A,INV,EUR,AIR,Q,2023,350592104.6,,,0,0,
OECD.ITF:DSD_INFRINV@DF_INFRINV(1.0),MEX,A,INV,EUR,AIR,Q,2024,525898698.6,,,0,0,
OECD.ITF:DSD_INFRINV@DF_INFRINV(1.0),NZL,A,INV,EUR,AIR,Q,2009,170670158.6,,,0,0,
OECD.ITF:DSD_INFRINV@DF_INFRINV(1.0),NZL,A,INV,EUR,AIR,Q,2010,81101251.54,,,0,0,
OECD.ITF:DSD_INFRINV@DF_INFRINV(1.0),NZL,A,INV,EUR,AIR,Q,2011,68314249.61,,,0,0,
OECD.ITF:DSD_INFRINV@DF_INFRINV(1.0),NZL,A,INV,EUR,AIR,Q,2012,75954529.89,,,0,0,
OECD.ITF:DSD_INFRINV@DF_INFRINV(1.0),NZL,A,INV,EUR,AIR,Q,2013,73285124.14,,,0,0,
OECD.ITF:DSD_INFRINV@DF_INFRINV(1.0),NZL,A,INV,EUR,AIR,Q,2014,90200161.02,,,0,0,
OECD.ITF:DSD_INFRINV@DF_INFRINV(1.0),NZL,A,INV,EUR,AIR,Q,2015,116816383.6,,,0,0,
OECD.ITF:DSD_INFRINV@DF_INFRINV(1.0),NZL,A,INV,EUR,AIR,Q,2016,217825315.5,,,0,0,
OECD.ITF:DSD_INFRINV@DF_INFRINV(1.0),NZL,A,INV,EUR,AIR,Q,2017,300444639.3,,,0,0,
OECD.ITF:DSD_INFRINV@DF_INFRINV(1.0),NZL,A,INV,EUR,AIR,Q,2018,368673558.3,,,0,0,
OECD.ITF:DSD_INFRINV@DF_INFRINV(1.0),NZL,A,INV,EUR,AIR,Q,2019,257688902.7,,,0,0,
OECD.ITF:DSD_INFRINV@DF_INFRINV(1.0),NOR,A,INV,EUR,AIR,Q,1995,127326182.4,,,0,0,
OECD.ITF:DSD_INFRINV@DF_INFRINV(1.0),NOR,A,INV,EUR,AIR,Q,1996,109058737.3,,,0,0,
OECD.ITF:DSD_INFRINV@DF_INFRINV(1.0),NOR,A,INV,EUR,AIR,Q,1997,137493227.2,,,0,0,
OECD.ITF:DSD_INFRINV@DF_INFRINV(1.0),NOR,A,INV,EUR,AIR,Q,1998,134920868.9,,,0,0,
OECD.ITF:DSD_INFRINV@DF_INFRINV(1.0),NOR,A,INV,EUR,AIR,Q,1999,119789413.5,,,0,0,
OECD.ITF:DSD_INFRINV@DF_INFRINV(1.0),NOR,A,INV,EUR,AIR,Q,2000,112459054.5,,,0,0,
OECD.ITF:DSD_INFRINV@DF_INFRINV(1.0),NOR,A,INV,EUR,AIR,Q,2001,107250505.1,,,0,0,
OECD.ITF:DSD_INFRINV@DF_INFRINV(1.0),NOR,A,INV,EUR,AIR,Q,2002,151070241.9,,,0,0,
OECD.ITF:DSD_INFRINV@DF_INFRINV(1.0),NOR,A,INV,EUR,AIR,Q,2003,107186138.6,,,0,0,
OECD.ITF:DSD_INFRINV@DF_INFRINV(1.0),NOR,A,INV,EUR,AIR,Q,2004,147181019.6,,,0,0,
OECD.ITF:DSD_INFRINV@DF_INFRINV(1.0),NOR,A,INV,EUR,AIR,Q,2005,27863160.55,,,0,0,
OECD.ITF:DSD_INFRINV@DF_INFRINV(1.0),NOR,A,INV,EUR,AIR,Q,2006,193804292.7,,,0,0,
OECD.ITF:DSD_INFRINV@DF_INFRINV(1.0),NOR,A,INV,EUR,AIR,Q,2007,280427968.3,,,0,0,
OECD.ITF:DSD_INFRINV@DF_INFRINV(1.0),NOR,A,INV,EUR,AIR,Q,2008,230587374.8,,,0,0,
OECD.ITF:DSD_INFRINV@DF_INFRINV(1.0),NOR,A,INV,EUR,AIR,Q,2009,295973882.7,,,0,0,
OECD.ITF:DSD_INFRINV@DF_INFRINV(1.0),NOR,A,INV,EUR,AIR,Q,2010,212204749.1,,,0,0,
OECD.ITF:DSD_INFRINV@DF_INFRINV(1.0),NOR,A,INV,EUR,AIR,Q,2011,151938430.3,,,0,0,
OECD.ITF:DSD_INFRINV@DF_INFRINV(1.0),NOR,A,INV,EUR,AIR,Q,2012,426474252.7,,,0,0,
OECD.ITF:DSD_INFRINV@DF_INFRINV(1.0),NOR,A,INV,EUR,AIR,Q,2013,440979260.9,,,0,0,
OECD.ITF:DSD_INFRINV@DF_INFRINV(1.0),NOR,A,INV,EUR,AIR,Q,2014,281982384.5,,,0,0,
OECD.ITF:DSD_INFRINV@DF_INFRINV(1.0),NOR,A,INV,EUR,AIR,Q,2015,265273941.2,,,0,0,
OECD.ITF:DSD_INFRINV@DF_INFRINV(1.0),NOR,A,INV,EUR,AIR,Q,2016,891175165.2,,,0,0,
OECD.ITF:DSD_INFRINV@DF_INFRINV(1.0),NOR,A,INV,EUR,AIR,Q,2017,659530231.5,,,0,0,
OECD.ITF:DSD_INFRINV@DF_INFRINV(1.0),NOR,A,INV,EUR,AIR,Q,2018,203411381.1,,,0,0,
OECD.ITF:DSD_INFRINV@DF_INFRINV(1.0),NOR,A,INV,EUR,AIR,Q,2019,326567871.2,,,0,0,
OECD.ITF:DSD_INFRINV@DF_INFRINV(1.0),NOR,A,INV,EUR,AIR,Q,2020,198609808.8,,,0,0,
OECD.ITF:DSD_INFRINV@DF_INFRINV(1.0),NOR,A,INV,EUR,AIR,Q,2021,217258484.5,,,0,0,
OECD.ITF:DSD_INFRINV@DF_INFRINV(1.0),NOR,A,INV,EUR,AIR,Q,2022,302062092.6,,,0,0,
OECD.ITF:DSD_INFRINV@DF_INFRINV(1.0),NOR,A,INV,EUR,AIR,Q,2023,322843390.2,,,0,0,
OECD.ITF:DSD_INFRINV@DF_INFRINV(1.0),POL,A,INV,EUR,AIR,Q,1995,49549668.8,,,0,0,
OECD.ITF:DSD_INFRINV@DF_INFRINV(1.0),POL,A,INV,EUR,AIR,Q,1996,54549008.35,,,0,0,
OECD.ITF:DSD_INFRINV@DF_INFRINV(1.0),POL,A,INV,EUR,AIR,Q,1997,78965461.97,,,0,0,
OECD.ITF:DSD_INFRINV@DF_INFRINV(1.0),POL,A,INV,EUR,AIR,Q,1998,64610543.75,,,0,0,
OECD.ITF:DSD_INFRINV@DF_INFRINV(1.0),POL,A,INV,EUR,AIR,Q,1999,68772974.86,,,0,0,
OECD.ITF:DSD_INFRINV@DF_INFRINV(1.0),POL,A,INV,EUR,AIR,Q,2000,95739720.55,,,0,0,
OECD.ITF:DSD_INFRINV@DF_INFRINV(1.0),POL,A,INV,EUR,AIR,Q,2001,107903033.9,,,0,0,
OECD.ITF:DSD_INFRINV@DF_INFRINV(1.0),POL,A,INV,EUR,AIR,Q,2002,72698388.32,,,0,0,
OECD.ITF:DSD_INFRINV@DF_INFRINV(1.0),POL,A,INV,EUR,AIR,Q,2003,53543718.07,,,0,0,
OECD.ITF:DSD_INFRINV@DF_INFRINV(1.0),POL,A,INV,EUR,AIR,Q,2004,67526482.86,,,0,0,
OECD.ITF:DSD_INFRINV@DF_INFRINV(1.0),POL,A,INV,EUR,AIR,Q,2005,156907678.2,,,0,0,
OECD.ITF:DSD_INFRINV@DF_INFRINV(1.0),POL,A,INV,EUR,AIR,Q,2006,151573980.9,,,0,0,
OECD.ITF:DSD_INFRINV@DF_INFRINV(1.0),POL,A,INV,EUR,AIR,Q,2007,90494377.24,,,0,0,
OECD.ITF:DSD_INFRINV@DF_INFRINV(1.0),POL,A,INV,EUR,AIR,Q,2008,75677026.21,,,0,0,
OECD.ITF:DSD_INFRINV@DF_INFRINV(1.0),POL,A,INV,EUR,AIR,Q,2009,71539265.65,,,0,0,
OECD.ITF:DSD_INFRINV@DF_INFRINV(1.0),POL,A,INV,EUR,AIR,Q,2010,135456504.3,,,0,0,
OECD.ITF:DSD_INFRINV@DF_INFRINV(1.0),POL,A,INV,EUR,AIR,Q,2011,211232512.5,,,0,0,
OECD.ITF:DSD_INFRINV@DF_INFRINV(1.0),POL,A,INV,EUR,AIR,Q,2012,149365001.2,,,0,0,
OECD.ITF:DSD_INFRINV@DF_INFRINV(1.0),POL,A,INV,EUR,AIR,Q,2013,156749286.8,,,0,0,
OECD.ITF:DSD_INFRINV@DF_INFRINV(1.0),POL,A,INV,EUR,AIR,Q,2014,240050493.5,,,0,0,
OECD.ITF:DSD_INFRINV@DF_INFRINV(1.0),POL,A,INV,EUR,AIR,Q,2015,302428994.9,,,0,0,
OECD.ITF:DSD_INFRINV@DF_INFRINV(1.0),POL,A,INV,EUR,AIR,Q,2016,72857191.34,,,0,0,
OECD.ITF:DSD_INFRINV@DF_INFRINV(1.0),POL,A,INV,EUR,AIR,Q,2017,43892685.59,,,0,0,
OECD.ITF:DSD_INFRINV@DF_INFRINV(1.0),POL,A,INV,EUR,AIR,Q,2018,54685835.59,,,0,0,
OECD.ITF:DSD_INFRINV@DF_INFRINV(1.0),POL,A,INV,EUR,AIR,Q,2019,145166322.7,,,0,0,
OECD.ITF:DSD_INFRINV@DF_INFRINV(1.0),POL,A,INV,EUR,AIR,Q,2020,120047787.1,,,0,0,
OECD.ITF:DSD_INFRINV@DF_INFRINV(1.0),POL,A,INV,EUR,AIR,Q,2021,173956071.7,,,0,0,
OECD.ITF:DSD_INFRINV@DF_INFRINV(1.0),POL,A,INV,EUR,AIR,Q,2022,76805830.68,,,0,0,
OECD.ITF:DSD_INFRINV@DF_INFRINV(1.0),POL,A,INV,EUR,AIR,Q,2023,59833465.89,,,0,0,
OECD.ITF:DSD_INFRINV@DF_INFRINV(1.0),POL,A,INV,EUR,AIR,Q,2024,75807967.37,,,0,0,
OECD.ITF:DSD_INFRINV@DF_INFRINV(1.0),PRT,A,INV,EUR,AIR,Q,1995,107530333.2,,,0,0,
OECD.ITF:DSD_INFRINV@DF_INFRINV(1.0),PRT,A,INV,EUR,AIR,Q,1996,148905155.3,,,0,0,
OECD.ITF:DSD_INFRINV@DF_INFRINV(1.0),PRT,A,INV,EUR,AIR,Q,1997,193128838.1,,,0,0,
OECD.ITF:DSD_INFRINV@DF_INFRINV(1.0),PRT,A,INV,EUR,AIR,Q,1998,268848456.7,,,0,0,
OECD.ITF:DSD_INFRINV@DF_INFRINV(1.0),PRT,A,INV,EUR,AIR,Q,2000,203904083.5,,,0,0,
OECD.ITF:DSD_INFRINV@DF_INFRINV(1.0),PRT,A,INV,EUR,AIR,Q,2001,225431859.3,,,0,0,
OECD.ITF:DSD_INFRINV@DF_INFRINV(1.0),PRT,A,INV,EUR,AIR,Q,2002,140889364.1,,,0,0,
OECD.ITF:DSD_INFRINV@DF_INFRINV(1.0),PRT,A,INV,EUR,AIR,Q,2003,108247485.4,,,0,0,
OECD.ITF:DSD_INFRINV@DF_INFRINV(1.0),PRT,A,INV,EUR,AIR,Q,2004,201919422.3,,,0,0,
OECD.ITF:DSD_INFRINV@DF_INFRINV(1.0),PRT,A,INV,EUR,AIR,Q,2005,154026529.3,,,0,0,
OECD.ITF:DSD_INFRINV@DF_INFRINV(1.0),PRT,A,INV,EUR,AIR,Q,2006,114738941.1,,,0,0,
OECD.ITF:DSD_INFRINV@DF_INFRINV(1.0),PRT,A,INV,EUR,AIR,Q,2007,88714825.11,,,0,0,
OECD.ITF:DSD_INFRINV@DF_INFRINV(1.0),PRT,A,INV,EUR,AIR,Q,2008,143558986.8,,,0,0,
OECD.ITF:DSD_INFRINV@DF_INFRINV(1.0),PRT,A,INV,EUR,AIR,Q,2009,158828664.9,,,0,0,
OECD.ITF:DSD_INFRINV@DF_INFRINV(1.0),PRT,A,INV,EUR,AIR,Q,2012,67224066.22,,,0,0,
OECD.ITF:DSD_INFRINV@DF_INFRINV(1.0),PRT,A,INV,EUR,AIR,Q,2013,54432108.78,,,0,0,
OECD.ITF:DSD_INFRINV@DF_INFRINV(1.0),PRT,A,INV,EUR,AIR,Q,2014,45883252.61,,,0,0,
OECD.ITF:DSD_INFRINV@DF_INFRINV(1.0),PRT,A,INV,EUR,AIR,Q,2015,80000000,,,0,0,
OECD.ITF:DSD_INFRINV@DF_INFRINV(1.0),PRT,A,INV,EUR,AIR,Q,2016,65289532.08,,,0,0,
OECD.ITF:DSD_INFRINV@DF_INFRINV(1.0),PRT,A,INV,EUR,AIR,Q,2017,73973794.9,,,0,0,
OECD.ITF:DSD_INFRINV@DF_INFRINV(1.0),PRT,A,INV,EUR,AIR,Q,2018,65508402.16,,,0,0,
OECD.ITF:DSD_INFRINV@DF_INFRINV(1.0),PRT,A,INV,EUR,AIR,Q,2019,71134232.07,,,0,0,
OECD.ITF:DSD_INFRINV@DF_INFRINV(1.0),PRT,A,INV,EUR,AIR,Q,2020,92770138.24,,,0,0,
OECD.ITF:DSD_INFRINV@DF_INFRINV(1.0),PRT,A,INV,EUR,AIR,Q,2021,38485635.01,,,0,0,
OECD.ITF:DSD_INFRINV@DF_INFRINV(1.0),PRT,A,INV,EUR,AIR,Q,2022,45885981.83,,,0,0,
OECD.ITF:DSD_INFRINV@DF_INFRINV(1.0),PRT,A,INV,EUR,AIR,Q,2023,76445709.32,,,0,0,
OECD.ITF:DSD_INFRINV@DF_INFRINV(1.0),PRT,A,INV,EUR,AIR,Q,2024,92122670.33,,,0,0,
OECD.ITF:DSD_INFRINV@DF_INFRINV(1.0),SVK,A,INV,EUR,AIR,Q,1995,11388548.81,,,0,0,
OECD.ITF:DSD_INFRINV@DF_INFRINV(1.0),SVK,A,INV,EUR,AIR,Q,1996,12380527.91,,,0,0,
OECD.ITF:DSD_INFRINV@DF_INFRINV(1.0),SVK,A,INV,EUR,AIR,Q,1997,13551359.65,,,0,0,
OECD.ITF:DSD_INFRINV@DF_INFRINV(1.0),SVK,A,INV,EUR,AIR,Q,1998,10380982.04,,,0,0,
OECD.ITF:DSD_INFRINV@DF_INFRINV(1.0),SVK,A,INV,EUR,AIR,Q,1999,9348415.444,,,0,0,
OECD.ITF:DSD_INFRINV@DF_INFRINV(1.0),SVK,A,INV,EUR,AIR,Q,2000,6999615.021,,,0,0,
OECD.ITF:DSD_INFRINV@DF_INFRINV(1.0),SVK,A,INV,EUR,AIR,Q,2001,6432936.636,,,0,0,
OECD.ITF:DSD_INFRINV@DF_INFRINV(1.0),SVK,A,INV,EUR,AIR,Q,2002,4568296.026,,,0,0,
OECD.ITF:DSD_INFRINV@DF_INFRINV(1.0),SVK,A,INV,EUR,AIR,Q,2003,8548348.032,,,0,0,
OECD.ITF:DSD_INFRINV@DF_INFRINV(1.0),SVK,A,INV,EUR,AIR,Q,2004,14634276.14,,,0,0,
OECD.ITF:DSD_INFRINV@DF_INFRINV(1.0),SVK,A,INV,EUR,AIR,Q,2005,35546979.14,,,0,0,
OECD.ITF:DSD_INFRINV@DF_INFRINV(1.0),SVK,A,INV,EUR,AIR,Q,2006,17078794.24,,,0,0,
OECD.ITF:DSD_INFRINV@DF_INFRINV(1.0),SVK,A,INV,EUR,AIR,Q,2007,18895331.67,,,0,0,
OECD.ITF:DSD_INFRINV@DF_INFRINV(1.0),SVK,A,INV,EUR,AIR,Q,2008,33585598.5,,,0,0,
OECD.ITF:DSD_INFRINV@DF_INFRINV(1.0),SVK,A,INV,EUR,AIR,Q,2009,60505218.58,,,0,0,
OECD.ITF:DSD_INFRINV@DF_INFRINV(1.0),SVK,A,INV,EUR,AIR,Q,2010,74117995.85,,,0,0,
OECD.ITF:DSD_INFRINV@DF_INFRINV(1.0),SVK,A,INV,EUR,AIR,Q,2011,34424485.2,,,0,0,
OECD.ITF:DSD_INFRINV@DF_INFRINV(1.0),SVK,A,INV,EUR,AIR,Q,2012,32164015.73,,,0,0,
OECD.ITF:DSD_INFRINV@DF_INFRINV(1.0),SVK,A,INV,EUR,AIR,Q,2013,4127966.976,,,0,0,
OECD.ITF:DSD_INFRINV@DF_INFRINV(1.0),SVK,A,INV,EUR,AIR,Q,2014,5091649.695,,,0,0,
OECD.ITF:DSD_INFRINV@DF_INFRINV(1.0),SVK,A,INV,EUR,AIR,Q,2015,4200000,,,0,0,
OECD.ITF:DSD_INFRINV@DF_INFRINV(1.0),SVK,A,INV,EUR,AIR,Q,2016,4743083.004,,,0,0,
OECD.ITF:DSD_INFRINV@DF_INFRINV(1.0),SVK,A,INV,EUR,AIR,Q,2017,3355704.698,,,0,0,
OECD.ITF:DSD_INFRINV@DF_INFRINV(1.0),SVK,A,INV,EUR,AIR,Q,2018,2690166.976,,,0,0,
OECD.ITF:DSD_INFRINV@DF_INFRINV(1.0),SVK,A,INV,EUR,AIR,Q,2020,10599478.71,,,0,0,
OECD.ITF:DSD_INFRINV@DF_INFRINV(1.0),SVK,A,INV,EUR,AIR,Q,2021,3344481.605,,,0,0,
OECD.ITF:DSD_INFRINV@DF_INFRINV(1.0),SVK,A,INV,EUR,AIR,Q,2022,3536067.893,,,0,0,
OECD.ITF:DSD_INFRINV@DF_INFRINV(1.0),SVK,A,INV,EUR,AIR,Q,2023,635324.0152,,,0,0,
OECD.ITF:DSD_INFRINV@DF_INFRINV(1.0),SVK,A,INV,EUR,AIR,Q,2024,602943.5705,,,0,0,
OECD.ITF:DSD_INFRINV@DF_INFRINV(1.0),SVN,A,INV,EUR,AIR,Q,2000,5199216.651,,,0,0,
OECD.ITF:DSD_INFRINV@DF_INFRINV(1.0),SVN,A,INV,EUR,AIR,Q,2001,3124902.347,,,0,0,
OECD.ITF:DSD_INFRINV@DF_INFRINV(1.0),SVN,A,INV,EUR,AIR,Q,2002,1512310.205,,,0,0,
OECD.ITF:DSD_INFRINV@DF_INFRINV(1.0),SVN,A,INV,EUR,AIR,Q,2003,2852253.28,,,0,0,
OECD.ITF:DSD_INFRINV@DF_INFRINV(1.0),SVN,A,INV,EUR,AIR,Q,2004,3976775.63,,,0,0,
OECD.ITF:DSD_INFRINV@DF_INFRINV(1.0),SVN,A,INV,EUR,AIR,Q,2005,1267234.388,,,0,0,
OECD.ITF:DSD_INFRINV@DF_INFRINV(1.0),SVN,A,INV,EUR,AIR,Q,2006,13136210.56,,,0,0,
OECD.ITF:DSD_INFRINV@DF_INFRINV(1.0),SVN,A,INV,EUR,AIR,Q,2007,26810549.95,,,0,0,
OECD.ITF:DSD_INFRINV@DF_INFRINV(1.0),SVN,A,INV,EUR,AIR,Q,2008,5243398.561,,,0,0,
OECD.ITF:DSD_INFRINV@DF_INFRINV(1.0),SVN,A,INV,EUR,AIR,Q,2009,14063480.39,,,0,0,
OECD.ITF:DSD_INFRINV@DF_INFRINV(1.0),SVN,A,INV,EUR,AIR,Q,2010,7167431.193,,,0,0,
OECD.ITF:DSD_INFRINV@DF_INFRINV(1.0),SVN,A,INV,EUR,AIR,Q,2011,2936800.063,,,0,0,
OECD.ITF:DSD_INFRINV@DF_INFRINV(1.0),SVN,A,INV,EUR,AIR,Q,2012,3962239.854,,,0,0,
OECD.ITF:DSD_INFRINV@DF_INFRINV(1.0),SVN,A,INV,EUR,AIR,Q,2013,4007373.567,,,0,0,
OECD.ITF:DSD_INFRINV@DF_INFRINV(1.0),SVN,A,INV,EUR,AIR,Q,2014,1007120.341,,,0,0,
OECD.ITF:DSD_INFRINV@DF_INFRINV(1.0),SVN,A,INV,EUR,AIR,Q,2015,1000000,,,0,0,
OECD.ITF:DSD_INFRINV@DF_INFRINV(1.0),SVN,A,INV,EUR,AIR,Q,2019,1824451.296,,,0,0,
OECD.ITF:DSD_INFRINV@DF_INFRINV(1.0),SVN,A,INV,EUR,AIR,Q,2021,8130477.909,,,0,0,
OECD.ITF:DSD_INFRINV@DF_INFRINV(1.0),SVN,A,INV,EUR,AIR,Q,2022,2133120.969,,,0,0,
OECD.ITF:DSD_INFRINV@DF_INFRINV(1.0),SVN,A,INV,EUR,AIR,Q,2023,2649024.166,,,0,0,
OECD.ITF:DSD_INFRINV@DF_INFRINV(1.0),SVN,A,INV,EUR,AIR,Q,2024,3834576.375,,,0,0,
OECD.ITF:DSD_INFRINV@DF_INFRINV(1.0),ESP,A,INV,EUR,AIR,Q,1995,758688203.6,,,0,0,
OECD.ITF:DSD_INFRINV@DF_INFRINV(1.0),ESP,A,INV,EUR,AIR,Q,1996,624341808.3,,,0,0,
OECD.ITF:DSD_INFRINV@DF_INFRINV(1.0),ESP,A,INV,EUR,AIR,Q,1997,764234424.8,,,0,0,
OECD.ITF:DSD_INFRINV@DF_INFRINV(1.0),ESP,A,INV,EUR,AIR,Q,1998,776751439.5,,,0,0,
OECD.ITF:DSD_INFRINV@DF_INFRINV(1.0),ESP,A,INV,EUR,AIR,Q,1999,753727674.9,,,0,0,
OECD.ITF:DSD_INFRINV@DF_INFRINV(1.0),ESP,A,INV,EUR,AIR,Q,2000,785910157.5,,,0,0,
OECD.ITF:DSD_INFRINV@DF_INFRINV(1.0),ESP,A,INV,EUR,AIR,Q,2001,1378160600,,,0,0,
OECD.ITF:DSD_INFRINV@DF_INFRINV(1.0),ESP,A,INV,EUR,AIR,Q,2002,1915111013,,,0,0,
OECD.ITF:DSD_INFRINV@DF_INFRINV(1.0),ESP,A,INV,EUR,AIR,Q,2003,3011531497,,,0,0,
OECD.ITF:DSD_INFRINV@DF_INFRINV(1.0),ESP,A,INV,EUR,AIR,Q,2004,2659154336,,,0,0,
OECD.ITF:DSD_INFRINV@DF_INFRINV(1.0),ESP,A,INV,EUR,AIR,Q,2005,1900667496,,,0,0,
OECD.ITF:DSD_INFRINV@DF_INFRINV(1.0),ESP,A,INV,EUR,AIR,Q,2006,2181510240,,,0,0,
OECD.ITF:DSD_INFRINV@DF_INFRINV(1.0),ESP,A,INV,EUR,AIR,Q,2007,2491422782,,,0,0,
OECD.ITF:DSD_INFRINV@DF_INFRINV(1.0),ESP,A,INV,EUR,AIR,Q,2008,2303694339,,,0,0,
OECD.ITF:DSD_INFRINV@DF_INFRINV(1.0),ESP,A,INV,EUR,AIR,Q,2009,1983265845,,,0,0,
OECD.ITF:DSD_INFRINV@DF_INFRINV(1.0),ESP,A,INV,EUR,AIR,Q,2010,1881500022,,,0,0,
OECD.ITF:DSD_INFRINV@DF_INFRINV(1.0),ESP,A,INV,EUR,AIR,Q,2011,1245901639,,,0,0,
OECD.ITF:DSD_INFRINV@DF_INFRINV(1.0),ESP,A,INV,EUR,AIR,Q,2012,916699880.4,,,0,0,
OECD.ITF:DSD_INFRINV@DF_INFRINV(1.0),ESP,A,INV,EUR,AIR,Q,2013,565239236.3,,,0,0,
OECD.ITF:DSD_INFRINV@DF_INFRINV(1.0),ESP,A,INV,EUR,AIR,Q,2014,355492008.8,,,0,0,
OECD.ITF:DSD_INFRINV@DF_INFRINV(1.0),ESP,A,INV,EUR,AIR,Q,2015,293000000,,,0,0,
OECD.ITF:DSD_INFRINV@DF_INFRINV(1.0),ESP,A,INV,EUR,AIR,Q,2016,390217716.7,,,0,0,
OECD.ITF:DSD_INFRINV@DF_INFRINV(1.0),ESP,A,INV,EUR,AIR,Q,2017,440201800.4,,,0,0,
OECD.ITF:DSD_INFRINV@DF_INFRINV(1.0),ESP,A,INV,EUR,AIR,Q,2018,592699327.6,,,0,0,
OECD.ITF:DSD_INFRINV@DF_INFRINV(1.0),ESP,A,INV,EUR,AIR,Q,2019,612668242.6,,,0,0,
OECD.ITF:DSD_INFRINV@DF_INFRINV(1.0),ESP,A,INV,EUR,AIR,Q,2020,622971311.1,,,0,0,
OECD.ITF:DSD_INFRINV@DF_INFRINV(1.0),ESP,A,INV,EUR,AIR,Q,2021,693549218.8,,,0,0,
OECD.ITF:DSD_INFRINV@DF_INFRINV(1.0),ESP,A,INV,EUR,AIR,Q,2022,576964532.5,,,0,0,
OECD.ITF:DSD_INFRINV@DF_INFRINV(1.0),ESP,A,INV,EUR,AIR,Q,2023,600196960.4,,,0,0,
OECD.ITF:DSD_INFRINV@DF_INFRINV(1.0),ESP,A,INV,EUR,AIR,Q,2024,686672745.9,,,0,0,
OECD.ITF:DSD_INFRINV@DF_INFRINV(1.0),SWE,A,INV,EUR,AIR,Q,1995,130074278.9,,,0,0,
OECD.ITF:DSD_INFRINV@DF_INFRINV(1.0),SWE,A,INV,EUR,AIR,Q,1996,147423692.1,,,0,0,
OECD.ITF:DSD_INFRINV@DF_INFRINV(1.0),SWE,A,INV,EUR,AIR,Q,1997,137876571.5,,,0,0,
OECD.ITF:DSD_INFRINV@DF_INFRINV(1.0),SWE,A,INV,EUR,AIR,Q,1998,155165533.2,,,0,0,
OECD.ITF:DSD_INFRINV@DF_INFRINV(1.0),SWE,A,INV,EUR,AIR,Q,1999,306057947,,,0,0,
OECD.ITF:DSD_INFRINV@DF_INFRINV(1.0),SWE,A,INV,EUR,AIR,Q,2000,445893375.2,,,0,0,
OECD.ITF:DSD_INFRINV@DF_INFRINV(1.0),SWE,A,INV,EUR,AIR,Q,2001,519986362.9,,,0,0,
OECD.ITF:DSD_INFRINV@DF_INFRINV(1.0),SWE,A,INV,EUR,AIR,Q,2002,325747933.5,,,0,0,
OECD.ITF:DSD_INFRINV@DF_INFRINV(1.0),SWE,A,INV,EUR,AIR,Q,2003,207401633.6,,,0,0,
OECD.ITF:DSD_INFRINV@DF_INFRINV(1.0),SWE,A,INV,EUR,AIR,Q,2004,108831251.5,,,0,0,
OECD.ITF:DSD_INFRINV@DF_INFRINV(1.0),SWE,A,INV,EUR,AIR,Q,2005,111977197.4,,,0,0,
OECD.ITF:DSD_INFRINV@DF_INFRINV(1.0),SWE,A,INV,EUR,AIR,Q,2006,109895480.1,,,0,0,
OECD.ITF:DSD_INFRINV@DF_INFRINV(1.0),SWE,A,INV,EUR,AIR,Q,2007,138729048.2,,,0,0,
OECD.ITF:DSD_INFRINV@DF_INFRINV(1.0),SWE,A,INV,EUR,AIR,Q,2008,126002498.2,,,0,0,
OECD.ITF:DSD_INFRINV@DF_INFRINV(1.0),SWE,A,INV,EUR,AIR,Q,2009,111193979.6,,,0,0,
OECD.ITF:DSD_INFRINV@DF_INFRINV(1.0),SWE,A,INV,EUR,AIR,Q,2011,129576957.7,,,0,0,
OECD.ITF:DSD_INFRINV@DF_INFRINV(1.0),SWE,A,INV,EUR,AIR,Q,2012,390776705.1,,,0,0,
OECD.ITF:DSD_INFRINV@DF_INFRINV(1.0),SWE,A,INV,EUR,AIR,Q,2013,274522670.9,,,0,0,
OECD.ITF:DSD_INFRINV@DF_INFRINV(1.0),SWE,A,INV,EUR,AIR,Q,2014,113456534.8,,,0,0,
OECD.ITF:DSD_INFRINV@DF_INFRINV(1.0),SWE,A,INV,EUR,AIR,Q,2015,131273718.5,,,0,0,
OECD.ITF:DSD_INFRINV@DF_INFRINV(1.0),SWE,A,INV,EUR,AIR,Q,2016,241760516.6,,,0,0,
OECD.ITF:DSD_INFRINV@DF_INFRINV(1.0),SWE,A,INV,EUR,AIR,Q,2017,419762297.4,,,0,0,
OECD.ITF:DSD_INFRINV@DF_INFRINV(1.0),SWE,A,INV,EUR,AIR,Q,2018,349472409.7,,,0,0,
OECD.ITF:DSD_INFRINV@DF_INFRINV(1.0),SWE,A,INV,EUR,AIR,Q,2019,379714321.5,,,0,0,
OECD.ITF:DSD_INFRINV@DF_INFRINV(1.0),SWE,A,INV,EUR,AIR,Q,2020,344264173.2,,,0,0,
OECD.ITF:DSD_INFRINV@DF_INFRINV(1.0),SWE,A,INV,EUR,AIR,Q,2021,199394438.9,,,0,0,
OECD.ITF:DSD_INFRINV@DF_INFRINV(1.0),SWE,A,INV,EUR,AIR,Q,2022,175083439,,,0,0,
OECD.ITF:DSD_INFRINV@DF_INFRINV(1.0),SWE,A,INV,EUR,AIR,Q,2023,177730623.8,,,0,0,
OECD.ITF:DSD_INFRINV@DF_INFRINV(1.0),SWE,A,INV,EUR,AIR,Q,2024,161480571.1,,,0,0,
OECD.ITF:DSD_INFRINV@DF_INFRINV(1.0),CHE,A,INV,EUR,AIR,Q,1998,268711515.7,,,0,0,
OECD.ITF:DSD_INFRINV@DF_INFRINV(1.0),CHE,A,INV,EUR,AIR,Q,1999,375381621,,,0,0,
OECD.ITF:DSD_INFRINV@DF_INFRINV(1.0),CHE,A,INV,EUR,AIR,Q,2000,735435401.7,,,0,0,
OECD.ITF:DSD_INFRINV@DF_INFRINV(1.0),CHE,A,INV,EUR,AIR,Q,2001,830446911.5,,,0,0,
OECD.ITF:DSD_INFRINV@DF_INFRINV(1.0),CHE,A,INV,EUR,AIR,Q,2002,701391363.3,,,0,0,
OECD.ITF:DSD_INFRINV@DF_INFRINV(1.0),CHE,A,INV,EUR,AIR,Q,2003,433204997,,,0,0,
OECD.ITF:DSD_INFRINV@DF_INFRINV(1.0),CHE,A,INV,EUR,AIR,Q,2004,269126313.9,,,0,0,
OECD.ITF:DSD_INFRINV@DF_INFRINV(1.0),CHE,A,INV,EUR,AIR,Q,2005,173192394,,,0,0,
OECD.ITF:DSD_INFRINV@DF_INFRINV(1.0),CHE,A,INV,EUR,AIR,Q,2009,253457738.1,,,0,0,
OECD.ITF:DSD_INFRINV@DF_INFRINV(1.0),CHE,A,INV,EUR,AIR,Q,2010,285743935.8,,,0,0,
OECD.ITF:DSD_INFRINV@DF_INFRINV(1.0),CHE,A,INV,EUR,AIR,Q,2011,386551936.2,,,0,0,
OECD.ITF:DSD_INFRINV@DF_INFRINV(1.0),CHE,A,INV,EUR,AIR,Q,2012,301216807.9,,,0,0,
OECD.ITF:DSD_INFRINV@DF_INFRINV(1.0),CHE,A,INV,EUR,AIR,Q,2013,337555929.2,,,0,0,
OECD.ITF:DSD_INFRINV@DF_INFRINV(1.0),CHE,A,INV,EUR,AIR,Q,2014,333727449.6,,,0,0,
OECD.ITF:DSD_INFRINV@DF_INFRINV(1.0),CHE,A,INV,EUR,AIR,Q,2015,213563132.3,,,0,0,
OECD.ITF:DSD_INFRINV@DF_INFRINV(1.0),CHE,A,INV,EUR,AIR,Q,2016,358211278.1,,,0,0,
OECD.ITF:DSD_INFRINV@DF_INFRINV(1.0),CHE,A,INV,EUR,AIR,Q,2017,340284888.3,,,0,0,
OECD.ITF:DSD_INFRINV@DF_INFRINV(1.0),CHE,A,INV,EUR,AIR,Q,2018,477249545,,,0,0,
OECD.ITF:DSD_INFRINV@DF_INFRINV(1.0),CHE,A,INV,EUR,AIR,Q,2019,564683890.2,,,0,0,
OECD.ITF:DSD_INFRINV@DF_INFRINV(1.0),CHE,A,INV,EUR,AIR,Q,2020,477310506.9,,,0,0,
OECD.ITF:DSD_INFRINV@DF_INFRINV(1.0),CHE,A,INV,EUR,AIR,Q,2021,284152421.6,,,0,0,
OECD.ITF:DSD_INFRINV@DF_INFRINV(1.0),CHE,A,INV,EUR,AIR,Q,2022,230521856.9,,,0,0,
OECD.ITF:DSD_INFRINV@DF_INFRINV(1.0),CHE,A,INV,EUR,AIR,Q,2023,370173357.5,,,0,0,
OECD.ITF:DSD_INFRINV@DF_INFRINV(1.0),CHE,A,INV,EUR,AIR,Q,2024,396036416.7,,,0,0,
OECD.ITF:DSD_INFRINV@DF_INFRINV(1.0),TUR,A,INV,EUR,AIR,Q,1995,113905592.8,,,0,0,
OECD.ITF:DSD_INFRINV@DF_INFRINV(1.0),TUR,A,INV,EUR,AIR,Q,1996,175791291.8,,,0,0,
OECD.ITF:DSD_INFRINV@DF_INFRINV(1.0),TUR,A,INV,EUR,AIR,Q,1997,291500195.6,,,0,0,
OECD.ITF:DSD_INFRINV@DF_INFRINV(1.0),TUR,A,INV,EUR,AIR,Q,1998,422512882.5,,,0,0,
OECD.ITF:DSD_INFRINV@DF_INFRINV(1.0),TUR,A,INV,EUR,AIR,Q,1999,272136567.2,,,0,0,
OECD.ITF:DSD_INFRINV@DF_INFRINV(1.0),TUR,A,INV,EUR,AIR,Q,2000,521488361.6,,,0,0,
OECD.ITF:DSD_INFRINV@DF_INFRINV(1.0),TUR,A,INV,EUR,AIR,Q,2001,171700538.2,,,0,0,
OECD.ITF:DSD_INFRINV@DF_INFRINV(1.0),TUR,A,INV,EUR,AIR,Q,2002,132979967.4,,,0,0,
OECD.ITF:DSD_INFRINV@DF_INFRINV(1.0),TUR,A,INV,EUR,AIR,Q,2003,156125399.1,,,0,0,
OECD.ITF:DSD_INFRINV@DF_INFRINV(1.0),TUR,A,INV,EUR,AIR,Q,2004,275669610.5,,,0,0,
OECD.ITF:DSD_INFRINV@DF_INFRINV(1.0),TUR,A,INV,EUR,AIR,Q,2005,319724747.5,,,0,0,
OECD.ITF:DSD_INFRINV@DF_INFRINV(1.0),TUR,A,INV,EUR,AIR,Q,2006,300222906.9,,,0,0,
OECD.ITF:DSD_INFRINV@DF_INFRINV(1.0),TUR,A,INV,EUR,AIR,Q,2007,294073267.2,,,0,0,
OECD.ITF:DSD_INFRINV@DF_INFRINV(1.0),TUR,A,INV,EUR,AIR,Q,2008,145711881.7,,,0,0,
OECD.ITF:DSD_INFRINV@DF_INFRINV(1.0),TUR,A,INV,EUR,AIR,Q,2009,340726366.3,,,0,0,
OECD.ITF:DSD_INFRINV@DF_INFRINV(1.0),TUR,A,INV,EUR,AIR,Q,2010,431916481.4,,,0,0,
OECD.ITF:DSD_INFRINV@DF_INFRINV(1.0),TUR,A,INV,EUR,AIR,Q,2011,434050316.9,,,0,0,
OECD.ITF:DSD_INFRINV@DF_INFRINV(1.0),TUR,A,INV,EUR,AIR,Q,2012,418888082.7,,,0,0,
OECD.ITF:DSD_INFRINV@DF_INFRINV(1.0),TUR,A,INV,EUR,AIR,Q,2013,511622620.6,,,0,0,
OECD.ITF:DSD_INFRINV@DF_INFRINV(1.0),TUR,A,INV,EUR,AIR,Q,2014,514225053.4,,,0,0,
OECD.ITF:DSD_INFRINV@DF_INFRINV(1.0),TUR,A,INV,EUR,AIR,Q,2015,1638324995,,,0,0,
OECD.ITF:DSD_INFRINV@DF_INFRINV(1.0),TUR,A,INV,EUR,AIR,Q,2016,2106366005,,,0,0,
OECD.ITF:DSD_INFRINV@DF_INFRINV(1.0),TUR,A,INV,EUR,AIR,Q,2017,2607916818,,,0,0,
OECD.ITF:DSD_INFRINV@DF_INFRINV(1.0),TUR,A,INV,EUR,AIR,Q,2018,2439110787,,,0,0,
OECD.ITF:DSD_INFRINV@DF_INFRINV(1.0),TUR,A,INV,EUR,AIR,Q,2019,403016913.5,,,0,0,
OECD.ITF:DSD_INFRINV@DF_INFRINV(1.0),TUR,A,INV,EUR,AIR,Q,2020,379051830.8,,,0,0,
OECD.ITF:DSD_INFRINV@DF_INFRINV(1.0),TUR,A,INV,EUR,AIR,Q,2021,373877269.5,,,0,0,
OECD.ITF:DSD_INFRINV@DF_INFRINV(1.0),TUR,A,INV,EUR,AIR,Q,2022,426452033.5,,,0,0,
OECD.ITF:DSD_INFRINV@DF_INFRINV(1.0),TUR,A,INV,EUR,AIR,Q,2023,529867352.7,,,0,0,
OECD.ITF:DSD_INFRINV@DF_INFRINV(1.0),TUR,A,INV,EUR,AIR,Q,2024,530768387.7,,,0,0,
OECD.ITF:DSD_INFRINV@DF_INFRINV(1.0),GBR,A,INV,EUR,AIR,Q,1997,1722507447,,,0,0,
OECD.ITF:DSD_INFRINV@DF_INFRINV(1.0),GBR,A,INV,EUR,AIR,Q,1998,1482204542,,,0,0,
OECD.ITF:DSD_INFRINV@DF_INFRINV(1.0),GBR,A,INV,EUR,AIR,Q,1999,1473107750,,,0,0,
OECD.ITF:DSD_INFRINV@DF_INFRINV(1.0),GBR,A,INV,EUR,AIR,Q,2000,1431590983,,,0,0,
OECD.ITF:DSD_INFRINV@DF_INFRINV(1.0),GBR,A,INV,EUR,AIR,Q,2001,1299854382,,,0,0,
OECD.ITF:DSD_INFRINV@DF_INFRINV(1.0),GBR,A,INV,EUR,AIR,Q,2002,1603299177,,,0,0,
OECD.ITF:DSD_INFRINV@DF_INFRINV(1.0),GBR,A,INV,EUR,AIR,Q,2003,2751807869,,,0,0,
OECD.ITF:DSD_INFRINV@DF_INFRINV(1.0),GBR,A,INV,EUR,AIR,Q,2004,2828649638,,,0,0,
OECD.ITF:DSD_INFRINV@DF_INFRINV(1.0),GBR,A,INV,EUR,AIR,Q,2005,3235253328,,,0,0,
OECD.ITF:DSD_INFRINV@DF_INFRINV(1.0),USA,A,INV,EUR,AIR,Q,1995,10697341316,,,0,0,
OECD.ITF:DSD_INFRINV@DF_INFRINV(1.0),USA,A,INV,EUR,AIR,Q,1996,12526090776,,,0,0,
OECD.ITF:DSD_INFRINV@DF_INFRINV(1.0),USA,A,INV,EUR,AIR,Q,1997,12547637100,,,0,0,
OECD.ITF:DSD_INFRINV@DF_INFRINV(1.0),USA,A,INV,EUR,AIR,Q,1998,16505258709,,,0,0,
OECD.ITF:DSD_INFRINV@DF_INFRINV(1.0),USA,A,INV,EUR,AIR,Q,1999,18671700407,,,0,0,
OECD.ITF:DSD_INFRINV@DF_INFRINV(1.0),USA,A,INV,EUR,AIR,Q,2000,18185760514,,,0,0,
OECD.ITF:DSD_INFRINV@DF_INFRINV(1.0),USA,A,INV,EUR,AIR,Q,2001,20002665162,,,0,0,
OECD.ITF:DSD_INFRINV@DF_INFRINV(1.0),USA,A,INV,EUR,AIR,Q,2002,20277349208,,,0,0,
OECD.ITF:DSD_INFRINV@DF_INFRINV(1.0),USA,A,INV,EUR,AIR,Q,2003,19075496689,,,0,0,
OECD.ITF:DSD_INFRINV@DF_INFRINV(1.0),ALB,A,INV,EUR,AIR,Q,1996,10017157.72,,,0,0,
OECD.ITF:DSD_INFRINV@DF_INFRINV(1.0),ALB,A,INV,EUR,AIR,Q,1997,32835057.85,,,0,0,
OECD.ITF:DSD_INFRINV@DF_INFRINV(1.0),ALB,A,INV,EUR,AIR,Q,1998,18158413.99,,,0,0,
OECD.ITF:DSD_INFRINV@DF_INFRINV(1.0),ALB,A,INV,EUR,AIR,Q,1999,1764357.675,,,0,0,
OECD.ITF:DSD_INFRINV@DF_INFRINV(1.0),ALB,A,INV,EUR,AIR,Q,2000,1945177.134,,,0,0,
OECD.ITF:DSD_INFRINV@DF_INFRINV(1.0),ALB,A,INV,EUR,AIR,Q,2001,3003483.105,,,0,0,
OECD.ITF:DSD_INFRINV@DF_INFRINV(1.0),ALB,A,INV,EUR,AIR,Q,2003,7266474.159,,,0,0,
OECD.ITF:DSD_INFRINV@DF_INFRINV(1.0),ALB,A,INV,EUR,AIR,Q,2004,7499812.856,,,0,0,
OECD.ITF:DSD_INFRINV@DF_INFRINV(1.0),ALB,A,INV,EUR,AIR,Q,2005,7271249.627,,,0,0,
OECD.ITF:DSD_INFRINV@DF_INFRINV(1.0),ALB,A,INV,EUR,AIR,Q,2006,1470149.552,,,0,0,
OECD.ITF:DSD_INFRINV@DF_INFRINV(1.0),ALB,A,INV,EUR,AIR,Q,2007,1820080.437,,,0,0,
OECD.ITF:DSD_INFRINV@DF_INFRINV(1.0),ALB,A,INV,EUR,AIR,Q,2008,119901.4101,,,0,0,
OECD.ITF:DSD_INFRINV@DF_INFRINV(1.0),ALB,A,INV,EUR,AIR,Q,2020,237479.7401,,,0,0,
OECD.ITF:DSD_INFRINV@DF_INFRINV(1.0),ALB,A,INV,EUR,AIR,Q,2021,618583.2229,,,0,0,
OECD.ITF:DSD_INFRINV@DF_INFRINV(1.0),ALB,A,INV,EUR,AIR,Q,2022,459922.0263,,,0,0,
OECD.ITF:DSD_INFRINV@DF_INFRINV(1.0),ALB,A,INV,EUR,AIR,Q,2023,66722.1021,,,0,0,
OECD.ITF:DSD_INFRINV@DF_INFRINV(1.0),ALB,A,INV,EUR,AIR,Q,2024,10466.138,,,0,0,
OECD.ITF:DSD_INFRINV@DF_INFRINV(1.0),AZE,A,INV,EUR,AIR,Q,2006,115308036.4,,,0,0,
OECD.ITF:DSD_INFRINV@DF_INFRINV(1.0),AZE,A,INV,EUR,AIR,Q,2007,85537072.33,,,0,0,
OECD.ITF:DSD_INFRINV@DF_INFRINV(1.0),AZE,A,INV,EUR,AIR,Q,2008,91850903.44,,,0,0,
OECD.ITF:DSD_INFRINV@DF_INFRINV(1.0),AZE,A,INV,EUR,AIR,Q,2009,29392289.1,,,0,0,
OECD.ITF:DSD_INFRINV@DF_INFRINV(1.0),AZE,A,INV,EUR,AIR,Q,2010,196560933.4,,,0,0,
OECD.ITF:DSD_INFRINV@DF_INFRINV(1.0),AZE,A,INV,EUR,AIR,Q,2011,165001386.1,,,0,0,
OECD.ITF:DSD_INFRINV@DF_INFRINV(1.0),AZE,A,INV,EUR,AIR,Q,2012,255794565.3,,,0,0,
OECD.ITF:DSD_INFRINV@DF_INFRINV(1.0),AZE,A,INV,EUR,AIR,Q,2013,258515618.6,,,0,0,
OECD.ITF:DSD_INFRINV@DF_INFRINV(1.0),AZE,A,INV,EUR,AIR,Q,2014,73409257.75,,,0,0,
OECD.ITF:DSD_INFRINV@DF_INFRINV(1.0),AZE,A,INV,EUR,AIR,Q,2015,349810556,,,0,0,
OECD.ITF:DSD_INFRINV@DF_INFRINV(1.0),AZE,A,INV,EUR,AIR,Q,2016,8664059.998,,,0,0,
OECD.ITF:DSD_INFRINV@DF_INFRINV(1.0),AZE,A,INV,EUR,AIR,Q,2017,335543248.7,,,0,0,
OECD.ITF:DSD_INFRINV@DF_INFRINV(1.0),AZE,A,INV,EUR,AIR,Q,2018,31727983.06,,,0,0,
OECD.ITF:DSD_INFRINV@DF_INFRINV(1.0),AZE,A,INV,EUR,AIR,Q,2019,27251429.64,,,0,0,
OECD.ITF:DSD_INFRINV@DF_INFRINV(1.0),AZE,A,INV,EUR,AIR,Q,2020,86949161.85,,,0,0,
OECD.ITF:DSD_INFRINV@DF_INFRINV(1.0),AZE,A,INV,EUR,AIR,Q,2021,112811544.1,,,0,0,
OECD.ITF:DSD_INFRINV@DF_INFRINV(1.0),AZE,A,INV,EUR,AIR,Q,2022,66311246.43,,,0,0,
OECD.ITF:DSD_INFRINV@DF_INFRINV(1.0),AZE,A,INV,EUR,AIR,Q,2023,729819079.3,,,0,0,
OECD.ITF:DSD_INFRINV@DF_INFRINV(1.0),AZE,A,INV,EUR,AIR,Q,2024,130999427.9,,,0,0,
OECD.ITF:DSD_INFRINV@DF_INFRINV(1.0),BGR,A,INV,EUR,AIR,Q,2003,25078310.24,,,0,0,
OECD.ITF:DSD_INFRINV@DF_INFRINV(1.0),BGR,A,INV,EUR,AIR,Q,2004,56354994.22,,,0,0,
OECD.ITF:DSD_INFRINV@DF_INFRINV(1.0),BGR,A,INV,EUR,AIR,Q,2005,78701495.37,,,0,0,
OECD.ITF:DSD_INFRINV@DF_INFRINV(1.0),BGR,A,INV,EUR,AIR,Q,2006,20524553.18,,,0,0,
OECD.ITF:DSD_INFRINV@DF_INFRINV(1.0),BGR,A,INV,EUR,AIR,Q,2007,41719437.24,,,0,0,
OECD.ITF:DSD_INFRINV@DF_INFRINV(1.0),BGR,A,INV,EUR,AIR,Q,2008,15003415.33,,,0,0,
OECD.ITF:DSD_INFRINV@DF_INFRINV(1.0),BGR,A,INV,EUR,AIR,Q,2009,5181496.624,,,0,0,
OECD.ITF:DSD_INFRINV@DF_INFRINV(1.0),BGR,A,INV,EUR,AIR,Q,2010,8426252.312,,,0,0,
OECD.ITF:DSD_INFRINV@DF_INFRINV(1.0),BGR,A,INV,EUR,AIR,Q,2011,40339022.05,,,0,0,
OECD.ITF:DSD_INFRINV@DF_INFRINV(1.0),BGR,A,INV,EUR,AIR,Q,2012,27934115.42,,,0,0,
OECD.ITF:DSD_INFRINV@DF_INFRINV(1.0),BGR,A,INV,EUR,AIR,Q,2013,48885404.25,,,0,0,
OECD.ITF:DSD_INFRINV@DF_INFRINV(1.0),BGR,A,INV,EUR,AIR,Q,2014,7240301.15,,,0,0,
OECD.ITF:DSD_INFRINV@DF_INFRINV(1.0),BGR,A,INV,EUR,AIR,Q,2015,4601697.515,,,0,0,
OECD.ITF:DSD_INFRINV@DF_INFRINV(1.0),BGR,A,INV,EUR,AIR,Q,2016,26916659.58,,,0,0,
OECD.ITF:DSD_INFRINV@DF_INFRINV(1.0),BGR,A,INV,EUR,AIR,Q,2017,10398007.23,,,0,0,
OECD.ITF:DSD_INFRINV@DF_INFRINV(1.0),BGR,A,INV,EUR,AIR,Q,2018,5782134.787,,,0,0,
OECD.ITF:DSD_INFRINV@DF_INFRINV(1.0),BGR,A,INV,EUR,AIR,Q,2019,4574652.171,,,0,0,
OECD.ITF:DSD_INFRINV@DF_INFRINV(1.0),BGR,A,INV,EUR,AIR,Q,2020,1792163.352,,,0,0,
OECD.ITF:DSD_INFRINV@DF_INFRINV(1.0),BGR,A,INV,EUR,AIR,Q,2021,1609315.73,,,0,0,
OECD.ITF:DSD_INFRINV@DF_INFRINV(1.0),BGR,A,INV,EUR,AIR,Q,2022,2856800.27,,,0,0,
OECD.ITF:DSD_INFRINV@DF_INFRINV(1.0),BGR,A,INV,EUR,AIR,Q,2023,13180130.95,,,0,0,
OECD.ITF:DSD_INFRINV@DF_INFRINV(1.0),BGR,A,INV,EUR,AIR,Q,2024,12030986.14,,,0,0,
OECD.ITF:DSD_INFRINV@DF_INFRINV(1.0),HRV,A,INV,EUR,AIR,Q,1995,11559430.17,,,0,0,
OECD.ITF:DSD_INFRINV@DF_INFRINV(1.0),HRV,A,INV,EUR,AIR,Q,1996,26469852.38,,,0,0,
OECD.ITF:DSD_INFRINV@DF_INFRINV(1.0),HRV,A,INV,EUR,AIR,Q,1997,19904023.86,,,0,0,
OECD.ITF:DSD_INFRINV@DF_INFRINV(1.0),HRV,A,INV,EUR,AIR,Q,1998,16901640.76,,,0,0,
OECD.ITF:DSD_INFRINV@DF_INFRINV(1.0),HRV,A,INV,EUR,AIR,Q,1999,27695366.15,,,0,0,
OECD.ITF:DSD_INFRINV@DF_INFRINV(1.0),HRV,A,INV,EUR,AIR,Q,2000,8120510.282,,,0,0,
OECD.ITF:DSD_INFRINV@DF_INFRINV(1.0),HRV,A,INV,EUR,AIR,Q,2001,9881430.098,,,0,0,
OECD.ITF:DSD_INFRINV@DF_INFRINV(1.0),HRV,A,INV,EUR,AIR,Q,2002,12627021.73,,,0,0,
OECD.ITF:DSD_INFRINV@DF_INFRINV(1.0),HRV,A,INV,EUR,AIR,Q,2003,40529530.63,,,0,0,
OECD.ITF:DSD_INFRINV@DF_INFRINV(1.0),HRV,A,INV,EUR,AIR,Q,2004,15069246.11,,,0,0,
OECD.ITF:DSD_INFRINV@DF_INFRINV(1.0),HRV,A,INV,EUR,AIR,Q,2005,23152763.88,,,0,0,
OECD.ITF:DSD_INFRINV@DF_INFRINV(1.0),HRV,A,INV,EUR,AIR,Q,2006,28136988.79,,,0,0,
OECD.ITF:DSD_INFRINV@DF_INFRINV(1.0),HRV,A,INV,EUR,AIR,Q,2007,22129815.14,,,0,0,
OECD.ITF:DSD_INFRINV@DF_INFRINV(1.0),HRV,A,INV,EUR,AIR,Q,2008,21401344.59,,,0,0,
OECD.ITF:DSD_INFRINV@DF_INFRINV(1.0),HRV,A,INV,EUR,AIR,Q,2009,28592029.98,,,0,0,
OECD.ITF:DSD_INFRINV@DF_INFRINV(1.0),HRV,A,INV,EUR,AIR,Q,2010,28331520.51,,,0,0,
OECD.ITF:DSD_INFRINV@DF_INFRINV(1.0),HRV,A,INV,EUR,AIR,Q,2011,18758639.03,,,0,0,
OECD.ITF:DSD_INFRINV@DF_INFRINV(1.0),HRV,A,INV,EUR,AIR,Q,2012,15682571.44,,,0,0,
OECD.ITF:DSD_INFRINV@DF_INFRINV(1.0),HRV,A,INV,EUR,AIR,Q,2013,16233252.76,,,0,0,
OECD.ITF:DSD_INFRINV@DF_INFRINV(1.0),HRV,A,INV,EUR,AIR,Q,2014,79068115.47,,,0,0,
OECD.ITF:DSD_INFRINV@DF_INFRINV(1.0),HRV,A,INV,EUR,AIR,Q,2015,141217068.2,,,0,0,
OECD.ITF:DSD_INFRINV@DF_INFRINV(1.0),HRV,A,INV,EUR,AIR,Q,2016,175833104.5,,,0,0,
OECD.ITF:DSD_INFRINV@DF_INFRINV(1.0),HRV,A,INV,EUR,AIR,Q,2017,64365547.86,,,0,0,
OECD.ITF:DSD_INFRINV@DF_INFRINV(1.0),HRV,A,INV,EUR,AIR,Q,2018,93797037.75,,,0,0,
OECD.ITF:DSD_INFRINV@DF_INFRINV(1.0),HRV,A,INV,EUR,AIR,Q,2019,107214358.2,,,0,0,
OECD.ITF:DSD_INFRINV@DF_INFRINV(1.0),HRV,A,INV,EUR,AIR,Q,2020,20873279.22,,,0,0,
OECD.ITF:DSD_INFRINV@DF_INFRINV(1.0),HRV,A,INV,EUR,AIR,Q,2021,5265028.933,,,0,0,
OECD.ITF:DSD_INFRINV@DF_INFRINV(1.0),HRV,A,INV,EUR,AIR,Q,2022,6801705.263,,,0,0,
OECD.ITF:DSD_INFRINV@DF_INFRINV(1.0),HRV,A,INV,EUR,AIR,Q,2023,23332929.75,,,0,0,
OECD.ITF:DSD_INFRINV@DF_INFRINV(1.0),HRV,A,INV,EUR,AIR,Q,2024,23175642.4,,,0,0,
OECD.ITF:DSD_INFRINV@DF_INFRINV(1.0),GEO,A,INV,EUR,AIR,Q,1996,14917877.49,,,0,0,
OECD.ITF:DSD_INFRINV@DF_INFRINV(1.0),GEO,A,INV,EUR,AIR,Q,1997,2333742.553,,,0,0,
OECD.ITF:DSD_INFRINV@DF_INFRINV(1.0),GEO,A,INV,EUR,AIR,Q,2006,80399153.79,,,0,0,
OECD.ITF:DSD_INFRINV@DF_INFRINV(1.0),GEO,A,INV,EUR,AIR,Q,2007,37314647.53,,,0,0,
OECD.ITF:DSD_INFRINV@DF_INFRINV(1.0),GEO,A,INV,EUR,AIR,Q,2009,179482.8298,,,0,0,
OECD.ITF:DSD_INFRINV@DF_INFRINV(1.0),GEO,A,INV,EUR,AIR,Q,2010,9323001.607,,,0,0,
OECD.ITF:DSD_INFRINV@DF_INFRINV(1.0),GEO,A,INV,EUR,AIR,Q,2011,10001300.38,,,0,0,
OECD.ITF:DSD_INFRINV@DF_INFRINV(1.0),GEO,A,INV,EUR,AIR,Q,2012,35527079.52,,,0,0,
OECD.ITF:DSD_INFRINV@DF_INFRINV(1.0),GEO,A,INV,EUR,AIR,Q,2013,12387199.1,,,0,0,
OECD.ITF:DSD_INFRINV@DF_INFRINV(1.0),GEO,A,INV,EUR,AIR,Q,2014,6225479.729,,,0,0,
OECD.ITF:DSD_INFRINV@DF_INFRINV(1.0),GEO,A,INV,EUR,AIR,Q,2015,10982036.01,,,0,0,
OECD.ITF:DSD_INFRINV@DF_INFRINV(1.0),GEO,A,INV,EUR,AIR,Q,2016,56790193.42,,,0,0,
OECD.ITF:DSD_INFRINV@DF_INFRINV(1.0),GEO,A,INV,EUR,AIR,Q,2017,37140729.4,,,0,0,
OECD.ITF:DSD_INFRINV@DF_INFRINV(1.0),GEO,A,INV,EUR,AIR,Q,2018,18963649.08,,,0,0,
OECD.ITF:DSD_INFRINV@DF_INFRINV(1.0),GEO,A,INV,EUR,AIR,Q,2019,19366128.38,,,0,0,
OECD.ITF:DSD_INFRINV@DF_INFRINV(1.0),IND,A,INV,EUR,AIR,Q,2004,6920506.754,,,0,0,
OECD.ITF:DSD_INFRINV@DF_INFRINV(1.0),IND,A,INV,EUR,AIR,Q,2005,98141942.51,,,0,0,
OECD.ITF:DSD_INFRINV@DF_INFRINV(1.0),IND,A,INV,EUR,AIR,Q,2006,5705728.486,,,0,0,
OECD.ITF:DSD_INFRINV@DF_INFRINV(1.0),IND,A,INV,EUR,AIR,Q,2007,23509259.23,,,0,0,
OECD.ITF:DSD_INFRINV@DF_INFRINV(1.0),IND,A,INV,EUR,AIR,Q,2008,30453843.26,,,0,0,
OECD.ITF:DSD_INFRINV@DF_INFRINV(1.0),IND,A,INV,EUR,AIR,Q,2009,185900029.9,,,0,0,
OECD.ITF:DSD_INFRINV@DF_INFRINV(1.0),IND,A,INV,EUR,AIR,Q,2010,237196835.8,,,0,0,
OECD.ITF:DSD_INFRINV@DF_INFRINV(1.0),IND,A,INV,EUR,AIR,Q,2011,212629701.4,,,0,0,
OECD.ITF:DSD_INFRINV@DF_INFRINV(1.0),IND,A,INV,EUR,AIR,Q,2012,966359180.2,,,0,0,
OECD.ITF:DSD_INFRINV@DF_INFRINV(1.0),IND,A,INV,EUR,AIR,Q,2013,919889985.8,,,0,0,
OECD.ITF:DSD_INFRINV@DF_INFRINV(1.0),IND,A,INV,EUR,AIR,Q,2014,852451429.8,,,0,0,
OECD.ITF:DSD_INFRINV@DF_INFRINV(1.0),IND,A,INV,EUR,AIR,Q,2015,484091293.9,,,0,0,
OECD.ITF:DSD_INFRINV@DF_INFRINV(1.0),IND,A,INV,EUR,AIR,Q,2016,248947042.9,,,0,0,
OECD.ITF:DSD_INFRINV@DF_INFRINV(1.0),MDA,A,INV,EUR,AIR,Q,1996,486002.4309,,,0,0,
OECD.ITF:DSD_INFRINV@DF_INFRINV(1.0),MDA,A,INV,EUR,AIR,Q,1997,431977.8188,,,0,0,
OECD.ITF:DSD_INFRINV@DF_INFRINV(1.0),MDA,A,INV,EUR,AIR,Q,1998,1973109.029,,,0,0,
OECD.ITF:DSD_INFRINV@DF_INFRINV(1.0),MDA,A,INV,EUR,AIR,Q,1999,3952449.418,,,0,0,
OECD.ITF:DSD_INFRINV@DF_INFRINV(1.0),MDA,A,INV,EUR,AIR,Q,2000,17516350.73,,,0,0,
OECD.ITF:DSD_INFRINV@DF_INFRINV(1.0),MDA,A,INV,EUR,AIR,Q,2001,3560687.119,,,0,0,
OECD.ITF:DSD_INFRINV@DF_INFRINV(1.0),MDA,A,INV,EUR,AIR,Q,2002,4682890.919,,,0,0,
OECD.ITF:DSD_INFRINV@DF_INFRINV(1.0),MDA,A,INV,EUR,AIR,Q,2003,2979299.714,,,0,0,
OECD.ITF:DSD_INFRINV@DF_INFRINV(1.0),MDA,A,INV,EUR,AIR,Q,2004,2468497.043,,,0,0,
OECD.ITF:DSD_INFRINV@DF_INFRINV(1.0),MDA,A,INV,EUR,AIR,Q,2005,2523169.018,,,0,0,
OECD.ITF:DSD_INFRINV@DF_INFRINV(1.0),MDA,A,INV,EUR,AIR,Q,2006,3278399.508,,,0,0,
OECD.ITF:DSD_INFRINV@DF_INFRINV(1.0),MDA,A,INV,EUR,AIR,Q,2007,6262999.892,,,0,0,
OECD.ITF:DSD_INFRINV@DF_INFRINV(1.0),MDA,A,INV,EUR,AIR,Q,2008,16736677.06,,,0,0,
OECD.ITF:DSD_INFRINV@DF_INFRINV(1.0),MDA,A,INV,EUR,AIR,Q,2009,5068261.231,,,0,0,
OECD.ITF:DSD_INFRINV@DF_INFRINV(1.0),MDA,A,INV,EUR,AIR,Q,2011,1819834.209,,,0,0,
OECD.ITF:DSD_INFRINV@DF_INFRINV(1.0),MDA,A,INV,EUR,AIR,Q,2013,56210.52962,,,0,0,
OECD.ITF:DSD_INFRINV@DF_INFRINV(1.0),MDA,A,INV,EUR,AIR,Q,2014,6629167.293,,,0,0,
OECD.ITF:DSD_INFRINV@DF_INFRINV(1.0),MDA,A,INV,EUR,AIR,Q,2015,20315951.38,,,0,0,
OECD.ITF:DSD_INFRINV@DF_INFRINV(1.0),MDA,A,INV,EUR,AIR,Q,2016,18832649.34,,,0,0,
OECD.ITF:DSD_INFRINV@DF_INFRINV(1.0),MDA,A,INV,EUR,AIR,Q,2017,16156743.88,,,0,0,
OECD.ITF:DSD_INFRINV@DF_INFRINV(1.0),MDA,A,INV,EUR,AIR,Q,2018,11814398.2,,,0,0,
OECD.ITF:DSD_INFRINV@DF_INFRINV(1.0),MDA,A,INV,EUR,AIR,Q,2019,4445620.668,,,0,0,
OECD.ITF:DSD_INFRINV@DF_INFRINV(1.0),MDA,A,INV,EUR,AIR,Q,2020,1631245.101,,,0,0,
OECD.ITF:DSD_INFRINV@DF_INFRINV(1.0),MDA,A,INV,EUR,AIR,Q,2023,944472.9485,,,0,0,
OECD.ITF:DSD_INFRINV@DF_INFRINV(1.0),MDA,A,INV,EUR,AIR,Q,2024,1210917.62,,,0,0,
OECD.ITF:DSD_INFRINV@DF_INFRINV(1.0),MNE,A,INV,EUR,AIR,Q,1997,35.40424109,,,0,0,
OECD.ITF:DSD_INFRINV@DF_INFRINV(1.0),MNE,A,INV,EUR,AIR,Q,1998,1941.990906,,,0,0,
OECD.ITF:DSD_INFRINV@DF_INFRINV(1.0),MNE,A,INV,EUR,AIR,Q,1999,2990.945937,,,0,0,
OECD.ITF:DSD_INFRINV@DF_INFRINV(1.0),MNE,A,INV,EUR,AIR,Q,2000,29259510.45,,,0,0,
OECD.ITF:DSD_INFRINV@DF_INFRINV(1.0),MNE,A,INV,EUR,AIR,Q,2001,26482018.09,,,0,0,
OECD.ITF:DSD_INFRINV@DF_INFRINV(1.0),MNE,A,INV,EUR,AIR,Q,2004,6323910.706,,,0,0,
OECD.ITF:DSD_INFRINV@DF_INFRINV(1.0),MNE,A,INV,EUR,AIR,Q,2005,4545936.69,,,0,0,
OECD.ITF:DSD_INFRINV@DF_INFRINV(1.0),MNE,A,INV,EUR,AIR,Q,2006,1378321.755,,,0,0,
OECD.ITF:DSD_INFRINV@DF_INFRINV(1.0),MNE,A,INV,EUR,AIR,Q,2007,4762018.143,,,0,0,
OECD.ITF:DSD_INFRINV@DF_INFRINV(1.0),MNE,A,INV,EUR,AIR,Q,2009,2156125.012,,,0,0,
OECD.ITF:DSD_INFRINV@DF_INFRINV(1.0),MNE,A,INV,EUR,AIR,Q,2010,29645314.98,,,0,0,
OECD.ITF:DSD_INFRINV@DF_INFRINV(1.0),MNE,A,INV,EUR,AIR,Q,2011,4220611.356,,,0,0,
OECD.ITF:DSD_INFRINV@DF_INFRINV(1.0),MNE,A,INV,EUR,AIR,Q,2012,2102430.41,,,0,0,
OECD.ITF:DSD_INFRINV@DF_INFRINV(1.0),MNE,A,INV,EUR,AIR,Q,2015,3000000,,,0,0,
OECD.ITF:DSD_INFRINV@DF_INFRINV(1.0),MNE,A,INV,EUR,AIR,Q,2019,172296.4533,,,0,0,
OECD.ITF:DSD_INFRINV@DF_INFRINV(1.0),MKD,A,INV,EUR,AIR,Q,1995,69946324.43,,,0,0,
OECD.ITF:DSD_INFRINV@DF_INFRINV(1.0),MKD,A,INV,EUR,AIR,Q,1996,15367910.02,,,0,0,
OECD.ITF:DSD_INFRINV@DF_INFRINV(1.0),MKD,A,INV,EUR,AIR,Q,1997,4566592.503,,,0,0,
OECD.ITF:DSD_INFRINV@DF_INFRINV(1.0),MKD,A,INV,EUR,AIR,Q,1998,2251920.585,,,0,0,
OECD.ITF:DSD_INFRINV@DF_INFRINV(1.0),MKD,A,INV,EUR,AIR,Q,1999,17457185.2,,,0,0,
OECD.ITF:DSD_INFRINV@DF_INFRINV(1.0),MKD,A,INV,EUR,AIR,Q,2000,20816790.61,,,0,0,
OECD.ITF:DSD_INFRINV@DF_INFRINV(1.0),MKD,A,INV,EUR,AIR,Q,2001,5459199.655,,,0,0,
OECD.ITF:DSD_INFRINV@DF_INFRINV(1.0),MKD,A,INV,EUR,AIR,Q,2002,11363827.48,,,0,0,
OECD.ITF:DSD_INFRINV@DF_INFRINV(1.0),MKD,A,INV,EUR,AIR,Q,2003,246932.786,,,0,0,
OECD.ITF:DSD_INFRINV@DF_INFRINV(1.0),MKD,A,INV,EUR,AIR,Q,2004,112427.2037,,,0,0,
OECD.ITF:DSD_INFRINV@DF_INFRINV(1.0),MKD,A,INV,EUR,AIR,Q,2005,235799.4342,,,0,0,
OECD.ITF:DSD_INFRINV@DF_INFRINV(1.0),MKD,A,INV,EUR,AIR,Q,2006,2553571.868,,,0,0,
OECD.ITF:DSD_INFRINV@DF_INFRINV(1.0),MKD,A,INV,EUR,AIR,Q,2007,377137.2782,,,0,0,
OECD.ITF:DSD_INFRINV@DF_INFRINV(1.0),MKD,A,INV,EUR,AIR,Q,2008,1712253.827,,,0,0,
OECD.ITF:DSD_INFRINV@DF_INFRINV(1.0),MKD,A,INV,EUR,AIR,Q,2009,751067.3593,,,0,0,
OECD.ITF:DSD_INFRINV@DF_INFRINV(1.0),MKD,A,INV,EUR,AIR,Q,2010,110312.7787,,,0,0,
OECD.ITF:DSD_INFRINV@DF_INFRINV(1.0),MKD,A,INV,EUR,AIR,Q,2011,110726945.9,,,0,0,
OECD.ITF:DSD_INFRINV@DF_INFRINV(1.0),MKD,A,INV,EUR,AIR,Q,2012,411783.5461,,,0,0,
OECD.ITF:DSD_INFRINV@DF_INFRINV(1.0),MKD,A,INV,EUR,AIR,Q,2013,3550562.332,,,0,0,
OECD.ITF:DSD_INFRINV@DF_INFRINV(1.0),MKD,A,INV,EUR,AIR,Q,2014,493083.0887,,,0,0,
OECD.ITF:DSD_INFRINV@DF_INFRINV(1.0),MKD,A,INV,EUR,AIR,Q,2015,565142.2311,,,0,0,
OECD.ITF:DSD_INFRINV@DF_INFRINV(1.0),MKD,A,INV,EUR,AIR,Q,2016,1064506.718,,,0,0,
OECD.ITF:DSD_INFRINV@DF_INFRINV(1.0),MKD,A,INV,EUR,AIR,Q,2017,952308.5526,,,0,0,
OECD.ITF:DSD_INFRINV@DF_INFRINV(1.0),MKD,A,INV,EUR,AIR,Q,2018,1207421.635,,,0,0,
OECD.ITF:DSD_INFRINV@DF_INFRINV(1.0),MKD,A,INV,EUR,AIR,Q,2019,4128046.754,,,0,0,
OECD.ITF:DSD_INFRINV@DF_INFRINV(1.0),MKD,A,INV,EUR,AIR,Q,2020,1879856.614,,,0,0,
OECD.ITF:DSD_INFRINV@DF_INFRINV(1.0),MKD,A,INV,EUR,AIR,Q,2021,1051964.074,,,0,0,
OECD.ITF:DSD_INFRINV@DF_INFRINV(1.0),MKD,A,INV,EUR,AIR,Q,2022,8669576.547,,,0,0,
OECD.ITF:DSD_INFRINV@DF_INFRINV(1.0),MKD,A,INV,EUR,AIR,Q,2023,2820056.48,,,0,0,
OECD.ITF:DSD_INFRINV@DF_INFRINV(1.0),MKD,A,INV,EUR,AIR,Q,2024,2883691.515,,,0,0,
OECD.ITF:DSD_INFRINV@DF_INFRINV(1.0),ROU,A,INV,EUR,AIR,Q,1995,32761420.85,,,0,0,
OECD.ITF:DSD_INFRINV@DF_INFRINV(1.0),ROU,A,INV,EUR,AIR,Q,1996,60595759.33,,,0,0,
OECD.ITF:DSD_INFRINV@DF_INFRINV(1.0),ROU,A,INV,EUR,AIR,Q,1997,12853121.35,,,0,0,
OECD.ITF:DSD_INFRINV@DF_INFRINV(1.0),ROU,A,INV,EUR,AIR,Q,1998,6499906.284,,,0,0,
OECD.ITF:DSD_INFRINV@DF_INFRINV(1.0),ROU,A,INV,EUR,AIR,Q,1999,7246078.609,,,0,0,
OECD.ITF:DSD_INFRINV@DF_INFRINV(1.0),ROU,A,INV,EUR,AIR,Q,2000,13147969.4,,,0,0,
OECD.ITF:DSD_INFRINV@DF_INFRINV(1.0),ROU,A,INV,EUR,AIR,Q,2001,13685995.88,,,0,0,
OECD.ITF:DSD_INFRINV@DF_INFRINV(1.0),ROU,A,INV,EUR,AIR,Q,2002,25950547.38,,,0,0,
OECD.ITF:DSD_INFRINV@DF_INFRINV(1.0),ROU,A,INV,EUR,AIR,Q,2003,5065109.121,,,0,0,
OECD.ITF:DSD_INFRINV@DF_INFRINV(1.0),ROU,A,INV,EUR,AIR,Q,2004,3717898.174,,,0,0,
OECD.ITF:DSD_INFRINV@DF_INFRINV(1.0),ROU,A,INV,EUR,AIR,Q,2005,2535800.798,,,0,0,
OECD.ITF:DSD_INFRINV@DF_INFRINV(1.0),ROU,A,INV,EUR,AIR,Q,2006,17361446.08,,,0,0,
OECD.ITF:DSD_INFRINV@DF_INFRINV(1.0),ROU,A,INV,EUR,AIR,Q,2007,42517240.51,,,0,0,
OECD.ITF:DSD_INFRINV@DF_INFRINV(1.0),ROU,A,INV,EUR,AIR,Q,2008,8838136.074,,,0,0,
OECD.ITF:DSD_INFRINV@DF_INFRINV(1.0),ROU,A,INV,EUR,AIR,Q,2009,6559019.534,,,0,0,
OECD.ITF:DSD_INFRINV@DF_INFRINV(1.0),ROU,A,INV,EUR,AIR,Q,2010,978541.3189,,,0,0,
OECD.ITF:DSD_INFRINV@DF_INFRINV(1.0),ROU,A,INV,EUR,AIR,Q,2011,2024655.809,,,0,0,
OECD.ITF:DSD_INFRINV@DF_INFRINV(1.0),ROU,A,INV,EUR,AIR,Q,2012,19897817.09,,,0,0,
OECD.ITF:DSD_INFRINV@DF_INFRINV(1.0),ROU,A,INV,EUR,AIR,Q,2013,18546798.55,,,0,0,
OECD.ITF:DSD_INFRINV@DF_INFRINV(1.0),ROU,A,INV,EUR,AIR,Q,2014,27961970.22,,,0,0,
OECD.ITF:DSD_INFRINV@DF_INFRINV(1.0),ROU,A,INV,EUR,AIR,Q,2015,38693422.12,,,0,0,
OECD.ITF:DSD_INFRINV@DF_INFRINV(1.0),ROU,A,INV,EUR,AIR,Q,2016,22341571.97,,,0,0,
OECD.ITF:DSD_INFRINV@DF_INFRINV(1.0),ROU,A,INV,EUR,AIR,Q,2017,16967653.34,,,0,0,
OECD.ITF:DSD_INFRINV@DF_INFRINV(1.0),ROU,A,INV,EUR,AIR,Q,2018,1642616.145,,,0,0,
OECD.ITF:DSD_INFRINV@DF_INFRINV(1.0),SRB,A,INV,EUR,AIR,Q,1996,175993.3333,,,0,0,
OECD.ITF:DSD_INFRINV@DF_INFRINV(1.0),SRB,A,INV,EUR,AIR,Q,1997,149239.3035,,,0,0,
OECD.ITF:DSD_INFRINV@DF_INFRINV(1.0),SRB,A,INV,EUR,AIR,Q,1999,557776.2458,,,0,0,
OECD.ITF:DSD_INFRINV@DF_INFRINV(1.0),SRB,A,INV,EUR,AIR,Q,2003,1429160.148,,,0,0,
OECD.ITF:DSD_INFRINV@DF_INFRINV(1.0),SRB,A,INV,EUR,AIR,Q,2004,1185680.149,,,0,0,
OECD.ITF:DSD_INFRINV@DF_INFRINV(1.0),SRB,A,INV,EUR,AIR,Q,2005,170671.6267,,,0,0,
OECD.ITF:DSD_INFRINV@DF_INFRINV(1.0),SRB,A,INV,EUR,AIR,Q,2006,929536.2431,,,0,0,
OECD.ITF:DSD_INFRINV@DF_INFRINV(1.0),SRB,A,INV,EUR,AIR,Q,2007,13775.85936,,,0,0,
OECD.ITF:DSD_INFRINV@DF_INFRINV(1.0),SRB,A,INV,EUR,AIR,Q,2008,75485.26691,,,0,0,
OECD.ITF:DSD_INFRINV@DF_INFRINV(1.0),SRB,A,INV,EUR,AIR,Q,2009,1264630.487,,,0,0,
OECD.ITF:DSD_INFRINV@DF_INFRINV(1.0),SRB,A,INV,EUR,AIR,Q,2010,773833.4256,,,0,0,
OECD.ITF:DSD_INFRINV@DF_INFRINV(1.0),SRB,A,INV,EUR,AIR,Q,2011,338609.1594,,,0,0,
OECD.ITF:DSD_INFRINV@DF_INFRINV(1.0),SRB,A,INV,EUR,AIR,Q,2012,366261.1406,,,0,0,
OECD.ITF:DSD_INFRINV@DF_INFRINV(1.0),SRB,A,INV,EUR,AIR,Q,2013,2944609.818,,,0,0,
OECD.ITF:DSD_INFRINV@DF_INFRINV(1.0),SRB,A,INV,EUR,AIR,Q,2014,1100513.499,,,0,0,
OECD.ITF:DSD_INFRINV@DF_INFRINV(1.0),SRB,A,INV,EUR,AIR,Q,2015,198858.3871,,,0,0,
OECD.ITF:DSD_INFRINV@DF_INFRINV(1.0),SRB,A,INV,EUR,AIR,Q,2016,3622977.617,,,0,0,
OECD.ITF:DSD_INFRINV@DF_INFRINV(1.0),SRB,A,INV,EUR,AIR,Q,2017,261438.1159,,,0,0,
OECD.ITF:DSD_INFRINV@DF_INFRINV(1.0),SRB,A,INV,EUR,AIR,Q,2018,170874.1691,,,0,0,
OECD.ITF:DSD_INFRINV@DF_INFRINV(1.0),SRB,A,INV,EUR,AIR,Q,2019,4204239.155,,,0,0,
OECD.ITF:DSD_INFRINV@DF_INFRINV(1.0),SRB,A,INV,EUR,AIR,Q,2020,5115902.605,,,0,0,
OECD.ITF:DSD_INFRINV@DF_INFRINV(1.0),SRB,A,INV,EUR,AIR,Q,2021,13745836.07,,,0,0,
OECD.ITF:DSD_INFRINV@DF_INFRINV(1.0),SRB,A,INV,EUR,AIR,Q,2022,4604118.178,,,0,0,
OECD.ITF:DSD_INFRINV@DF_INFRINV(1.0),SRB,A,INV,EUR,AIR,Q,2023,5447504.903,,,0,0,
OECD.ITF:DSD_INFRINV@DF_INFRINV(1.0),UZB,A,INV,EUR,AIR,Q,2020,4339.598793,,,0,0,
OECD.ITF:DSD_INFRINV@DF_INFRINV(1.0),UZB,A,INV,EUR,AIR,Q,2021,2316.050681,,,0,0,
OECD.ITF:DSD_INFRINV@DF_INFRINV(1.0),AUS,A,INV,EUR,TOT_INL,Q,1995,6984940215,,,0,0,
OECD.ITF:DSD_INFRINV@DF_INFRINV(1.0),AUS,A,INV,EUR,TOT_INL,Q,1996,7305497710,,,0,0,
OECD.ITF:DSD_INFRINV@DF_INFRINV(1.0),AUS,A,INV,EUR,TOT_INL,Q,1997,7848441719,,,0,0,
OECD.ITF:DSD_INFRINV@DF_INFRINV(1.0),AUS,A,INV,EUR,TOT_INL,Q,1998,8812586071,,,0,0,
OECD.ITF:DSD_INFRINV@DF_INFRINV(1.0),AUS,A,INV,EUR,TOT_INL,Q,1999,9520854971,,,0,0,
OECD.ITF:DSD_INFRINV@DF_INFRINV(1.0),AUS,A,INV,EUR,TOT_INL,Q,2000,8518899721,,,0,0,
OECD.ITF:DSD_INFRINV@DF_INFRINV(1.0),AUS,A,INV,EUR,TOT_INL,Q,2001,7289360271,,,0,0,
OECD.ITF:DSD_INFRINV@DF_INFRINV(1.0),AUS,A,INV,EUR,TOT_INL,Q,2002,7202613393,,,0,0,
OECD.ITF:DSD_INFRINV@DF_INFRINV(1.0),AUS,A,INV,EUR,TOT_INL,Q,2003,8496338599,,,0,0,
OECD.ITF:DSD_INFRINV@DF_INFRINV(1.0),AUS,A,INV,EUR,TOT_INL,Q,2004,9730406227,,,0,0,
OECD.ITF:DSD_INFRINV@DF_INFRINV(1.0),AUS,A,INV,EUR,TOT_INL,Q,2005,11904494992,,,0,0,
OECD.ITF:DSD_INFRINV@DF_INFRINV(1.0),AUS,A,INV,EUR,TOT_INL,Q,2006,12432345329,,,0,0,
OECD.ITF:DSD_INFRINV@DF_INFRINV(1.0),AUS,A,INV,EUR,TOT_INL,Q,2007,13780677987,,,0,0,
OECD.ITF:DSD_INFRINV@DF_INFRINV(1.0),AUS,A,INV,EUR,TOT_INL,Q,2008,13925601395,,,0,0,
OECD.ITF:DSD_INFRINV@DF_INFRINV(1.0),AUS,A,INV,EUR,TOT_INL,Q,2009,16902810121,,,0,0,
OECD.ITF:DSD_INFRINV@DF_INFRINV(1.0),AUS,A,INV,EUR,TOT_INL,Q,2010,16049369424,,,0,0,
OECD.ITF:DSD_INFRINV@DF_INFRINV(1.0),AUS,A,INV,EUR,TOT_INL,Q,2011,17932978377,,,0,0,
OECD.ITF:DSD_INFRINV@DF_INFRINV(1.0),AUS,A,INV,EUR,TOT_INL,Q,2012,19590316632,,,0,0,
OECD.ITF:DSD_INFRINV@DF_INFRINV(1.0),AUS,A,INV,EUR,TOT_INL,Q,2013,18941229482,,,0,0,
OECD.ITF:DSD_INFRINV@DF_INFRINV(1.0),AUS,A,INV,EUR,TOT_INL,Q,2014,15850751129,,,0,0,
OECD.ITF:DSD_INFRINV@DF_INFRINV(1.0),AUS,A,INV,EUR,TOT_INL,Q,2015,14122549179,,,0,0,
OECD.ITF:DSD_INFRINV@DF_INFRINV(1.0),AUS,A,INV,EUR,TOT_INL,Q,2016,13776215356,,,0,0,
OECD.ITF:DSD_INFRINV@DF_INFRINV(1.0),AUS,A,INV,EUR,TOT_INL,Q,2017,15700383768,,,0,0,
OECD.ITF:DSD_INFRINV@DF_INFRINV(1.0),AUS,A,INV,EUR,TOT_INL,Q,2018,19470366872,,,0,0,
OECD.ITF:DSD_INFRINV@DF_INFRINV(1.0),AUS,A,INV,EUR,TOT_INL,Q,2019,18645986600,,,0,0,
OECD.ITF:DSD_INFRINV@DF_INFRINV(1.0),AUS,A,INV,EUR,TOT_INL,Q,2020,18741915656,,,0,0,
OECD.ITF:DSD_INFRINV@DF_INFRINV(1.0),AUS,A,INV,EUR,TOT_INL,Q,2021,19592078152,,,0,0,
OECD.ITF:DSD_INFRINV@DF_INFRINV(1.0),AUS,A,INV,EUR,TOT_INL,Q,2022,21018187317,,,0,0,
OECD.ITF:DSD_INFRINV@DF_INFRINV(1.0),AUS,A,INV,EUR,TOT_INL,Q,2023,25240854529,,,0,0,
OECD.ITF:DSD_INFRINV@DF_INFRINV(1.0),AUS,A,INV,EUR,TOT_INL,Q,2024,26256585280,,,0,0,
OECD.ITF:DSD_INFRINV@DF_INFRINV(1.0),AUT,A,INV,EUR,TOT_INL,Q,1995,1744062011,,,0,0,
OECD.ITF:DSD_INFRINV@DF_INFRINV(1.0),AUT,A,INV,EUR,TOT_INL,Q,1996,1749040266,,,0,0,
OECD.ITF:DSD_INFRINV@DF_INFRINV(1.0),AUT,A,INV,EUR,TOT_INL,Q,1997,1806601237,,,0,0,
OECD.ITF:DSD_INFRINV@DF_INFRINV(1.0),AUT,A,INV,EUR,TOT_INL,Q,1998,2381113327,,,0,0,
OECD.ITF:DSD_INFRINV@DF_INFRINV(1.0),AUT,A,INV,EUR,TOT_INL,Q,1999,2503603798,,,0,0,
OECD.ITF:DSD_INFRINV@DF_INFRINV(1.0),AUT,A,INV,EUR,TOT_INL,Q,2000,2553931590,,,0,0,
OECD.ITF:DSD_INFRINV@DF_INFRINV(1.0),AUT,A,INV,EUR,TOT_INL,Q,2001,2580110081,,,0,0,
OECD.ITF:DSD_INFRINV@DF_INFRINV(1.0),BEL,A,INV,EUR,TOT_INL,Q,1995,1384391306,,,0,0,
OECD.ITF:DSD_INFRINV@DF_INFRINV(1.0),BEL,A,INV,EUR,TOT_INL,Q,1996,1160719335,,,0,0,
OECD.ITF:DSD_INFRINV@DF_INFRINV(1.0),BEL,A,INV,EUR,TOT_INL,Q,1997,1337972743,,,0,0,
OECD.ITF:DSD_INFRINV@DF_INFRINV(1.0),BEL,A,INV,EUR,TOT_INL,Q,1998,1277697361,,,0,0,
OECD.ITF:DSD_INFRINV@DF_INFRINV(1.0),BEL,A,INV,EUR,TOT_INL,Q,1999,1472175333,,,0,0,
OECD.ITF:DSD_INFRINV@DF_INFRINV(1.0),BEL,A,INV,EUR,TOT_INL,Q,2000,1740825202,,,0,0,
OECD.ITF:DSD_INFRINV@DF_INFRINV(1.0),BEL,A,INV,EUR,TOT_INL,Q,2001,1515827017,,,0,0,
OECD.ITF:DSD_INFRINV@DF_INFRINV(1.0),BEL,A,INV,EUR,TOT_INL,Q,2002,1769911504,,,0,0,
OECD.ITF:DSD_INFRINV@DF_INFRINV(1.0),BEL,A,INV,EUR,TOT_INL,Q,2003,1663566985,,,0,0,
OECD.ITF:DSD_INFRINV@DF_INFRINV(1.0),BEL,A,INV,EUR,TOT_INL,Q,2004,1608803976,,,0,0,
OECD.ITF:DSD_INFRINV@DF_INFRINV(1.0),BEL,A,INV,EUR,TOT_INL,Q,2006,1461602700,,,0,0,
OECD.ITF:DSD_INFRINV@DF_INFRINV(1.0),BEL,A,INV,EUR,TOT_INL,Q,2007,1293883294,,,0,0,
OECD.ITF:DSD_INFRINV@DF_INFRINV(1.0),BEL,A,INV,EUR,TOT_INL,Q,2008,1431864404,,,0,0,
OECD.ITF:DSD_INFRINV@DF_INFRINV(1.0),BEL,A,INV,EUR,TOT_INL,Q,2009,1927278387,,,0,0,
OECD.ITF:DSD_INFRINV@DF_INFRINV(1.0),BEL,A,INV,EUR,TOT_INL,Q,2011,1779821398,,,0,0,
OECD.ITF:DSD_INFRINV@DF_INFRINV(1.0),BEL,A,INV,EUR,TOT_INL,Q,2012,2101909290,,,0,0,
OECD.ITF:DSD_INFRINV@DF_INFRINV(1.0),BEL,A,INV,EUR,TOT_INL,Q,2013,2008431296,,,0,0,
OECD.ITF:DSD_INFRINV@DF_INFRINV(1.0),BEL,A,INV,EUR,TOT_INL,Q,2016,1964420913,,,0,0,
OECD.ITF:DSD_INFRINV@DF_INFRINV(1.0),BEL,A,INV,EUR,TOT_INL,Q,2017,1723349918,,,0,0,
OECD.ITF:DSD_INFRINV@DF_INFRINV(1.0),BEL,A,INV,EUR,TOT_INL,Q,2018,1710617396,,,0,0,
OECD.ITF:DSD_INFRINV@DF_INFRINV(1.0),BEL,A,INV,EUR,TOT_INL,Q,2019,1695150629,,,0,0,
OECD.ITF:DSD_INFRINV@DF_INFRINV(1.0),BEL,A,INV,EUR,TOT_INL,Q,2020,1696749149,,,0,0,
OECD.ITF:DSD_INFRINV@DF_INFRINV(1.0),BEL,A,INV,EUR,TOT_INL,Q,2021,2591835214,,,0,0,
OECD.ITF:DSD_INFRINV@DF_INFRINV(1.0),BEL,A,INV,EUR,TOT_INL,Q,2022,1917955391,,,0,0,
OECD.ITF:DSD_INFRINV@DF_INFRINV(1.0),BEL,A,INV,EUR,TOT_INL,Q,2023,1819463997,,,0,0,
OECD.ITF:DSD_INFRINV@DF_INFRINV(1.0),BEL,A,INV,EUR,TOT_INL,Q,2024,1710889176,,,0,0,
OECD.ITF:DSD_INFRINV@DF_INFRINV(1.0),CAN,A,INV,EUR,TOT_INL,Q,1995,7200570403,,,0,0,
OECD.ITF:DSD_INFRINV@DF_INFRINV(1.0),CAN,A,INV,EUR,TOT_INL,Q,1996,6379724738,,,0,0,
OECD.ITF:DSD_INFRINV@DF_INFRINV(1.0),CAN,A,INV,EUR,TOT_INL,Q,1997,6158463651,,,0,0,
OECD.ITF:DSD_INFRINV@DF_INFRINV(1.0),CAN,A,INV,EUR,TOT_INL,Q,1998,6117918559,,,0,0,
OECD.ITF:DSD_INFRINV@DF_INFRINV(1.0),CAN,A,INV,EUR,TOT_INL,Q,1999,5836067737,,,0,0,
OECD.ITF:DSD_INFRINV@DF_INFRINV(1.0),CAN,A,INV,EUR,TOT_INL,Q,2000,5637990317,,,0,0,
OECD.ITF:DSD_INFRINV@DF_INFRINV(1.0),CAN,A,INV,EUR,TOT_INL,Q,2001,6305309642,,,0,0,
OECD.ITF:DSD_INFRINV@DF_INFRINV(1.0),CAN,A,INV,EUR,TOT_INL,Q,2002,6067414185,,,0,0,
OECD.ITF:DSD_INFRINV@DF_INFRINV(1.0),CAN,A,INV,EUR,TOT_INL,Q,2003,6256144654,,,0,0,
OECD.ITF:DSD_INFRINV@DF_INFRINV(1.0),CAN,A,INV,EUR,TOT_INL,Q,2004,6336283151,,,0,0,
OECD.ITF:DSD_INFRINV@DF_INFRINV(1.0),CAN,A,INV,EUR,TOT_INL,Q,2005,7693573256,,,0,0,
OECD.ITF:DSD_INFRINV@DF_INFRINV(1.0),CAN,A,INV,EUR,TOT_INL,Q,2006,8592778251,,,0,0,
OECD.ITF:DSD_INFRINV@DF_INFRINV(1.0),CAN,A,INV,EUR,TOT_INL,Q,2007,9828304493,,,0,0,
OECD.ITF:DSD_INFRINV@DF_INFRINV(1.0),CAN,A,INV,EUR,TOT_INL,Q,2008,11123465475,,,0,0,
OECD.ITF:DSD_INFRINV@DF_INFRINV(1.0),CAN,A,INV,EUR,TOT_INL,Q,2009,14066569483,,,0,0,
OECD.ITF:DSD_INFRINV@DF_INFRINV(1.0),CAN,A,INV,EUR,TOT_INL,Q,2010,16650314271,,,0,0,
OECD.ITF:DSD_INFRINV@DF_INFRINV(1.0),CAN,A,INV,EUR,TOT_INL,Q,2011,16092683284,,,0,0,
OECD.ITF:DSD_INFRINV@DF_INFRINV(1.0),CAN,A,INV,EUR,TOT_INL,Q,2012,14723972450,,,0,0,
OECD.ITF:DSD_INFRINV@DF_INFRINV(1.0),CAN,A,INV,EUR,TOT_INL,Q,2013,13752196559,,,0,0,
OECD.ITF:DSD_INFRINV@DF_INFRINV(1.0),CAN,A,INV,EUR,TOT_INL,Q,2015,8280017049,,,0,0,
OECD.ITF:DSD_INFRINV@DF_INFRINV(1.0),CAN,A,INV,EUR,TOT_INL,Q,2016,8051312273,,,0,0,
OECD.ITF:DSD_INFRINV@DF_INFRINV(1.0),CAN,A,INV,EUR,TOT_INL,Q,2017,8399346315,,,0,0,
OECD.ITF:DSD_INFRINV@DF_INFRINV(1.0),CAN,A,INV,EUR,TOT_INL,Q,2018,7722432496,,,0,0,
OECD.ITF:DSD_INFRINV@DF_INFRINV(1.0),CZE,A,INV,EUR,TOT_INL,Q,1995,974959736.8,,,0,0,
OECD.ITF:DSD_INFRINV@DF_INFRINV(1.0),CZE,A,INV,EUR,TOT_INL,Q,1996,1023352741,,,0,0,
OECD.ITF:DSD_INFRINV@DF_INFRINV(1.0),CZE,A,INV,EUR,TOT_INL,Q,1997,1366309055,,,0,0,
OECD.ITF:DSD_INFRINV@DF_INFRINV(1.0),CZE,A,INV,EUR,TOT_INL,Q,1998,1290029138,,,0,0,
OECD.ITF:DSD_INFRINV@DF_INFRINV(1.0),CZE,A,INV,EUR,TOT_INL,Q,1999,1095136871,,,0,0,
OECD.ITF:DSD_INFRINV@DF_INFRINV(1.0),CZE,A,INV,EUR,TOT_INL,Q,2000,1180637437,,,0,0,
OECD.ITF:DSD_INFRINV@DF_INFRINV(1.0),CZE,A,INV,EUR,TOT_INL,Q,2001,1108442938,,,0,0,
OECD.ITF:DSD_INFRINV@DF_INFRINV(1.0),CZE,A,INV,EUR,TOT_INL,Q,2002,1397301654,,,0,0,
OECD.ITF:DSD_INFRINV@DF_INFRINV(1.0),CZE,A,INV,EUR,TOT_INL,Q,2003,1474891854,,,0,0,
OECD.ITF:DSD_INFRINV@DF_INFRINV(1.0),CZE,A,INV,EUR,TOT_INL,Q,2004,1968322353,,,0,0,
OECD.ITF:DSD_INFRINV@DF_INFRINV(1.0),CZE,A,INV,EUR,TOT_INL,Q,2005,2341822584,,,0,0,
OECD.ITF:DSD_INFRINV@DF_INFRINV(1.0),CZE,A,INV,EUR,TOT_INL,Q,2006,2240006327,,,0,0,
OECD.ITF:DSD_INFRINV@DF_INFRINV(1.0),CZE,A,INV,EUR,TOT_INL,Q,2007,2262533928,,,0,0,
OECD.ITF:DSD_INFRINV@DF_INFRINV(1.0),CZE,A,INV,EUR,TOT_INL,Q,2008,3012145027,,,0,0,
OECD.ITF:DSD_INFRINV@DF_INFRINV(1.0),CZE,A,INV,EUR,TOT_INL,Q,2009,2678150528,,,0,0,
OECD.ITF:DSD_INFRINV@DF_INFRINV(1.0),CZE,A,INV,EUR,TOT_INL,Q,2010,2156357539,,,0,0,
OECD.ITF:DSD_INFRINV@DF_INFRINV(1.0),CZE,A,INV,EUR,TOT_INL,Q,2011,1586379230,,,0,0,
OECD.ITF:DSD_INFRINV@DF_INFRINV(1.0),CZE,A,INV,EUR,TOT_INL,Q,2012,1182017514,,,0,0,
OECD.ITF:DSD_INFRINV@DF_INFRINV(1.0),CZE,A,INV,EUR,TOT_INL,Q,2013,958347462.8,,,0,0,
OECD.ITF:DSD_INFRINV@DF_INFRINV(1.0),CZE,A,INV,EUR,TOT_INL,Q,2014,1090559100,,,0,0,
OECD.ITF:DSD_INFRINV@DF_INFRINV(1.0),CZE,A,INV,EUR,TOT_INL,Q,2015,2065420561,,,0,0,
OECD.ITF:DSD_INFRINV@DF_INFRINV(1.0),CZE,A,INV,EUR,TOT_INL,Q,2016,1509733413,,,0,0,
OECD.ITF:DSD_INFRINV@DF_INFRINV(1.0),CZE,A,INV,EUR,TOT_INL,Q,2017,1461173456,,,0,0,
OECD.ITF:DSD_INFRINV@DF_INFRINV(1.0),CZE,A,INV,EUR,TOT_INL,Q,2018,1584182524,,,0,0,
OECD.ITF:DSD_INFRINV@DF_INFRINV(1.0),CZE,A,INV,EUR,TOT_INL,Q,2019,1862293781,,,0,0,
OECD.ITF:DSD_INFRINV@DF_INFRINV(1.0),CZE,A,INV,EUR,TOT_INL,Q,2020,2377674705,,,0,0,
OECD.ITF:DSD_INFRINV@DF_INFRINV(1.0),CZE,A,INV,EUR,TOT_INL,Q,2021,2563813874,,,0,0,
OECD.ITF:DSD_INFRINV@DF_INFRINV(1.0),CZE,A,INV,EUR,TOT_INL,Q,2022,2455441597,,,0,0,
OECD.ITF:DSD_INFRINV@DF_INFRINV(1.0),CZE,A,INV,EUR,TOT_INL,Q,2023,2644884505,,,0,0,
OECD.ITF:DSD_INFRINV@DF_INFRINV(1.0),CZE,A,INV,EUR,TOT_INL,Q,2024,2796184324,,,0,0,
OECD.ITF:DSD_INFRINV@DF_INFRINV(1.0),DNK,A,INV,EUR,TOT_INL,Q,1995,1810910593,,,0,0,
OECD.ITF:DSD_INFRINV@DF_INFRINV(1.0),DNK,A,INV,EUR,TOT_INL,Q,1996,2344450799,,,0,0,
OECD.ITF:DSD_INFRINV@DF_INFRINV(1.0),DNK,A,INV,EUR,TOT_INL,Q,1997,2043786399,,,0,0,
OECD.ITF:DSD_INFRINV@DF_INFRINV(1.0),DNK,A,INV,EUR,TOT_INL,Q,1998,1901337564,,,0,0,
OECD.ITF:DSD_INFRINV@DF_INFRINV(1.0),DNK,A,INV,EUR,TOT_INL,Q,1999,1609513493,,,0,0,
OECD.ITF:DSD_INFRINV@DF_INFRINV(1.0),DNK,A,INV,EUR,TOT_INL,Q,2000,1461110774,,,0,0,
OECD.ITF:DSD_INFRINV@DF_INFRINV(1.0),DNK,A,INV,EUR,TOT_INL,Q,2001,1336404461,,,0,0,
OECD.ITF:DSD_INFRINV@DF_INFRINV(1.0),DNK,A,INV,EUR,TOT_INL,Q,2002,1198383632,,,0,0,
OECD.ITF:DSD_INFRINV@DF_INFRINV(1.0),DNK,A,INV,EUR,TOT_INL,Q,2003,1232450741,,,0,0,
OECD.ITF:DSD_INFRINV@DF_INFRINV(1.0),DNK,A,INV,EUR,TOT_INL,Q,2004,1348394749,,,0,0,
OECD.ITF:DSD_INFRINV@DF_INFRINV(1.0),DNK,A,INV,EUR,TOT_INL,Q,2005,1409084833,,,0,0,
OECD.ITF:DSD_INFRINV@DF_INFRINV(1.0),DNK,A,INV,EUR,TOT_INL,Q,2006,1557336849,,,0,0,
OECD.ITF:DSD_INFRINV@DF_INFRINV(1.0),DNK,A,INV,EUR,TOT_INL,Q,2007,1373706056,,,0,0,
OECD.ITF:DSD_INFRINV@DF_INFRINV(1.0),DNK,A,INV,EUR,TOT_INL,Q,2008,1306273312,,,0,0,
OECD.ITF:DSD_INFRINV@DF_INFRINV(1.0),DNK,A,INV,EUR,TOT_INL,Q,2009,1137071318,,,0,0,
OECD.ITF:DSD_INFRINV@DF_INFRINV(1.0),DNK,A,INV,EUR,TOT_INL,Q,2010,1366797936,,,0,0,
OECD.ITF:DSD_INFRINV@DF_INFRINV(1.0),DNK,A,INV,EUR,TOT_INL,Q,2011,1863498654,,,0,0,
OECD.ITF:DSD_INFRINV@DF_INFRINV(1.0),DNK,A,INV,EUR,TOT_INL,Q,2012,2139332920,,,0,0,
OECD.ITF:DSD_INFRINV@DF_INFRINV(1.0),DNK,A,INV,EUR,TOT_INL,Q,2013,1971622251,,,0,0,
OECD.ITF:DSD_INFRINV@DF_INFRINV(1.0),DNK,A,INV,EUR,TOT_INL,Q,2014,2199582891,,,0,0,
OECD.ITF:DSD_INFRINV@DF_INFRINV(1.0),DNK,A,INV,EUR,TOT_INL,Q,2015,2394819403,,,0,0,
OECD.ITF:DSD_INFRINV@DF_INFRINV(1.0),DNK,A,INV,EUR,TOT_INL,Q,2016,2230208187,,,0,0,
OECD.ITF:DSD_INFRINV@DF_INFRINV(1.0),DNK,A,INV,EUR,TOT_INL,Q,2017,2166192978,,,0,0,
OECD.ITF:DSD_INFRINV@DF_INFRINV(1.0),DNK,A,INV,EUR,TOT_INL,Q,2018,2190941734,,,0,0,
OECD.ITF:DSD_INFRINV@DF_INFRINV(1.0),EST,A,INV,EUR,TOT_INL,Q,1995,30203876.16,,,0,0,
OECD.ITF:DSD_INFRINV@DF_INFRINV(1.0),EST,A,INV,EUR,TOT_INL,Q,1996,25439358.93,,,0,0,
OECD.ITF:DSD_INFRINV@DF_INFRINV(1.0),EST,A,INV,EUR,TOT_INL,Q,1997,19259287.79,,,0,0,
OECD.ITF:DSD_INFRINV@DF_INFRINV(1.0),EST,A,INV,EUR,TOT_INL,Q,1998,57206192.57,,,0,0,
OECD.ITF:DSD_INFRINV@DF_INFRINV(1.0),EST,A,INV,EUR,TOT_INL,Q,1999,78869882.22,,,0,0,
OECD.ITF:DSD_INFRINV@DF_INFRINV(1.0),EST,A,INV,EUR,TOT_INL,Q,2000,70077084.79,,,0,0,
OECD.ITF:DSD_INFRINV@DF_INFRINV(1.0),EST,A,INV,EUR,TOT_INL,Q,2001,59822150.36,,,0,0,
OECD.ITF:DSD_INFRINV@DF_INFRINV(1.0),EST,A,INV,EUR,TOT_INL,Q,2002,101005392.1,,,0,0,
OECD.ITF:DSD_INFRINV@DF_INFRINV(1.0),EST,A,INV,EUR,TOT_INL,Q,2003,95857172.81,,,0,0,
OECD.ITF:DSD_INFRINV@DF_INFRINV(1.0),EST,A,INV,EUR,TOT_INL,Q,2004,106929300,,,0,0,
OECD.ITF:DSD_INFRINV@DF_INFRINV(1.0),EST,A,INV,EUR,TOT_INL,Q,2005,159966433.3,,,0,0,
OECD.ITF:DSD_INFRINV@DF_INFRINV(1.0),EST,A,INV,EUR,TOT_INL,Q,2006,179477731.7,,,0,0,
OECD.ITF:DSD_INFRINV@DF_INFRINV(1.0),EST,A,INV,EUR,TOT_INL,Q,2007,164473684.2,,,0,0,
OECD.ITF:DSD_INFRINV@DF_INFRINV(1.0),EST,A,INV,EUR,TOT_INL,Q,2008,168214580.6,,,0,0,
OECD.ITF:DSD_INFRINV@DF_INFRINV(1.0),EST,A,INV,EUR,TOT_INL,Q,2009,173794855.2,,,0,0,
OECD.ITF:DSD_INFRINV@DF_INFRINV(1.0),EST,A,INV,EUR,TOT_INL,Q,2010,197071426.9,,,0,0,
OECD.ITF:DSD_INFRINV@DF_INFRINV(1.0),EST,A,INV,EUR,TOT_INL,Q,2011,280043562.3,,,0,0,
OECD.ITF:DSD_INFRINV@DF_INFRINV(1.0),EST,A,INV,EUR,TOT_INL,Q,2013,243521222.1,,,0,0,
OECD.ITF:DSD_INFRINV@DF_INFRINV(1.0),EST,A,INV,EUR,TOT_INL,Q,2014,163988140.1,,,0,0,
OECD.ITF:DSD_INFRINV@DF_INFRINV(1.0),EST,A,INV,EUR,TOT_INL,Q,2015,198150000,,,0,0,
OECD.ITF:DSD_INFRINV@DF_INFRINV(1.0),EST,A,INV,EUR,TOT_INL,Q,2016,164373897.7,,,0,0,
OECD.ITF:DSD_INFRINV@DF_INFRINV(1.0),EST,A,INV,EUR,TOT_INL,Q,2017,209303480.1,,,0,0,
OECD.ITF:DSD_INFRINV@DF_INFRINV(1.0),EST,A,INV,EUR,TOT_INL,Q,2018,239559538.5,,,0,0,
OECD.ITF:DSD_INFRINV@DF_INFRINV(1.0),EST,A,INV,EUR,TOT_INL,Q,2019,240826566.6,,,0,0,
OECD.ITF:DSD_INFRINV@DF_INFRINV(1.0),EST,A,INV,EUR,TOT_INL,Q,2020,263225658.8,,,0,0,
OECD.ITF:DSD_INFRINV@DF_INFRINV(1.0),EST,A,INV,EUR,TOT_INL,Q,2021,300716074.6,,,0,0,
OECD.ITF:DSD_INFRINV@DF_INFRINV(1.0),EST,A,INV,EUR,TOT_INL,Q,2022,262333799.2,,,0,0,
OECD.ITF:DSD_INFRINV@DF_INFRINV(1.0),EST,A,INV,EUR,TOT_INL,Q,2023,265627642.2,,,0,0,
OECD.ITF:DSD_INFRINV@DF_INFRINV(1.0),EST,A,INV,EUR,TOT_INL,Q,2024,360444071.5,,,0,0,
OECD.ITF:DSD_INFRINV@DF_INFRINV(1.0),FIN,A,INV,EUR,TOT_INL,Q,2001,1079343035,,,0,0,
OECD.ITF:DSD_INFRINV@DF_INFRINV(1.0),FIN,A,INV,EUR,TOT_INL,Q,2012,1777495636,,,0,0,
OECD.ITF:DSD_INFRINV@DF_INFRINV(1.0),FIN,A,INV,EUR,TOT_INL,Q,2013,1959607685,,,0,0,
OECD.ITF:DSD_INFRINV@DF_INFRINV(1.0),FIN,A,INV,EUR,TOT_INL,Q,2014,2035011583,,,0,0,
OECD.ITF:DSD_INFRINV@DF_INFRINV(1.0),FIN,A,INV,EUR,TOT_INL,Q,2015,2025000000,,,0,0,
OECD.ITF:DSD_INFRINV@DF_INFRINV(1.0),FIN,A,INV,EUR,TOT_INL,Q,2016,2070954833,,,0,0,
OECD.ITF:DSD_INFRINV@DF_INFRINV(1.0),FIN,A,INV,EUR,TOT_INL,Q,2017,2133505001,,,0,0,
OECD.ITF:DSD_INFRINV@DF_INFRINV(1.0),FIN,A,INV,EUR,TOT_INL,Q,2018,2207702026,,,0,0,
OECD.ITF:DSD_INFRINV@DF_INFRINV(1.0),FIN,A,INV,EUR,TOT_INL,Q,2019,2087927770,,,0,0,
OECD.ITF:DSD_INFRINV@DF_INFRINV(1.0),FIN,A,INV,EUR,TOT_INL,Q,2020,2426965852,,,0,0,
OECD.ITF:DSD_INFRINV@DF_INFRINV(1.0),FIN,A,INV,EUR,TOT_INL,Q,2021,2074336477,,,0,0,
OECD.ITF:DSD_INFRINV@DF_INFRINV(1.0),FIN,A,INV,EUR,TOT_INL,Q,2022,1787043931,,,0,0,
OECD.ITF:DSD_INFRINV@DF_INFRINV(1.0),FIN,A,INV,EUR,TOT_INL,Q,2023,1963159911,,,0,0,
OECD.ITF:DSD_INFRINV@DF_INFRINV(1.0),FRA,A,INV,EUR,TOT_INL,Q,1998,19897434113,,,0,0,
OECD.ITF:DSD_INFRINV@DF_INFRINV(1.0),FRA,A,INV,EUR,TOT_INL,Q,1999,19222299186,,,0,0,
OECD.ITF:DSD_INFRINV@DF_INFRINV(1.0),FRA,A,INV,EUR,TOT_INL,Q,2000,18903997377,,,0,0,
OECD.ITF:DSD_INFRINV@DF_INFRINV(1.0),FRA,A,INV,EUR,TOT_INL,Q,2001,18076138045,,,0,0,
OECD.ITF:DSD_INFRINV@DF_INFRINV(1.0),FRA,A,INV,EUR,TOT_INL,Q,2002,17649442304,,,0,0,
OECD.ITF:DSD_INFRINV@DF_INFRINV(1.0),FRA,A,INV,EUR,TOT_INL,Q,2003,19039001093,,,0,0,
OECD.ITF:DSD_INFRINV@DF_INFRINV(1.0),FRA,A,INV,EUR,TOT_INL,Q,2004,19039022301,,,0,0,
OECD.ITF:DSD_INFRINV@DF_INFRINV(1.0),FRA,A,INV,EUR,TOT_INL,Q,2005,19467748556,,,0,0,
OECD.ITF:DSD_INFRINV@DF_INFRINV(1.0),FRA,A,INV,EUR,TOT_INL,Q,2006,19479030611,,,0,0,
OECD.ITF:DSD_INFRINV@DF_INFRINV(1.0),FRA,A,INV,EUR,TOT_INL,Q,2007,20336406571,,,0,0,
OECD.ITF:DSD_INFRINV@DF_INFRINV(1.0),FRA,A,INV,EUR,TOT_INL,Q,2008,19263082986,,,0,0,
OECD.ITF:DSD_INFRINV@DF_INFRINV(1.0),FRA,A,INV,EUR,TOT_INL,Q,2009,20803535222,,,0,0,
OECD.ITF:DSD_INFRINV@DF_INFRINV(1.0),FRA,A,INV,EUR,TOT_INL,Q,2010,20004739786,,,0,0,
OECD.ITF:DSD_INFRINV@DF_INFRINV(1.0),FRA,A,INV,EUR,TOT_INL,Q,2011,18733042502,,,0,0,
OECD.ITF:DSD_INFRINV@DF_INFRINV(1.0),FRA,A,INV,EUR,TOT_INL,Q,2012,19366781711,,,0,0,
OECD.ITF:DSD_INFRINV@DF_INFRINV(1.0),FRA,A,INV,EUR,TOT_INL,Q,2013,21617432644,,,0,0,
OECD.ITF:DSD_INFRINV@DF_INFRINV(1.0),FRA,A,INV,EUR,TOT_INL,Q,2014,18770073738,,,0,0,
OECD.ITF:DSD_INFRINV@DF_INFRINV(1.0),FRA,A,INV,EUR,TOT_INL,Q,2015,19064370322,,,0,0,
OECD.ITF:DSD_INFRINV@DF_INFRINV(1.0),FRA,A,INV,EUR,TOT_INL,Q,2016,17987584040,,,0,0,
OECD.ITF:DSD_INFRINV@DF_INFRINV(1.0),FRA,A,INV,EUR,TOT_INL,Q,2017,17926981317,,,0,0,
OECD.ITF:DSD_INFRINV@DF_INFRINV(1.0),FRA,A,INV,EUR,TOT_INL,Q,2018,18540846866,,,0,0,
OECD.ITF:DSD_INFRINV@DF_INFRINV(1.0),FRA,A,INV,EUR,TOT_INL,Q,2019,20144094581,,,0,0,
OECD.ITF:DSD_INFRINV@DF_INFRINV(1.0),FRA,A,INV,EUR,TOT_INL,Q,2020,19252137885,,,0,0,
OECD.ITF:DSD_INFRINV@DF_INFRINV(1.0),FRA,A,INV,EUR,TOT_INL,Q,2021,19001869376,,,0,0,
OECD.ITF:DSD_INFRINV@DF_INFRINV(1.0),FRA,A,INV,EUR,TOT_INL,Q,2022,17502105269,,,0,0,
OECD.ITF:DSD_INFRINV@DF_INFRINV(1.0),FRA,A,INV,EUR,TOT_INL,Q,2023,19172546466,,,0,0,
OECD.ITF:DSD_INFRINV@DF_INFRINV(1.0),DEU,A,INV,EUR,TOT_INL,Q,1995,20848233264,,,0,0,
OECD.ITF:DSD_INFRINV@DF_INFRINV(1.0),DEU,A,INV,EUR,TOT_INL,Q,1996,21504821370,,,0,0,
OECD.ITF:DSD_INFRINV@DF_INFRINV(1.0),DEU,A,INV,EUR,TOT_INL,Q,1997,20908917076,,,0,0,
OECD.ITF:DSD_INFRINV@DF_INFRINV(1.0),DEU,A,INV,EUR,TOT_INL,Q,1998,20644689772,,,0,0,
OECD.ITF:DSD_INFRINV@DF_INFRINV(1.0),DEU,A,INV,EUR,TOT_INL,Q,1999,24929444967,,,0,0,
OECD.ITF:DSD_INFRINV@DF_INFRINV(1.0),DEU,A,INV,EUR,TOT_INL,Q,2000,23145188103,,,0,0,
OECD.ITF:DSD_INFRINV@DF_INFRINV(1.0),DEU,A,INV,EUR,TOT_INL,Q,2001,22836163964,,,0,0,
OECD.ITF:DSD_INFRINV@DF_INFRINV(1.0),DEU,A,INV,EUR,TOT_INL,Q,2002,25377295749,,,0,0,
OECD.ITF:DSD_INFRINV@DF_INFRINV(1.0),DEU,A,INV,EUR,TOT_INL,Q,2003,24192740765,,,0,0,
OECD.ITF:DSD_INFRINV@DF_INFRINV(1.0),DEU,A,INV,EUR,TOT_INL,Q,2004,22865608357,,,0,0,
OECD.ITF:DSD_INFRINV@DF_INFRINV(1.0),DEU,A,INV,EUR,TOT_INL,Q,2006,19185355711,,,0,0,
OECD.ITF:DSD_INFRINV@DF_INFRINV(1.0),DEU,A,INV,EUR,TOT_INL,Q,2007,18053387995,,,0,0,
OECD.ITF:DSD_INFRINV@DF_INFRINV(1.0),DEU,A,INV,EUR,TOT_INL,Q,2008,18125737401,,,0,0,
OECD.ITF:DSD_INFRINV@DF_INFRINV(1.0),DEU,A,INV,EUR,TOT_INL,Q,2009,19051943737,,,0,0,
OECD.ITF:DSD_INFRINV@DF_INFRINV(1.0),DEU,A,INV,EUR,TOT_INL,Q,2010,17758787559,,,0,0,
OECD.ITF:DSD_INFRINV@DF_INFRINV(1.0),DEU,A,INV,EUR,TOT_INL,Q,2011,17717820931,,,0,0,
OECD.ITF:DSD_INFRINV@DF_INFRINV(1.0),DEU,A,INV,EUR,TOT_INL,Q,2012,16752895834,,,0,0,
OECD.ITF:DSD_INFRINV@DF_INFRINV(1.0),DEU,A,INV,EUR,TOT_INL,Q,2014,19823983149,,,0,0,
OECD.ITF:DSD_INFRINV@DF_INFRINV(1.0),DEU,A,INV,EUR,TOT_INL,Q,2015,19355000000,,,0,0,
OECD.ITF:DSD_INFRINV@DF_INFRINV(1.0),DEU,A,INV,EUR,TOT_INL,Q,2016,19821166842,,,0,0,
OECD.ITF:DSD_INFRINV@DF_INFRINV(1.0),DEU,A,INV,EUR,TOT_INL,Q,2017,21179101637,,,0,0,
OECD.ITF:DSD_INFRINV@DF_INFRINV(1.0),DEU,A,INV,EUR,TOT_INL,Q,2018,22777043780,,,0,0,
OECD.ITF:DSD_INFRINV@DF_INFRINV(1.0),DEU,A,INV,EUR,TOT_INL,Q,2019,22514685363,,,0,0,
OECD.ITF:DSD_INFRINV@DF_INFRINV(1.0),DEU,A,INV,EUR,TOT_INL,Q,2020,23817870638,,,0,0,
OECD.ITF:DSD_INFRINV@DF_INFRINV(1.0),DEU,A,INV,EUR,TOT_INL,Q,2021,22466489081,,,0,0,
OECD.ITF:DSD_INFRINV@DF_INFRINV(1.0),DEU,A,INV,EUR,TOT_INL,Q,2022,20520399513,,,0,0,
OECD.ITF:DSD_INFRINV@DF_INFRINV(1.0),GRC,A,INV,EUR,TOT_INL,Q,2000,2894068104,,,0,0,
OECD.ITF:DSD_INFRINV@DF_INFRINV(1.0),GRC,A,INV,EUR,TOT_INL,Q,2001,2695524412,,,0,0,
OECD.ITF:DSD_INFRINV@DF_INFRINV(1.0),GRC,A,INV,EUR,TOT_INL,Q,2002,3706372189,,,0,0,
OECD.ITF:DSD_INFRINV@DF_INFRINV(1.0),GRC,A,INV,EUR,TOT_INL,Q,2003,4547313881,,,0,0,
OECD.ITF:DSD_INFRINV@DF_INFRINV(1.0),GRC,A,INV,EUR,TOT_INL,Q,2004,4322656865,,,0,0,
OECD.ITF:DSD_INFRINV@DF_INFRINV(1.0),GRC,A,INV,EUR,TOT_INL,Q,2005,1883098258,,,0,0,
OECD.ITF:DSD_INFRINV@DF_INFRINV(1.0),GRC,A,INV,EUR,TOT_INL,Q,2006,1915502834,,,0,0,
OECD.ITF:DSD_INFRINV@DF_INFRINV(1.0),GRC,A,INV,EUR,TOT_INL,Q,2007,2068298824,,,0,0,
OECD.ITF:DSD_INFRINV@DF_INFRINV(1.0),GRC,A,INV,EUR,TOT_INL,Q,2008,2161405531,,,0,0,
OECD.ITF:DSD_INFRINV@DF_INFRINV(1.0),GRC,A,INV,EUR,TOT_INL,Q,2009,2468137201,,,0,0,
OECD.ITF:DSD_INFRINV@DF_INFRINV(1.0),GRC,A,INV,EUR,TOT_INL,Q,2010,1699822442,,,0,0,
OECD.ITF:DSD_INFRINV@DF_INFRINV(1.0),GRC,A,INV,EUR,TOT_INL,Q,2011,1233430652,,,0,0,
OECD.ITF:DSD_INFRINV@DF_INFRINV(1.0),GRC,A,INV,EUR,TOT_INL,Q,2012,1126482836,,,0,0,
OECD.ITF:DSD_INFRINV@DF_INFRINV(1.0),GRC,A,INV,EUR,TOT_INL,Q,2013,1996591958,,,0,0,
OECD.ITF:DSD_INFRINV@DF_INFRINV(1.0),GRC,A,INV,EUR,TOT_INL,Q,2014,1486498396,,,0,0,
OECD.ITF:DSD_INFRINV@DF_INFRINV(1.0),GRC,A,INV,EUR,TOT_INL,Q,2015,1692294109,,,0,0,
OECD.ITF:DSD_INFRINV@DF_INFRINV(1.0),GRC,A,INV,EUR,TOT_INL,Q,2016,2796812578,,,0,0,
OECD.ITF:DSD_INFRINV@DF_INFRINV(1.0),GRC,A,INV,EUR,TOT_INL,Q,2017,4148103079,,,0,0,
OECD.ITF:DSD_INFRINV@DF_INFRINV(1.0),GRC,A,INV,EUR,TOT_INL,Q,2018,2229317000,,,0,0,
OECD.ITF:DSD_INFRINV@DF_INFRINV(1.0),GRC,A,INV,EUR,TOT_INL,Q,2019,806957382.4,,,0,0,
OECD.ITF:DSD_INFRINV@DF_INFRINV(1.0),GRC,A,INV,EUR,TOT_INL,Q,2020,816227143.2,,,0,0,
OECD.ITF:DSD_INFRINV@DF_INFRINV(1.0),GRC,A,INV,EUR,TOT_INL,Q,2021,735380989.2,,,0,0,
OECD.ITF:DSD_INFRINV@DF_INFRINV(1.0),GRC,A,INV,EUR,TOT_INL,Q,2022,715160510.3,,,0,0,
OECD.ITF:DSD_INFRINV@DF_INFRINV(1.0),HUN,A,INV,EUR,TOT_INL,Q,1995,438542722.5,,,0,0,
OECD.ITF:DSD_INFRINV@DF_INFRINV(1.0),HUN,A,INV,EUR,TOT_INL,Q,1996,432025156.3,,,0,0,
OECD.ITF:DSD_INFRINV@DF_INFRINV(1.0),HUN,A,INV,EUR,TOT_INL,Q,1997,659287017.8,,,0,0,
OECD.ITF:DSD_INFRINV@DF_INFRINV(1.0),HUN,A,INV,EUR,TOT_INL,Q,1998,742198697.3,,,0,0,
OECD.ITF:DSD_INFRINV@DF_INFRINV(1.0),HUN,A,INV,EUR,TOT_INL,Q,1999,675184087.8,,,0,0,
OECD.ITF:DSD_INFRINV@DF_INFRINV(1.0),HUN,A,INV,EUR,TOT_INL,Q,2000,588194178.6,,,0,0,
OECD.ITF:DSD_INFRINV@DF_INFRINV(1.0),HUN,A,INV,EUR,TOT_INL,Q,2001,673679221,,,0,0,
OECD.ITF:DSD_INFRINV@DF_INFRINV(1.0),HUN,A,INV,EUR,TOT_INL,Q,2002,733561797.4,,,0,0,
OECD.ITF:DSD_INFRINV@DF_INFRINV(1.0),HUN,A,INV,EUR,TOT_INL,Q,2003,676579233.2,,,0,0,
OECD.ITF:DSD_INFRINV@DF_INFRINV(1.0),HUN,A,INV,EUR,TOT_INL,Q,2004,1919684106,,,0,0,
OECD.ITF:DSD_INFRINV@DF_INFRINV(1.0),HUN,A,INV,EUR,TOT_INL,Q,2005,2149409944,,,0,0,
OECD.ITF:DSD_INFRINV@DF_INFRINV(1.0),HUN,A,INV,EUR,TOT_INL,Q,2006,771536275.6,,,0,0,
OECD.ITF:DSD_INFRINV@DF_INFRINV(1.0),HUN,A,INV,EUR,TOT_INL,Q,2007,1049008326,,,0,0,
OECD.ITF:DSD_INFRINV@DF_INFRINV(1.0),HUN,A,INV,EUR,TOT_INL,Q,2008,1233721875,,,0,0,
OECD.ITF:DSD_INFRINV@DF_INFRINV(1.0),HUN,A,INV,EUR,TOT_INL,Q,2009,1966513155,,,0,0,
OECD.ITF:DSD_INFRINV@DF_INFRINV(1.0),HUN,A,INV,EUR,TOT_INL,Q,2011,643711233.4,,,0,0,
OECD.ITF:DSD_INFRINV@DF_INFRINV(1.0),HUN,A,INV,EUR,TOT_INL,Q,2012,627873476.6,,,0,0,
OECD.ITF:DSD_INFRINV@DF_INFRINV(1.0),HUN,A,INV,EUR,TOT_INL,Q,2013,1029816603,,,0,0,
OECD.ITF:DSD_INFRINV@DF_INFRINV(1.0),HUN,A,INV,EUR,TOT_INL,Q,2014,1906246037,,,0,0,
OECD.ITF:DSD_INFRINV@DF_INFRINV(1.0),HUN,A,INV,EUR,TOT_INL,Q,2015,1948964209,,,0,0,
OECD.ITF:DSD_INFRINV@DF_INFRINV(1.0),HUN,A,INV,EUR,TOT_INL,Q,2016,1111006644,,,0,0,
OECD.ITF:DSD_INFRINV@DF_INFRINV(1.0),HUN,A,INV,EUR,TOT_INL,Q,2017,1677187271,,,0,0,
OECD.ITF:DSD_INFRINV@DF_INFRINV(1.0),HUN,A,INV,EUR,TOT_INL,Q,2018,2220173997,,,0,0,
OECD.ITF:DSD_INFRINV@DF_INFRINV(1.0),HUN,A,INV,EUR,TOT_INL,Q,2019,2538441235,,,0,0,
OECD.ITF:DSD_INFRINV@DF_INFRINV(1.0),HUN,A,INV,EUR,TOT_INL,Q,2020,2052427767,,,0,0,
OECD.ITF:DSD_INFRINV@DF_INFRINV(1.0),HUN,A,INV,EUR,TOT_INL,Q,2021,1852701078,,,0,0,
OECD.ITF:DSD_INFRINV@DF_INFRINV(1.0),HUN,A,INV,EUR,TOT_INL,Q,2022,1459229078,,,0,0,
OECD.ITF:DSD_INFRINV@DF_INFRINV(1.0),HUN,A,INV,EUR,TOT_INL,Q,2024,897133762.4,,,0,0,
OECD.ITF:DSD_INFRINV@DF_INFRINV(1.0),ISL,A,INV,EUR,TOT_INL,Q,1995,133514876.9,,,0,0,
OECD.ITF:DSD_INFRINV@DF_INFRINV(1.0),ISL,A,INV,EUR,TOT_INL,Q,1996,117734767.9,,,0,0,
OECD.ITF:DSD_INFRINV@DF_INFRINV(1.0),ISL,A,INV,EUR,TOT_INL,Q,1997,126330841.3,,,0,0,
OECD.ITF:DSD_INFRINV@DF_INFRINV(1.0),ISL,A,INV,EUR,TOT_INL,Q,1998,207540179,,,0,0,
OECD.ITF:DSD_INFRINV@DF_INFRINV(1.0),ISL,A,INV,EUR,TOT_INL,Q,1999,154387052.5,,,0,0,
OECD.ITF:DSD_INFRINV@DF_INFRINV(1.0),ISL,A,INV,EUR,TOT_INL,Q,2000,165940898.1,,,0,0,
OECD.ITF:DSD_INFRINV@DF_INFRINV(1.0),ISL,A,INV,EUR,TOT_INL,Q,2001,158895306.8,,,0,0,
OECD.ITF:DSD_INFRINV@DF_INFRINV(1.0),ISL,A,INV,EUR,TOT_INL,Q,2002,164761066.7,,,0,0,
OECD.ITF:DSD_INFRINV@DF_INFRINV(1.0),ISL,A,INV,EUR,TOT_INL,Q,2003,222547059.9,,,0,0,
OECD.ITF:DSD_INFRINV@DF_INFRINV(1.0),ISL,A,INV,EUR,TOT_INL,Q,2004,179460617.8,,,0,0,
OECD.ITF:DSD_INFRINV@DF_INFRINV(1.0),ISL,A,INV,EUR,TOT_INL,Q,2005,162036796.6,,,0,0,
OECD.ITF:DSD_INFRINV@DF_INFRINV(1.0),ISL,A,INV,EUR,TOT_INL,Q,2006,232926158,,,0,0,
OECD.ITF:DSD_INFRINV@DF_INFRINV(1.0),ISL,A,INV,EUR,TOT_INL,Q,2007,188953815.1,,,0,0,
OECD.ITF:DSD_INFRINV@DF_INFRINV(1.0),ISL,A,INV,EUR,TOT_INL,Q,2008,308496314.8,,,0,0,
OECD.ITF:DSD_INFRINV@DF_INFRINV(1.0),ISL,A,INV,EUR,TOT_INL,Q,2009,183365420.2,,,0,0,
OECD.ITF:DSD_INFRINV@DF_INFRINV(1.0),ISL,A,INV,EUR,TOT_INL,Q,2010,108820959.9,,,0,0,
OECD.ITF:DSD_INFRINV@DF_INFRINV(1.0),ISL,A,INV,EUR,TOT_INL,Q,2012,45735618.84,,,0,0,
OECD.ITF:DSD_INFRINV@DF_INFRINV(1.0),ISL,A,INV,EUR,TOT_INL,Q,2013,49182198.73,,,0,0,
OECD.ITF:DSD_INFRINV@DF_INFRINV(1.0),ISL,A,INV,EUR,TOT_INL,Q,2014,50069032.26,,,0,0,
OECD.ITF:DSD_INFRINV@DF_INFRINV(1.0),ISL,A,INV,EUR,TOT_INL,Q,2015,67402002.65,,,0,0,
OECD.ITF:DSD_INFRINV@DF_INFRINV(1.0),ISL,A,INV,EUR,TOT_INL,Q,2016,65785250.02,,,0,0,
OECD.ITF:DSD_INFRINV@DF_INFRINV(1.0),ISL,A,INV,EUR,TOT_INL,Q,2017,70943589.97,,,0,0,
OECD.ITF:DSD_INFRINV@DF_INFRINV(1.0),ISL,A,INV,EUR,TOT_INL,Q,2018,78614540.34,,,0,0,
OECD.ITF:DSD_INFRINV@DF_INFRINV(1.0),ISL,A,INV,EUR,TOT_INL,Q,2019,74526557.24,,,0,0,
OECD.ITF:DSD_INFRINV@DF_INFRINV(1.0),ISL,A,INV,EUR,TOT_INL,Q,2020,95896993.15,,,0,0,
OECD.ITF:DSD_INFRINV@DF_INFRINV(1.0),ISL,A,INV,EUR,TOT_INL,Q,2021,86440663.25,,,0,0,
OECD.ITF:DSD_INFRINV@DF_INFRINV(1.0),IRL,A,INV,EUR,TOT_INL,Q,2000,1793942513,,,0,0,
OECD.ITF:DSD_INFRINV@DF_INFRINV(1.0),IRL,A,INV,EUR,TOT_INL,Q,2001,1972928083,,,0,0,
OECD.ITF:DSD_INFRINV@DF_INFRINV(1.0),IRL,A,INV,EUR,TOT_INL,Q,2002,2308412422,,,0,0,
OECD.ITF:DSD_INFRINV@DF_INFRINV(1.0),IRL,A,INV,EUR,TOT_INL,Q,2003,2479599540,,,0,0,
OECD.ITF:DSD_INFRINV@DF_INFRINV(1.0),IRL,A,INV,EUR,TOT_INL,Q,2004,2342134861,,,0,0,
OECD.ITF:DSD_INFRINV@DF_INFRINV(1.0),IRL,A,INV,EUR,TOT_INL,Q,2005,2338972438,,,0,0,
OECD.ITF:DSD_INFRINV@DF_INFRINV(1.0),IRL,A,INV,EUR,TOT_INL,Q,2006,2509727737,,,0,0,
OECD.ITF:DSD_INFRINV@DF_INFRINV(1.0),IRL,A,INV,EUR,TOT_INL,Q,2007,2734645677,,,0,0,
OECD.ITF:DSD_INFRINV@DF_INFRINV(1.0),IRL,A,INV,EUR,TOT_INL,Q,2008,2402136353,,,0,0,
OECD.ITF:DSD_INFRINV@DF_INFRINV(1.0),IRL,A,INV,EUR,TOT_INL,Q,2009,2132965610,,,0,0,
OECD.ITF:DSD_INFRINV@DF_INFRINV(1.0),IRL,A,INV,EUR,TOT_INL,Q,2010,1650567522,,,0,0,
OECD.ITF:DSD_INFRINV@DF_INFRINV(1.0),IRL,A,INV,EUR,TOT_INL,Q,2011,1234936489,,,0,0,
OECD.ITF:DSD_INFRINV@DF_INFRINV(1.0),IRL,A,INV,EUR,TOT_INL,Q,2012,989690234.2,,,0,0,
OECD.ITF:DSD_INFRINV@DF_INFRINV(1.0),IRL,A,INV,EUR,TOT_INL,Q,2013,677790963,,,0,0,
OECD.ITF:DSD_INFRINV@DF_INFRINV(1.0),IRL,A,INV,EUR,TOT_INL,Q,2014,2226704690,,,0,0,
OECD.ITF:DSD_INFRINV@DF_INFRINV(1.0),IRL,A,INV,EUR,TOT_INL,Q,2015,675845200.9,,,0,0,
OECD.ITF:DSD_INFRINV@DF_INFRINV(1.0),IRL,A,INV,EUR,TOT_INL,Q,2016,651618542.1,,,0,0,
OECD.ITF:DSD_INFRINV@DF_INFRINV(1.0),IRL,A,INV,EUR,TOT_INL,Q,2017,596137548.3,,,0,0,
OECD.ITF:DSD_INFRINV@DF_INFRINV(1.0),IRL,A,INV,EUR,TOT_INL,Q,2018,706919929.8,,,0,0,
OECD.ITF:DSD_INFRINV@DF_INFRINV(1.0),IRL,A,INV,EUR,TOT_INL,Q,2019,858252120.5,,,0,0,
OECD.ITF:DSD_INFRINV@DF_INFRINV(1.0),IRL,A,INV,EUR,TOT_INL,Q,2020,568738229.8,,,0,0,
OECD.ITF:DSD_INFRINV@DF_INFRINV(1.0),IRL,A,INV,EUR,TOT_INL,Q,2021,537727667,,,0,0,
OECD.ITF:DSD_INFRINV@DF_INFRINV(1.0),IRL,A,INV,EUR,TOT_INL,Q,2022,571800062.1,,,0,0,
OECD.ITF:DSD_INFRINV@DF_INFRINV(1.0),IRL,A,INV,EUR,TOT_INL,Q,2023,534467638.5,,,0,0,
OECD.ITF:DSD_INFRINV@DF_INFRINV(1.0),IRL,A,INV,EUR,TOT_INL,Q,2024,710362202.1,,,0,0,
OECD.ITF:DSD_INFRINV@DF_INFRINV(1.0),ITA,A,INV,EUR,TOT_INL,Q,1995,10556578087,,,0,0,
OECD.ITF:DSD_INFRINV@DF_INFRINV(1.0),ITA,A,INV,EUR,TOT_INL,Q,1996,10309548793,,,0,0,
OECD.ITF:DSD_INFRINV@DF_INFRINV(1.0),ITA,A,INV,EUR,TOT_INL,Q,1997,10276853984,,,0,0,
OECD.ITF:DSD_INFRINV@DF_INFRINV(1.0),ITA,A,INV,EUR,TOT_INL,Q,1998,11731548842,,,0,0,
OECD.ITF:DSD_INFRINV@DF_INFRINV(1.0),ITA,A,INV,EUR,TOT_INL,Q,1999,13759371751,,,0,0,
OECD.ITF:DSD_INFRINV@DF_INFRINV(1.0),ITA,A,INV,EUR,TOT_INL,Q,2000,15474077659,,,0,0,
OECD.ITF:DSD_INFRINV@DF_INFRINV(1.0),ITA,A,INV,EUR,TOT_INL,Q,2001,12346387664,,,0,0,
OECD.ITF:DSD_INFRINV@DF_INFRINV(1.0),ITA,A,INV,EUR,TOT_INL,Q,2003,17518605562,,,0,0,
OECD.ITF:DSD_INFRINV@DF_INFRINV(1.0),ITA,A,INV,EUR,TOT_INL,Q,2004,19598301608,,,0,0,
OECD.ITF:DSD_INFRINV@DF_INFRINV(1.0),ITA,A,INV,EUR,TOT_INL,Q,2005,22662164688,,,0,0,
OECD.ITF:DSD_INFRINV@DF_INFRINV(1.0),ITA,A,INV,EUR,TOT_INL,Q,2006,26639081931,,,0,0,
OECD.ITF:DSD_INFRINV@DF_INFRINV(1.0),ITA,A,INV,EUR,TOT_INL,Q,2007,23866095531,,,0,0,
OECD.ITF:DSD_INFRINV@DF_INFRINV(1.0),ITA,A,INV,EUR,TOT_INL,Q,2008,21997342106,,,0,0,
OECD.ITF:DSD_INFRINV@DF_INFRINV(1.0),ITA,A,INV,EUR,TOT_INL,Q,2009,12153483892,,,0,0,
OECD.ITF:DSD_INFRINV@DF_INFRINV(1.0),ITA,A,INV,EUR,TOT_INL,Q,2010,8728681016,,,0,0,
OECD.ITF:DSD_INFRINV@DF_INFRINV(1.0),ITA,A,INV,EUR,TOT_INL,Q,2011,9027015155,,,0,0,
OECD.ITF:DSD_INFRINV@DF_INFRINV(1.0),ITA,A,INV,EUR,TOT_INL,Q,2012,7606873644,,,0,0,
OECD.ITF:DSD_INFRINV@DF_INFRINV(1.0),ITA,A,INV,EUR,TOT_INL,Q,2013,7199877968,,,0,0,
OECD.ITF:DSD_INFRINV@DF_INFRINV(1.0),ITA,A,INV,EUR,TOT_INL,Q,2014,9030164377,,,0,0,
OECD.ITF:DSD_INFRINV@DF_INFRINV(1.0),ITA,A,INV,EUR,TOT_INL,Q,2015,8521000000,,,0,0,
OECD.ITF:DSD_INFRINV@DF_INFRINV(1.0),ITA,A,INV,EUR,TOT_INL,Q,2016,7965589444,,,0,0,
OECD.ITF:DSD_INFRINV@DF_INFRINV(1.0),ITA,A,INV,EUR,TOT_INL,Q,2017,6810113175,,,0,0,
OECD.ITF:DSD_INFRINV@DF_INFRINV(1.0),ITA,A,INV,EUR,TOT_INL,Q,2018,9369481263,,,0,0,
OECD.ITF:DSD_INFRINV@DF_INFRINV(1.0),ITA,A,INV,EUR,TOT_INL,Q,2019,8291961551,,,0,0,
OECD.ITF:DSD_INFRINV@DF_INFRINV(1.0),ITA,A,INV,EUR,TOT_INL,Q,2020,13480809227,,,0,0,
OECD.ITF:DSD_INFRINV@DF_INFRINV(1.0),ITA,A,INV,EUR,TOT_INL,Q,2021,16230620607,,,0,0,
OECD.ITF:DSD_INFRINV@DF_INFRINV(1.0),ITA,A,INV,EUR,TOT_INL,Q,2022,15908660309,,,0,0,
OECD.ITF:DSD_INFRINV@DF_INFRINV(1.0),ITA,A,INV,EUR,TOT_INL,Q,2023,10378551625,,,0,0,
OECD.ITF:DSD_INFRINV@DF_INFRINV(1.0),JPN,A,INV,EUR,TOT_INL,Q,1995,83240253300,,,0,0,
OECD.ITF:DSD_INFRINV@DF_INFRINV(1.0),JPN,A,INV,EUR,TOT_INL,Q,1996,81905097570,,,0,0,
OECD.ITF:DSD_INFRINV@DF_INFRINV(1.0),JPN,A,INV,EUR,TOT_INL,Q,1997,77206296582,,,0,0,
OECD.ITF:DSD_INFRINV@DF_INFRINV(1.0),JPN,A,INV,EUR,TOT_INL,Q,1998,83259258781,,,0,0,
OECD.ITF:DSD_INFRINV@DF_INFRINV(1.0),JPN,A,INV,EUR,TOT_INL,Q,1999,81829835690,,,0,0,
OECD.ITF:DSD_INFRINV@DF_INFRINV(1.0),JPN,A,INV,EUR,TOT_INL,Q,2000,76437921516,,,0,0,
OECD.ITF:DSD_INFRINV@DF_INFRINV(1.0),JPN,A,INV,EUR,TOT_INL,Q,2001,73497278962,,,0,0,
OECD.ITF:DSD_INFRINV@DF_INFRINV(1.0),JPN,A,INV,EUR,TOT_INL,Q,2002,72114856641,,,0,0,
OECD.ITF:DSD_INFRINV@DF_INFRINV(1.0),JPN,A,INV,EUR,TOT_INL,Q,2003,66012971556,,,0,0,
OECD.ITF:DSD_INFRINV@DF_INFRINV(1.0),JPN,A,INV,EUR,TOT_INL,Q,2004,57756855955,,,0,0,
OECD.ITF:DSD_INFRINV@DF_INFRINV(1.0),JPN,A,INV,EUR,TOT_INL,Q,2005,53974503654,,,0,0,
OECD.ITF:DSD_INFRINV@DF_INFRINV(1.0),JPN,A,INV,EUR,TOT_INL,Q,2006,52990819155,,,0,0,
OECD.ITF:DSD_INFRINV@DF_INFRINV(1.0),JPN,A,INV,EUR,TOT_INL,Q,2007,50566123480,,,0,0,
OECD.ITF:DSD_INFRINV@DF_INFRINV(1.0),JPN,A,INV,EUR,TOT_INL,Q,2008,46628496678,,,0,0,
OECD.ITF:DSD_INFRINV@DF_INFRINV(1.0),JPN,A,INV,EUR,TOT_INL,Q,2009,49596689629,,,0,0,
OECD.ITF:DSD_INFRINV@DF_INFRINV(1.0),JPN,A,INV,EUR,TOT_INL,Q,2010,44461965082,,,0,0,
OECD.ITF:DSD_INFRINV@DF_INFRINV(1.0),JPN,A,INV,EUR,TOT_INL,Q,2011,40923621290,,,0,0,
OECD.ITF:DSD_INFRINV@DF_INFRINV(1.0),JPN,A,INV,EUR,TOT_INL,Q,2012,40567803158,,,0,0,
OECD.ITF:DSD_INFRINV@DF_INFRINV(1.0),JPN,A,INV,EUR,TOT_INL,Q,2013,43161238645,,,0,0,
OECD.ITF:DSD_INFRINV@DF_INFRINV(1.0),JPN,A,INV,EUR,TOT_INL,Q,2014,40959546651,,,0,0,
OECD.ITF:DSD_INFRINV@DF_INFRINV(1.0),JPN,A,INV,EUR,TOT_INL,Q,2015,37724889444,,,0,0,
OECD.ITF:DSD_INFRINV@DF_INFRINV(1.0),JPN,A,INV,EUR,TOT_INL,Q,2016,38002147012,,,0,0,
OECD.ITF:DSD_INFRINV@DF_INFRINV(1.0),JPN,A,INV,EUR,TOT_INL,Q,2018,42123012908,,,0,0,
OECD.ITF:DSD_INFRINV@DF_INFRINV(1.0),JPN,A,INV,EUR,TOT_INL,Q,2019,42964079206,,,0,0,
OECD.ITF:DSD_INFRINV@DF_INFRINV(1.0),JPN,A,INV,EUR,TOT_INL,Q,2020,42965240303,,,0,0,
OECD.ITF:DSD_INFRINV@DF_INFRINV(1.0),JPN,A,INV,EUR,TOT_INL,Q,2021,38613685779,,,0,0,
OECD.ITF:DSD_INFRINV@DF_INFRINV(1.0),JPN,A,INV,EUR,TOT_INL,Q,2022,34524612694,,,0,0,
OECD.ITF:DSD_INFRINV@DF_INFRINV(1.0),KOR,A,INV,EUR,TOT_INL,Q,2001,12365579806,,,0,0,
OECD.ITF:DSD_INFRINV@DF_INFRINV(1.0),KOR,A,INV,EUR,TOT_INL,Q,2002,12762585154,,,0,0,
OECD.ITF:DSD_INFRINV@DF_INFRINV(1.0),KOR,A,INV,EUR,TOT_INL,Q,2003,13968309334,,,0,0,
OECD.ITF:DSD_INFRINV@DF_INFRINV(1.0),KOR,A,INV,EUR,TOT_INL,Q,2004,11862824412,,,0,0,
OECD.ITF:DSD_INFRINV@DF_INFRINV(1.0),KOR,A,INV,EUR,TOT_INL,Q,2005,11851130550,,,0,0,
OECD.ITF:DSD_INFRINV@DF_INFRINV(1.0),KOR,A,INV,EUR,TOT_INL,Q,2006,11153126404,,,0,0,
OECD.ITF:DSD_INFRINV@DF_INFRINV(1.0),KOR,A,INV,EUR,TOT_INL,Q,2007,10999207514,,,0,0,
OECD.ITF:DSD_INFRINV@DF_INFRINV(1.0),KOR,A,INV,EUR,TOT_INL,Q,2009,25392595783,,,0,0,
OECD.ITF:DSD_INFRINV@DF_INFRINV(1.0),KOR,A,INV,EUR,TOT_INL,Q,2010,20147822238,,,0,0,
OECD.ITF:DSD_INFRINV@DF_INFRINV(1.0),KOR,A,INV,EUR,TOT_INL,Q,2011,16791438691,,,0,0,
OECD.ITF:DSD_INFRINV@DF_INFRINV(1.0),KOR,A,INV,EUR,TOT_INL,Q,2012,18500049501,,,0,0,
OECD.ITF:DSD_INFRINV@DF_INFRINV(1.0),KOR,A,INV,EUR,TOT_INL,Q,2013,19357118438,,,0,0,
OECD.ITF:DSD_INFRINV@DF_INFRINV(1.0),KOR,A,INV,EUR,TOT_INL,Q,2014,18601952332,,,0,0,
OECD.ITF:DSD_INFRINV@DF_INFRINV(1.0),KOR,A,INV,EUR,TOT_INL,Q,2015,22179774602,,,0,0,
OECD.ITF:DSD_INFRINV@DF_INFRINV(1.0),KOR,A,INV,EUR,TOT_INL,Q,2016,21367401175,,,0,0,
OECD.ITF:DSD_INFRINV@DF_INFRINV(1.0),KOR,A,INV,EUR,TOT_INL,Q,2017,21199747875,,,0,0,
OECD.ITF:DSD_INFRINV@DF_INFRINV(1.0),KOR,A,INV,EUR,TOT_INL,Q,2018,17825294277,,,0,0,
OECD.ITF:DSD_INFRINV@DF_INFRINV(1.0),KOR,A,INV,EUR,TOT_INL,Q,2019,19944055746,,,0,0,
OECD.ITF:DSD_INFRINV@DF_INFRINV(1.0),LVA,A,INV,EUR,TOT_INL,Q,1995,29730935.04,,,0,0,
OECD.ITF:DSD_INFRINV@DF_INFRINV(1.0),LVA,A,INV,EUR,TOT_INL,Q,1996,35242768.46,,,0,0,
OECD.ITF:DSD_INFRINV@DF_INFRINV(1.0),LVA,A,INV,EUR,TOT_INL,Q,1997,43571929.99,,,0,0,
OECD.ITF:DSD_INFRINV@DF_INFRINV(1.0),LVA,A,INV,EUR,TOT_INL,Q,1998,47603591.91,,,0,0,
OECD.ITF:DSD_INFRINV@DF_INFRINV(1.0),LVA,A,INV,EUR,TOT_INL,Q,1999,48886806.67,,,0,0,
OECD.ITF:DSD_INFRINV@DF_INFRINV(1.0),LVA,A,INV,EUR,TOT_INL,Q,2000,67450782.01,,,0,0,
OECD.ITF:DSD_INFRINV@DF_INFRINV(1.0),LVA,A,INV,EUR,TOT_INL,Q,2001,63779718.05,,,0,0,
OECD.ITF:DSD_INFRINV@DF_INFRINV(1.0),LVA,A,INV,EUR,TOT_INL,Q,2002,72942785.5,,,0,0,
OECD.ITF:DSD_INFRINV@DF_INFRINV(1.0),LVA,A,INV,EUR,TOT_INL,Q,2004,183879865.2,,,0,0,
OECD.ITF:DSD_INFRINV@DF_INFRINV(1.0),LVA,A,INV,EUR,TOT_INL,Q,2005,326423412.4,,,0,0,
OECD.ITF:DSD_INFRINV@DF_INFRINV(1.0),LVA,A,INV,EUR,TOT_INL,Q,2006,290169912.3,,,0,0,
OECD.ITF:DSD_INFRINV@DF_INFRINV(1.0),LVA,A,INV,EUR,TOT_INL,Q,2007,328453684.3,,,0,0,
OECD.ITF:DSD_INFRINV@DF_INFRINV(1.0),LVA,A,INV,EUR,TOT_INL,Q,2008,360149220,,,0,0,
OECD.ITF:DSD_INFRINV@DF_INFRINV(1.0),LVA,A,INV,EUR,TOT_INL,Q,2009,235254376.3,,,0,0,
OECD.ITF:DSD_INFRINV@DF_INFRINV(1.0),LVA,A,INV,EUR,TOT_INL,Q,2010,252926006.7,,,0,0,
OECD.ITF:DSD_INFRINV@DF_INFRINV(1.0),LVA,A,INV,EUR,TOT_INL,Q,2011,304169892.7,,,0,0,
OECD.ITF:DSD_INFRINV@DF_INFRINV(1.0),LVA,A,INV,EUR,TOT_INL,Q,2012,296838467,,,0,0,
OECD.ITF:DSD_INFRINV@DF_INFRINV(1.0),LVA,A,INV,EUR,TOT_INL,Q,2013,270553753,,,0,0,
OECD.ITF:DSD_INFRINV@DF_INFRINV(1.0),LVA,A,INV,EUR,TOT_INL,Q,2014,317323513.3,,,0,0,
OECD.ITF:DSD_INFRINV@DF_INFRINV(1.0),LVA,A,INV,EUR,TOT_INL,Q,2015,412000000,,,0,0,
OECD.ITF:DSD_INFRINV@DF_INFRINV(1.0),LVA,A,INV,EUR,TOT_INL,Q,2016,220299623.9,,,0,0,
OECD.ITF:DSD_INFRINV@DF_INFRINV(1.0),LVA,A,INV,EUR,TOT_INL,Q,2017,255242966.8,,,0,0,
OECD.ITF:DSD_INFRINV@DF_INFRINV(1.0),LVA,A,INV,EUR,TOT_INL,Q,2018,240264955.8,,,0,0,
OECD.ITF:DSD_INFRINV@DF_INFRINV(1.0),LVA,A,INV,EUR,TOT_INL,Q,2019,237418047.2,,,0,0,
OECD.ITF:DSD_INFRINV@DF_INFRINV(1.0),LVA,A,INV,EUR,TOT_INL,Q,2020,236483634.5,,,0,0,
OECD.ITF:DSD_INFRINV@DF_INFRINV(1.0),LVA,A,INV,EUR,TOT_INL,Q,2021,260420384.1,,,0,0,
OECD.ITF:DSD_INFRINV@DF_INFRINV(1.0),LVA,A,INV,EUR,TOT_INL,Q,2022,278002924,,,0,0,
OECD.ITF:DSD_INFRINV@DF_INFRINV(1.0),LVA,A,INV,EUR,TOT_INL,Q,2023,276046558,,,0,0,
OECD.ITF:DSD_INFRINV@DF_INFRINV(1.0),LVA,A,INV,EUR,TOT_INL,Q,2024,354487957.9,,,0,0,
OECD.ITF:DSD_INFRINV@DF_INFRINV(1.0),LTU,A,INV,EUR,TOT_INL,Q,1998,202098591.8,,,0,0,
OECD.ITF:DSD_INFRINV@DF_INFRINV(1.0),LTU,A,INV,EUR,TOT_INL,Q,1999,235763224.1,,,0,0,
OECD.ITF:DSD_INFRINV@DF_INFRINV(1.0),LTU,A,INV,EUR,TOT_INL,Q,2000,199134470.6,,,0,0,
OECD.ITF:DSD_INFRINV@DF_INFRINV(1.0),LTU,A,INV,EUR,TOT_INL,Q,2001,149757235.6,,,0,0,
OECD.ITF:DSD_INFRINV@DF_INFRINV(1.0),LTU,A,INV,EUR,TOT_INL,Q,2002,268007756.5,,,0,0,
OECD.ITF:DSD_INFRINV@DF_INFRINV(1.0),LTU,A,INV,EUR,TOT_INL,Q,2003,354194947.7,,,0,0,
OECD.ITF:DSD_INFRINV@DF_INFRINV(1.0),LTU,A,INV,EUR,TOT_INL,Q,2004,304264107.1,,,0,0,
OECD.ITF:DSD_INFRINV@DF_INFRINV(1.0),LTU,A,INV,EUR,TOT_INL,Q,2005,318162577,,,0,0,
OECD.ITF:DSD_INFRINV@DF_INFRINV(1.0),LTU,A,INV,EUR,TOT_INL,Q,2006,365598885.8,,,0,0,
OECD.ITF:DSD_INFRINV@DF_INFRINV(1.0),LTU,A,INV,EUR,TOT_INL,Q,2007,427434518.3,,,0,0,
OECD.ITF:DSD_INFRINV@DF_INFRINV(1.0),LTU,A,INV,EUR,TOT_INL,Q,2008,525049660.1,,,0,0,
OECD.ITF:DSD_INFRINV@DF_INFRINV(1.0),LTU,A,INV,EUR,TOT_INL,Q,2009,576259450.8,,,0,0,
OECD.ITF:DSD_INFRINV@DF_INFRINV(1.0),LTU,A,INV,EUR,TOT_INL,Q,2010,618450839,,,0,0,
OECD.ITF:DSD_INFRINV@DF_INFRINV(1.0),LTU,A,INV,EUR,TOT_INL,Q,2011,517930972.5,,,0,0,
OECD.ITF:DSD_INFRINV@DF_INFRINV(1.0),LTU,A,INV,EUR,TOT_INL,Q,2012,414888316,,,0,0,
OECD.ITF:DSD_INFRINV@DF_INFRINV(1.0),LTU,A,INV,EUR,TOT_INL,Q,2013,408927735.3,,,0,0,
OECD.ITF:DSD_INFRINV@DF_INFRINV(1.0),LTU,A,INV,EUR,TOT_INL,Q,2014,498887410,,,0,0,
OECD.ITF:DSD_INFRINV@DF_INFRINV(1.0),LTU,A,INV,EUR,TOT_INL,Q,2015,439000000,,,0,0,
OECD.ITF:DSD_INFRINV@DF_INFRINV(1.0),LTU,A,INV,EUR,TOT_INL,Q,2016,420697944.8,,,0,0,
OECD.ITF:DSD_INFRINV@DF_INFRINV(1.0),LTU,A,INV,EUR,TOT_INL,Q,2017,376770294.4,,,0,0,
OECD.ITF:DSD_INFRINV@DF_INFRINV(1.0),LTU,A,INV,EUR,TOT_INL,Q,2018,362473743.9,,,0,0,
OECD.ITF:DSD_INFRINV@DF_INFRINV(1.0),LTU,A,INV,EUR,TOT_INL,Q,2019,390186541.2,,,0,0,
OECD.ITF:DSD_INFRINV@DF_INFRINV(1.0),LTU,A,INV,EUR,TOT_INL,Q,2020,568431410.4,,,0,0,
OECD.ITF:DSD_INFRINV@DF_INFRINV(1.0),LTU,A,INV,EUR,TOT_INL,Q,2021,457618562.9,,,0,0,
OECD.ITF:DSD_INFRINV@DF_INFRINV(1.0),LTU,A,INV,EUR,TOT_INL,Q,2022,354203635.7,,,0,0,
OECD.ITF:DSD_INFRINV@DF_INFRINV(1.0),LTU,A,INV,EUR,TOT_INL,Q,2023,586106417.2,,,0,0,
OECD.ITF:DSD_INFRINV@DF_INFRINV(1.0),LTU,A,INV,EUR,TOT_INL,Q,2024,631843615.4,,,0,0,
OECD.ITF:DSD_INFRINV@DF_INFRINV(1.0),LUX,A,INV,EUR,TOT_INL,Q,1995,247919516.9,,,0,0,
OECD.ITF:DSD_INFRINV@DF_INFRINV(1.0),LUX,A,INV,EUR,TOT_INL,Q,1996,480122355.9,,,0,0,
OECD.ITF:DSD_INFRINV@DF_INFRINV(1.0),LUX,A,INV,EUR,TOT_INL,Q,1997,226030433.4,,,0,0,
OECD.ITF:DSD_INFRINV@DF_INFRINV(1.0),LUX,A,INV,EUR,TOT_INL,Q,1998,258002450.4,,,0,0,
OECD.ITF:DSD_INFRINV@DF_INFRINV(1.0),LUX,A,INV,EUR,TOT_INL,Q,1999,290664948.4,,,0,0,
OECD.ITF:DSD_INFRINV@DF_INFRINV(1.0),LUX,A,INV,EUR,TOT_INL,Q,2000,325706348.3,,,0,0,
OECD.ITF:DSD_INFRINV@DF_INFRINV(1.0),LUX,A,INV,EUR,TOT_INL,Q,2001,407198140.9,,,0,0,
OECD.ITF:DSD_INFRINV@DF_INFRINV(1.0),LUX,A,INV,EUR,TOT_INL,Q,2002,438669792.8,,,0,0,
OECD.ITF:DSD_INFRINV@DF_INFRINV(1.0),LUX,A,INV,EUR,TOT_INL,Q,2003,419981214.5,,,0,0,
OECD.ITF:DSD_INFRINV@DF_INFRINV(1.0),LUX,A,INV,EUR,TOT_INL,Q,2004,357493590.9,,,0,0,
OECD.ITF:DSD_INFRINV@DF_INFRINV(1.0),LUX,A,INV,EUR,TOT_INL,Q,2005,356604341.2,,,0,0,
OECD.ITF:DSD_INFRINV@DF_INFRINV(1.0),LUX,A,INV,EUR,TOT_INL,Q,2006,369192366.8,,,0,0,
OECD.ITF:DSD_INFRINV@DF_INFRINV(1.0),LUX,A,INV,EUR,TOT_INL,Q,2007,382556972.2,,,0,0,
OECD.ITF:DSD_INFRINV@DF_INFRINV(1.0),LUX,A,INV,EUR,TOT_INL,Q,2008,348986366.8,,,0,0,
OECD.ITF:DSD_INFRINV@DF_INFRINV(1.0),LUX,A,INV,EUR,TOT_INL,Q,2009,385857018.2,,,0,0,
OECD.ITF:DSD_INFRINV@DF_INFRINV(1.0),LUX,A,INV,EUR,TOT_INL,Q,2010,390490798.6,,,0,0,
OECD.ITF:DSD_INFRINV@DF_INFRINV(1.0),LUX,A,INV,EUR,TOT_INL,Q,2011,414733278.6,,,0,0,
OECD.ITF:DSD_INFRINV@DF_INFRINV(1.0),LUX,A,INV,EUR,TOT_INL,Q,2012,364377863.6,,,0,0,
OECD.ITF:DSD_INFRINV@DF_INFRINV(1.0),LUX,A,INV,EUR,TOT_INL,Q,2013,383850641.6,,,0,0,
OECD.ITF:DSD_INFRINV@DF_INFRINV(1.0),LUX,A,INV,EUR,TOT_INL,Q,2014,414568621.6,,,0,0,
OECD.ITF:DSD_INFRINV@DF_INFRINV(1.0),LUX,A,INV,EUR,TOT_INL,Q,2015,503958075.5,,,0,0,
OECD.ITF:DSD_INFRINV@DF_INFRINV(1.0),LUX,A,INV,EUR,TOT_INL,Q,2016,536785402.8,,,0,0,
OECD.ITF:DSD_INFRINV@DF_INFRINV(1.0),LUX,A,INV,EUR,TOT_INL,Q,2017,510406244.7,,,0,0,
OECD.ITF:DSD_INFRINV@DF_INFRINV(1.0),LUX,A,INV,EUR,TOT_INL,Q,2018,440013813.1,,,0,0,
OECD.ITF:DSD_INFRINV@DF_INFRINV(1.0),LUX,A,INV,EUR,TOT_INL,Q,2019,477373989.5,,,0,0,
OECD.ITF:DSD_INFRINV@DF_INFRINV(1.0),LUX,A,INV,EUR,TOT_INL,Q,2020,474897580.2,,,0,0,
OECD.ITF:DSD_INFRINV@DF_INFRINV(1.0),MEX,A,INV,EUR,TOT_INL,Q,1995,1896309922,,,0,0,
OECD.ITF:DSD_INFRINV@DF_INFRINV(1.0),MEX,A,INV,EUR,TOT_INL,Q,1996,1749699787,,,0,0,
OECD.ITF:DSD_INFRINV@DF_INFRINV(1.0),MEX,A,INV,EUR,TOT_INL,Q,1997,2457970313,,,0,0,
OECD.ITF:DSD_INFRINV@DF_INFRINV(1.0),MEX,A,INV,EUR,TOT_INL,Q,1998,1786310405,,,0,0,
OECD.ITF:DSD_INFRINV@DF_INFRINV(1.0),MEX,A,INV,EUR,TOT_INL,Q,1999,2049611660,,,0,0,
OECD.ITF:DSD_INFRINV@DF_INFRINV(1.0),MEX,A,INV,EUR,TOT_INL,Q,2000,1873795191,,,0,0,
OECD.ITF:DSD_INFRINV@DF_INFRINV(1.0),MEX,A,INV,EUR,TOT_INL,Q,2001,1493370013,,,0,0,
OECD.ITF:DSD_INFRINV@DF_INFRINV(1.0),MEX,A,INV,EUR,TOT_INL,Q,2002,1805806600,,,0,0,
OECD.ITF:DSD_INFRINV@DF_INFRINV(1.0),MEX,A,INV,EUR,TOT_INL,Q,2003,2459072519,,,0,0,
OECD.ITF:DSD_INFRINV@DF_INFRINV(1.0),MEX,A,INV,EUR,TOT_INL,Q,2004,3025841632,,,0,0,
OECD.ITF:DSD_INFRINV@DF_INFRINV(1.0),MEX,A,INV,EUR,TOT_INL,Q,2005,3848198033,,,0,0,
OECD.ITF:DSD_INFRINV@DF_INFRINV(1.0),MEX,A,INV,EUR,TOT_INL,Q,2006,3473385133,,,0,0,
OECD.ITF:DSD_INFRINV@DF_INFRINV(1.0),MEX,A,INV,EUR,TOT_INL,Q,2007,3342681822,,,0,0,
OECD.ITF:DSD_INFRINV@DF_INFRINV(1.0),MEX,A,INV,EUR,TOT_INL,Q,2008,3824015869,,,0,0,
OECD.ITF:DSD_INFRINV@DF_INFRINV(1.0),MEX,A,INV,EUR,TOT_INL,Q,2009,4754455110,,,0,0,
OECD.ITF:DSD_INFRINV@DF_INFRINV(1.0),MEX,A,INV,EUR,TOT_INL,Q,2010,5133519919,,,0,0,
OECD.ITF:DSD_INFRINV@DF_INFRINV(1.0),MEX,A,INV,EUR,TOT_INL,Q,2011,5237306120,,,0,0,
OECD.ITF:DSD_INFRINV@DF_INFRINV(1.0),MEX,A,INV,EUR,TOT_INL,Q,2012,4918985485,,,0,0,
OECD.ITF:DSD_INFRINV@DF_INFRINV(1.0),MEX,A,INV,EUR,TOT_INL,Q,2013,5165523460,,,0,0,
OECD.ITF:DSD_INFRINV@DF_INFRINV(1.0),MEX,A,INV,EUR,TOT_INL,Q,2014,6205405414,,,0,0,
OECD.ITF:DSD_INFRINV@DF_INFRINV(1.0),MEX,A,INV,EUR,TOT_INL,Q,2015,5549576266,,,0,0,
OECD.ITF:DSD_INFRINV@DF_INFRINV(1.0),MEX,A,INV,EUR,TOT_INL,Q,2016,5344387485,,,0,0,
OECD.ITF:DSD_INFRINV@DF_INFRINV(1.0),MEX,A,INV,EUR,TOT_INL,Q,2017,4172099992,,,0,0,
OECD.ITF:DSD_INFRINV@DF_INFRINV(1.0),MEX,A,INV,EUR,TOT_INL,Q,2018,4162362877,,,0,0,
OECD.ITF:DSD_INFRINV@DF_INFRINV(1.0),MEX,A,INV,EUR,TOT_INL,Q,2019,3100536502,,,0,0,
OECD.ITF:DSD_INFRINV@DF_INFRINV(1.0),MEX,A,INV,EUR,TOT_INL,Q,2020,2130955938,,,0,0,
OECD.ITF:DSD_INFRINV@DF_INFRINV(1.0),MEX,A,INV,EUR,TOT_INL,Q,2021,2388046174,,,0,0,
OECD.ITF:DSD_INFRINV@DF_INFRINV(1.0),MEX,A,INV,EUR,TOT_INL,Q,2022,2550734770,,,0,0,
OECD.ITF:DSD_INFRINV@DF_INFRINV(1.0),MEX,A,INV,EUR,TOT_INL,Q,2023,2297048231,,,0,0,
OECD.ITF:DSD_INFRINV@DF_INFRINV(1.0),MEX,A,INV,EUR,TOT_INL,Q,2024,3873391655,,,0,0,
OECD.ITF:DSD_INFRINV@DF_INFRINV(1.0),NLD,A,INV,EUR,TOT_INL,Q,2000,4177949141,,,0,0,
OECD.ITF:DSD_INFRINV@DF_INFRINV(1.0),NLD,A,INV,EUR,TOT_INL,Q,2001,4341063147,,,0,0,
OECD.ITF:DSD_INFRINV@DF_INFRINV(1.0),NLD,A,INV,EUR,TOT_INL,Q,2002,5770893171,,,0,0,
OECD.ITF:DSD_INFRINV@DF_INFRINV(1.0),NLD,A,INV,EUR,TOT_INL,Q,2003,5696483584,,,0,0,
OECD.ITF:DSD_INFRINV@DF_INFRINV(1.0),NLD,A,INV,EUR,TOT_INL,Q,2004,5226419680,,,0,0,
OECD.ITF:DSD_INFRINV@DF_INFRINV(1.0),NLD,A,INV,EUR,TOT_INL,Q,2005,3957645332,,,0,0,
OECD.ITF:DSD_INFRINV@DF_INFRINV(1.0),NLD,A,INV,EUR,TOT_INL,Q,2006,3217678546,,,0,0,
OECD.ITF:DSD_INFRINV@DF_INFRINV(1.0),NLD,A,INV,EUR,TOT_INL,Q,2007,3188763839,,,0,0,
OECD.ITF:DSD_INFRINV@DF_INFRINV(1.0),NLD,A,INV,EUR,TOT_INL,Q,2008,3477119200,,,0,0,
OECD.ITF:DSD_INFRINV@DF_INFRINV(1.0),NLD,A,INV,EUR,TOT_INL,Q,2009,3857762894,,,0,0,
OECD.ITF:DSD_INFRINV@DF_INFRINV(1.0),NLD,A,INV,EUR,TOT_INL,Q,2010,3853871826,,,0,0,
OECD.ITF:DSD_INFRINV@DF_INFRINV(1.0),NLD,A,INV,EUR,TOT_INL,Q,2011,7133832113,,,0,0,
OECD.ITF:DSD_INFRINV@DF_INFRINV(1.0),NZL,A,INV,EUR,TOT_INL,Q,2007,853806280.7,,,0,0,
OECD.ITF:DSD_INFRINV@DF_INFRINV(1.0),NZL,A,INV,EUR,TOT_INL,Q,2008,1120833753,,,0,0,
OECD.ITF:DSD_INFRINV@DF_INFRINV(1.0),NZL,A,INV,EUR,TOT_INL,Q,2009,1075013120,,,0,0,
OECD.ITF:DSD_INFRINV@DF_INFRINV(1.0),NZL,A,INV,EUR,TOT_INL,Q,2010,1293630593,,,0,0,
OECD.ITF:DSD_INFRINV@DF_INFRINV(1.0),NZL,A,INV,EUR,TOT_INL,Q,2011,1428497511,,,0,0,
OECD.ITF:DSD_INFRINV@DF_INFRINV(1.0),NZL,A,INV,EUR,TOT_INL,Q,2012,880938618.4,,,0,0,
OECD.ITF:DSD_INFRINV@DF_INFRINV(1.0),NZL,A,INV,EUR,TOT_INL,Q,2013,1071198588,,,0,0,
OECD.ITF:DSD_INFRINV@DF_INFRINV(1.0),NZL,A,INV,EUR,TOT_INL,Q,2014,1167382848,,,0,0,
OECD.ITF:DSD_INFRINV@DF_INFRINV(1.0),NZL,A,INV,EUR,TOT_INL,Q,2015,1365001218,,,0,0,
OECD.ITF:DSD_INFRINV@DF_INFRINV(1.0),NZL,A,INV,EUR,TOT_INL,Q,2016,1084668806,,,0,0,
OECD.ITF:DSD_INFRINV@DF_INFRINV(1.0),NZL,A,INV,EUR,TOT_INL,Q,2017,1069124774,,,0,0,
OECD.ITF:DSD_INFRINV@DF_INFRINV(1.0),NZL,A,INV,EUR,TOT_INL,Q,2018,1328696006,,,0,0,
OECD.ITF:DSD_INFRINV@DF_INFRINV(1.0),NZL,A,INV,EUR,TOT_INL,Q,2019,1205168444,,,0,0,
OECD.ITF:DSD_INFRINV@DF_INFRINV(1.0),NZL,A,INV,EUR,TOT_INL,Q,2020,1585790405,,,0,0,
OECD.ITF:DSD_INFRINV@DF_INFRINV(1.0),NZL,A,INV,EUR,TOT_INL,Q,2021,1177297479,,,0,0,
OECD.ITF:DSD_INFRINV@DF_INFRINV(1.0),NZL,A,INV,EUR,TOT_INL,Q,2022,864500914.7,,,0,0,
OECD.ITF:DSD_INFRINV@DF_INFRINV(1.0),NZL,A,INV,EUR,TOT_INL,Q,2023,1194965147,,,0,0,
OECD.ITF:DSD_INFRINV@DF_INFRINV(1.0),NZL,A,INV,EUR,TOT_INL,Q,2024,1609086704,,,0,0,
OECD.ITF:DSD_INFRINV@DF_INFRINV(1.0),NOR,A,INV,EUR,TOT_INL,Q,1995,2077553412,,,0,0,
OECD.ITF:DSD_INFRINV@DF_INFRINV(1.0),NOR,A,INV,EUR,TOT_INL,Q,1996,2231526029,,,0,0,
OECD.ITF:DSD_INFRINV@DF_INFRINV(1.0),NOR,A,INV,EUR,TOT_INL,Q,1997,2126927437,,,0,0,
OECD.ITF:DSD_INFRINV@DF_INFRINV(1.0),NOR,A,INV,EUR,TOT_INL,Q,1998,2268240887,,,0,0,
OECD.ITF:DSD_INFRINV@DF_INFRINV(1.0),NOR,A,INV,EUR,TOT_INL,Q,1999,1999700662,,,0,0,
OECD.ITF:DSD_INFRINV@DF_INFRINV(1.0),NOR,A,INV,EUR,TOT_INL,Q,2000,1973006133,,,0,0,
OECD.ITF:DSD_INFRINV@DF_INFRINV(1.0),NOR,A,INV,EUR,TOT_INL,Q,2001,1820104161,,,0,0,
OECD.ITF:DSD_INFRINV@DF_INFRINV(1.0),NOR,A,INV,EUR,TOT_INL,Q,2002,1847523692,,,0,0,
OECD.ITF:DSD_INFRINV@DF_INFRINV(1.0),NOR,A,INV,EUR,TOT_INL,Q,2003,1855023058,,,0,0,
OECD.ITF:DSD_INFRINV@DF_INFRINV(1.0),NOR,A,INV,EUR,TOT_INL,Q,2004,2105416863,,,0,0,
OECD.ITF:DSD_INFRINV@DF_INFRINV(1.0),NOR,A,INV,EUR,TOT_INL,Q,2005,2307916995,,,0,0,
OECD.ITF:DSD_INFRINV@DF_INFRINV(1.0),NOR,A,INV,EUR,TOT_INL,Q,2006,2288423569,,,0,0,
OECD.ITF:DSD_INFRINV@DF_INFRINV(1.0),NOR,A,INV,EUR,TOT_INL,Q,2007,2558592397,,,0,0,
OECD.ITF:DSD_INFRINV@DF_INFRINV(1.0),NOR,A,INV,EUR,TOT_INL,Q,2008,2870302668,,,0,0,
OECD.ITF:DSD_INFRINV@DF_INFRINV(1.0),NOR,A,INV,EUR,TOT_INL,Q,2009,3413736089,,,0,0,
OECD.ITF:DSD_INFRINV@DF_INFRINV(1.0),NOR,A,INV,EUR,TOT_INL,Q,2010,3304051435,,,0,0,
OECD.ITF:DSD_INFRINV@DF_INFRINV(1.0),NOR,A,INV,EUR,TOT_INL,Q,2011,3245296431,,,0,0,
OECD.ITF:DSD_INFRINV@DF_INFRINV(1.0),NOR,A,INV,EUR,TOT_INL,Q,2012,3563986324,,,0,0,
OECD.ITF:DSD_INFRINV@DF_INFRINV(1.0),NOR,A,INV,EUR,TOT_INL,Q,2013,4262255678,,,0,0,
OECD.ITF:DSD_INFRINV@DF_INFRINV(1.0),NOR,A,INV,EUR,TOT_INL,Q,2014,4780267382,,,0,0,
OECD.ITF:DSD_INFRINV@DF_INFRINV(1.0),NOR,A,INV,EUR,TOT_INL,Q,2015,4841137591,,,0,0,
OECD.ITF:DSD_INFRINV@DF_INFRINV(1.0),NOR,A,INV,EUR,TOT_INL,Q,2016,4948957570,,,0,0,
OECD.ITF:DSD_INFRINV@DF_INFRINV(1.0),NOR,A,INV,EUR,TOT_INL,Q,2017,4920089156,,,0,0,
OECD.ITF:DSD_INFRINV@DF_INFRINV(1.0),NOR,A,INV,EUR,TOT_INL,Q,2018,5253996920,,,0,0,
OECD.ITF:DSD_INFRINV@DF_INFRINV(1.0),NOR,A,INV,EUR,TOT_INL,Q,2019,5480963813,,,0,0,
OECD.ITF:DSD_INFRINV@DF_INFRINV(1.0),NOR,A,INV,EUR,TOT_INL,Q,2020,5020836253,,,0,0,
OECD.ITF:DSD_INFRINV@DF_INFRINV(1.0),NOR,A,INV,EUR,TOT_INL,Q,2021,4799789525,,,0,0,
OECD.ITF:DSD_INFRINV@DF_INFRINV(1.0),NOR,A,INV,EUR,TOT_INL,Q,2022,4723772195,,,0,0,
OECD.ITF:DSD_INFRINV@DF_INFRINV(1.0),NOR,A,INV,EUR,TOT_INL,Q,2023,4823179754,,,0,0,
OECD.ITF:DSD_INFRINV@DF_INFRINV(1.0),POL,A,INV,EUR,TOT_INL,Q,1995,1616913905,,,0,0,
OECD.ITF:DSD_INFRINV@DF_INFRINV(1.0),POL,A,INV,EUR,TOT_INL,Q,1999,812313252.8,,,0,0,
OECD.ITF:DSD_INFRINV@DF_INFRINV(1.0),POL,A,INV,EUR,TOT_INL,Q,2001,1458006848,,,0,0,
OECD.ITF:DSD_INFRINV@DF_INFRINV(1.0),POL,A,INV,EUR,TOT_INL,Q,2002,1424888411,,,0,0,
OECD.ITF:DSD_INFRINV@DF_INFRINV(1.0),POL,A,INV,EUR,TOT_INL,Q,2003,1699291651,,,0,0,
OECD.ITF:DSD_INFRINV@DF_INFRINV(1.0),POL,A,INV,EUR,TOT_INL,Q,2005,2536723754,,,0,0,
OECD.ITF:DSD_INFRINV@DF_INFRINV(1.0),POL,A,INV,EUR,TOT_INL,Q,2006,3379690115,,,0,0,
OECD.ITF:DSD_INFRINV@DF_INFRINV(1.0),POL,A,INV,EUR,TOT_INL,Q,2007,4376432126,,,0,0,
OECD.ITF:DSD_INFRINV@DF_INFRINV(1.0),POL,A,INV,EUR,TOT_INL,Q,2008,5176145846,,,0,0,
OECD.ITF:DSD_INFRINV@DF_INFRINV(1.0),POL,A,INV,EUR,TOT_INL,Q,2009,6797274605,,,0,0,
OECD.ITF:DSD_INFRINV@DF_INFRINV(1.0),POL,A,INV,EUR,TOT_INL,Q,2010,7418492652,,,0,0,
OECD.ITF:DSD_INFRINV@DF_INFRINV(1.0),POL,A,INV,EUR,TOT_INL,Q,2011,9529653797,,,0,0,
OECD.ITF:DSD_INFRINV@DF_INFRINV(1.0),POL,A,INV,EUR,TOT_INL,Q,2012,4916109835,,,0,0,
OECD.ITF:DSD_INFRINV@DF_INFRINV(1.0),POL,A,INV,EUR,TOT_INL,Q,2016,3546114772,,,0,0,
OECD.ITF:DSD_INFRINV@DF_INFRINV(1.0),POL,A,INV,EUR,TOT_INL,Q,2017,3716325620,,,0,0,
OECD.ITF:DSD_INFRINV@DF_INFRINV(1.0),POL,A,INV,EUR,TOT_INL,Q,2018,3092773385,,,0,0,
OECD.ITF:DSD_INFRINV@DF_INFRINV(1.0),POL,A,INV,EUR,TOT_INL,Q,2020,3715004001,,,0,0,
OECD.ITF:DSD_INFRINV@DF_INFRINV(1.0),POL,A,INV,EUR,TOT_INL,Q,2021,3665232090,,,0,0,
OECD.ITF:DSD_INFRINV@DF_INFRINV(1.0),POL,A,INV,EUR,TOT_INL,Q,2022,3461428692,,,0,0,
OECD.ITF:DSD_INFRINV@DF_INFRINV(1.0),POL,A,INV,EUR,TOT_INL,Q,2023,3847713219,,,0,0,
OECD.ITF:DSD_INFRINV@DF_INFRINV(1.0),POL,A,INV,EUR,TOT_INL,Q,2024,3662807229,,,0,0,
OECD.ITF:DSD_INFRINV@DF_INFRINV(1.0),PRT,A,INV,EUR,TOT_INL,Q,1995,1499004943,,,0,0,
OECD.ITF:DSD_INFRINV@DF_INFRINV(1.0),PRT,A,INV,EUR,TOT_INL,Q,1996,1589366604,,,0,0,
OECD.ITF:DSD_INFRINV@DF_INFRINV(1.0),PRT,A,INV,EUR,TOT_INL,Q,1997,2195331714,,,0,0,
OECD.ITF:DSD_INFRINV@DF_INFRINV(1.0),PRT,A,INV,EUR,TOT_INL,Q,1998,2095564727,,,0,0,
OECD.ITF:DSD_INFRINV@DF_INFRINV(1.0),PRT,A,INV,EUR,TOT_INL,Q,1999,1256835979,,,0,0,
OECD.ITF:DSD_INFRINV@DF_INFRINV(1.0),PRT,A,INV,EUR,TOT_INL,Q,2001,2757608325,,,0,0,
OECD.ITF:DSD_INFRINV@DF_INFRINV(1.0),PRT,A,INV,EUR,TOT_INL,Q,2003,2732944940,,,0,0,
OECD.ITF:DSD_INFRINV@DF_INFRINV(1.0),PRT,A,INV,EUR,TOT_INL,Q,2004,2880321171,,,0,0,
OECD.ITF:DSD_INFRINV@DF_INFRINV(1.0),PRT,A,INV,EUR,TOT_INL,Q,2005,2927653509,,,0,0,
OECD.ITF:DSD_INFRINV@DF_INFRINV(1.0),PRT,A,INV,EUR,TOT_INL,Q,2006,2517572882,,,0,0,
OECD.ITF:DSD_INFRINV@DF_INFRINV(1.0),PRT,A,INV,EUR,TOT_INL,Q,2007,1938743495,,,0,0,
OECD.ITF:DSD_INFRINV@DF_INFRINV(1.0),PRT,A,INV,EUR,TOT_INL,Q,2008,1876900827,,,0,0,
OECD.ITF:DSD_INFRINV@DF_INFRINV(1.0),PRT,A,INV,EUR,TOT_INL,Q,2010,1998664078,,,0,0,
OECD.ITF:DSD_INFRINV@DF_INFRINV(1.0),PRT,A,INV,EUR,TOT_INL,Q,2012,381286500.6,,,0,0,
OECD.ITF:DSD_INFRINV@DF_INFRINV(1.0),PRT,A,INV,EUR,TOT_INL,Q,2013,289619899.6,,,0,0,
OECD.ITF:DSD_INFRINV@DF_INFRINV(1.0),SVK,A,INV,EUR,TOT_INL,Q,1995,378669248.1,,,0,0,
OECD.ITF:DSD_INFRINV@DF_INFRINV(1.0),SVK,A,INV,EUR,TOT_INL,Q,1996,507601644.1,,,0,0,
OECD.ITF:DSD_INFRINV@DF_INFRINV(1.0),SVK,A,INV,EUR,TOT_INL,Q,1997,1027644774,,,0,0,
OECD.ITF:DSD_INFRINV@DF_INFRINV(1.0),SVK,A,INV,EUR,TOT_INL,Q,1998,776497456.7,,,0,0,
OECD.ITF:DSD_INFRINV@DF_INFRINV(1.0),SVK,A,INV,EUR,TOT_INL,Q,1999,456202673.6,,,0,0,
OECD.ITF:DSD_INFRINV@DF_INFRINV(1.0),SVK,A,INV,EUR,TOT_INL,Q,2000,491722955.2,,,0,0,
OECD.ITF:DSD_INFRINV@DF_INFRINV(1.0),SVK,A,INV,EUR,TOT_INL,Q,2001,596654872.9,,,0,0,
OECD.ITF:DSD_INFRINV@DF_INFRINV(1.0),SVK,A,INV,EUR,TOT_INL,Q,2002,764428201.6,,,0,0,
OECD.ITF:DSD_INFRINV@DF_INFRINV(1.0),SVK,A,INV,EUR,TOT_INL,Q,2004,441689061.5,,,0,0,
OECD.ITF:DSD_INFRINV@DF_INFRINV(1.0),SVK,A,INV,EUR,TOT_INL,Q,2005,661427719,,,0,0,
OECD.ITF:DSD_INFRINV@DF_INFRINV(1.0),SVK,A,INV,EUR,TOT_INL,Q,2006,777085137.8,,,0,0,
OECD.ITF:DSD_INFRINV@DF_INFRINV(1.0),SVK,A,INV,EUR,TOT_INL,Q,2007,953033291.2,,,0,0,
OECD.ITF:DSD_INFRINV@DF_INFRINV(1.0),SVK,A,INV,EUR,TOT_INL,Q,2008,874345080.8,,,0,0,
OECD.ITF:DSD_INFRINV@DF_INFRINV(1.0),SVK,A,INV,EUR,TOT_INL,Q,2010,654356020.5,,,0,0,
OECD.ITF:DSD_INFRINV@DF_INFRINV(1.0),SVK,A,INV,EUR,TOT_INL,Q,2011,753166009.5,,,0,0,
OECD.ITF:DSD_INFRINV@DF_INFRINV(1.0),SVK,A,INV,EUR,TOT_INL,Q,2012,547825816.3,,,0,0,
OECD.ITF:DSD_INFRINV@DF_INFRINV(1.0),SVK,A,INV,EUR,TOT_INL,Q,2013,706914344.7,,,0,0,
OECD.ITF:DSD_INFRINV@DF_INFRINV(1.0),SVK,A,INV,EUR,TOT_INL,Q,2014,841140529.5,,,0,0,
OECD.ITF:DSD_INFRINV@DF_INFRINV(1.0),SVK,A,INV,EUR,TOT_INL,Q,2015,1429334000,,,0,0,
OECD.ITF:DSD_INFRINV@DF_INFRINV(1.0),SVK,A,INV,EUR,TOT_INL,Q,2016,872646245.1,,,0,0,
OECD.ITF:DSD_INFRINV@DF_INFRINV(1.0),SVK,A,INV,EUR,TOT_INL,Q,2017,941305848.5,,,0,0,
OECD.ITF:DSD_INFRINV@DF_INFRINV(1.0),SVK,A,INV,EUR,TOT_INL,Q,2018,973824675.3,,,0,0,
OECD.ITF:DSD_INFRINV@DF_INFRINV(1.0),SVK,A,INV,EUR,TOT_INL,Q,2020,808079930.5,,,0,0,
OECD.ITF:DSD_INFRINV@DF_INFRINV(1.0),SVK,A,INV,EUR,TOT_INL,Q,2021,1114548495,,,0,0,
OECD.ITF:DSD_INFRINV@DF_INFRINV(1.0),SVK,A,INV,EUR,TOT_INL,Q,2022,977369165.5,,,0,0,
OECD.ITF:DSD_INFRINV@DF_INFRINV(1.0),SVK,A,INV,EUR,TOT_INL,Q,2023,778907242.7,,,0,0,
OECD.ITF:DSD_INFRINV@DF_INFRINV(1.0),SVK,A,INV,EUR,TOT_INL,Q,2024,757297124.6,,,0,0,
OECD.ITF:DSD_INFRINV@DF_INFRINV(1.0),SVN,A,INV,EUR,TOT_INL,Q,2000,672432020.2,,,0,0,
OECD.ITF:DSD_INFRINV@DF_INFRINV(1.0),SVN,A,INV,EUR,TOT_INL,Q,2001,467172900.8,,,0,0,
OECD.ITF:DSD_INFRINV@DF_INFRINV(1.0),SVN,A,INV,EUR,TOT_INL,Q,2002,539894743.2,,,0,0,
OECD.ITF:DSD_INFRINV@DF_INFRINV(1.0),SVN,A,INV,EUR,TOT_INL,Q,2003,700228180.3,,,0,0,
OECD.ITF:DSD_INFRINV@DF_INFRINV(1.0),SVN,A,INV,EUR,TOT_INL,Q,2004,735703491.6,,,0,0,
OECD.ITF:DSD_INFRINV@DF_INFRINV(1.0),SVN,A,INV,EUR,TOT_INL,Q,2005,623479318.7,,,0,0,
OECD.ITF:DSD_INFRINV@DF_INFRINV(1.0),SVN,A,INV,EUR,TOT_INL,Q,2006,699801762.6,,,0,0,
OECD.ITF:DSD_INFRINV@DF_INFRINV(1.0),SVN,A,INV,EUR,TOT_INL,Q,2007,813253348.5,,,0,0,
OECD.ITF:DSD_INFRINV@DF_INFRINV(1.0),SVN,A,INV,EUR,TOT_INL,Q,2008,828456972.7,,,0,0,
OECD.ITF:DSD_INFRINV@DF_INFRINV(1.0),SVN,A,INV,EUR,TOT_INL,Q,2009,517103355.8,,,0,0,
OECD.ITF:DSD_INFRINV@DF_INFRINV(1.0),SVN,A,INV,EUR,TOT_INL,Q,2010,360419397.1,,,0,0,
OECD.ITF:DSD_INFRINV@DF_INFRINV(1.0),SVN,A,INV,EUR,TOT_INL,Q,2011,213407471.2,,,0,0,
OECD.ITF:DSD_INFRINV@DF_INFRINV(1.0),SVN,A,INV,EUR,TOT_INL,Q,2012,172357433.7,,,0,0,
OECD.ITF:DSD_INFRINV@DF_INFRINV(1.0),SVN,A,INV,EUR,TOT_INL,Q,2013,244449787.6,,,0,0,
OECD.ITF:DSD_INFRINV@DF_INFRINV(1.0),SVN,A,INV,EUR,TOT_INL,Q,2014,400833895.6,,,0,0,
OECD.ITF:DSD_INFRINV@DF_INFRINV(1.0),SVN,A,INV,EUR,TOT_INL,Q,2016,236084278.2,,,0,0,
OECD.ITF:DSD_INFRINV@DF_INFRINV(1.0),SVN,A,INV,EUR,TOT_INL,Q,2017,306085008.6,,,0,0,
OECD.ITF:DSD_INFRINV@DF_INFRINV(1.0),SVN,A,INV,EUR,TOT_INL,Q,2018,454105281,,,0,0,
OECD.ITF:DSD_INFRINV@DF_INFRINV(1.0),SVN,A,INV,EUR,TOT_INL,Q,2019,468883983.1,,,0,0,
OECD.ITF:DSD_INFRINV@DF_INFRINV(1.0),SVN,A,INV,EUR,TOT_INL,Q,2020,381751555.4,,,0,0,
OECD.ITF:DSD_INFRINV@DF_INFRINV(1.0),SVN,A,INV,EUR,TOT_INL,Q,2021,548807258.9,,,0,0,
OECD.ITF:DSD_INFRINV@DF_INFRINV(1.0),SVN,A,INV,EUR,TOT_INL,Q,2022,591585548.8,,,0,0,
OECD.ITF:DSD_INFRINV@DF_INFRINV(1.0),SVN,A,INV,EUR,TOT_INL,Q,2023,670203113.9,,,0,0,
OECD.ITF:DSD_INFRINV@DF_INFRINV(1.0),SVN,A,INV,EUR,TOT_INL,Q,2024,386653117.8,,,0,0,
OECD.ITF:DSD_INFRINV@DF_INFRINV(1.0),ESP,A,INV,EUR,TOT_INL,Q,1995,7693954968,,,0,0,
OECD.ITF:DSD_INFRINV@DF_INFRINV(1.0),ESP,A,INV,EUR,TOT_INL,Q,1996,7260418234,,,0,0,
OECD.ITF:DSD_INFRINV@DF_INFRINV(1.0),ESP,A,INV,EUR,TOT_INL,Q,1997,6946637666,,,0,0,
OECD.ITF:DSD_INFRINV@DF_INFRINV(1.0),ESP,A,INV,EUR,TOT_INL,Q,1998,8593750000,,,0,0,
OECD.ITF:DSD_INFRINV@DF_INFRINV(1.0),ESP,A,INV,EUR,TOT_INL,Q,1999,8518910223,,,0,0,
OECD.ITF:DSD_INFRINV@DF_INFRINV(1.0),ESP,A,INV,EUR,TOT_INL,Q,2000,9374381590,,,0,0,
OECD.ITF:DSD_INFRINV@DF_INFRINV(1.0),ESP,A,INV,EUR,TOT_INL,Q,2001,11133648236,,,0,0,
OECD.ITF:DSD_INFRINV@DF_INFRINV(1.0),ESP,A,INV,EUR,TOT_INL,Q,2002,14533856180,,,0,0,
OECD.ITF:DSD_INFRINV@DF_INFRINV(1.0),ESP,A,INV,EUR,TOT_INL,Q,2003,15128452982,,,0,0,
OECD.ITF:DSD_INFRINV@DF_INFRINV(1.0),ESP,A,INV,EUR,TOT_INL,Q,2004,15286188194,,,0,0,
OECD.ITF:DSD_INFRINV@DF_INFRINV(1.0),ESP,A,INV,EUR,TOT_INL,Q,2005,18031200111,,,0,0,
OECD.ITF:DSD_INFRINV@DF_INFRINV(1.0),ESP,A,INV,EUR,TOT_INL,Q,2007,18906721315,,,0,0,
OECD.ITF:DSD_INFRINV@DF_INFRINV(1.0),ESP,A,INV,EUR,TOT_INL,Q,2008,18912552541,,,0,0,
OECD.ITF:DSD_INFRINV@DF_INFRINV(1.0),ESP,A,INV,EUR,TOT_INL,Q,2009,20351685720,,,0,0,
OECD.ITF:DSD_INFRINV@DF_INFRINV(1.0),ESP,A,INV,EUR,TOT_INL,Q,2010,16657316705,,,0,0,
OECD.ITF:DSD_INFRINV@DF_INFRINV(1.0),ESP,A,INV,EUR,TOT_INL,Q,2011,13638335435,,,0,0,
OECD.ITF:DSD_INFRINV@DF_INFRINV(1.0),ESP,A,INV,EUR,TOT_INL,Q,2012,10368526961,,,0,0,
OECD.ITF:DSD_INFRINV@DF_INFRINV(1.0),ESP,A,INV,EUR,TOT_INL,Q,2013,7107521064,,,0,0,
OECD.ITF:DSD_INFRINV@DF_INFRINV(1.0),ESP,A,INV,EUR,TOT_INL,Q,2014,7246944531,,,0,0,
OECD.ITF:DSD_INFRINV@DF_INFRINV(1.0),ESP,A,INV,EUR,TOT_INL,Q,2015,6872000000,,,0,0,
OECD.ITF:DSD_INFRINV@DF_INFRINV(1.0),ESP,A,INV,EUR,TOT_INL,Q,2016,5710805314,,,0,0,
OECD.ITF:DSD_INFRINV@DF_INFRINV(1.0),ESP,A,INV,EUR,TOT_INL,Q,2017,5837372638,,,0,0,
OECD.ITF:DSD_INFRINV@DF_INFRINV(1.0),ESP,A,INV,EUR,TOT_INL,Q,2018,5458213256,,,0,0,
OECD.ITF:DSD_INFRINV@DF_INFRINV(1.0),ESP,A,INV,EUR,TOT_INL,Q,2019,5671281779,,,0,0,
OECD.ITF:DSD_INFRINV@DF_INFRINV(1.0),ESP,A,INV,EUR,TOT_INL,Q,2020,6233745287,,,0,0,
OECD.ITF:DSD_INFRINV@DF_INFRINV(1.0),ESP,A,INV,EUR,TOT_INL,Q,2021,5363619175,,,0,0,
OECD.ITF:DSD_INFRINV@DF_INFRINV(1.0),ESP,A,INV,EUR,TOT_INL,Q,2022,5337238939,,,0,0,
OECD.ITF:DSD_INFRINV@DF_INFRINV(1.0),ESP,A,INV,EUR,TOT_INL,Q,2023,6182294855,,,0,0,
OECD.ITF:DSD_INFRINV@DF_INFRINV(1.0),SWE,A,INV,EUR,TOT_INL,Q,1996,3204093387,,,0,0,
OECD.ITF:DSD_INFRINV@DF_INFRINV(1.0),SWE,A,INV,EUR,TOT_INL,Q,1997,2488645011,,,0,0,
OECD.ITF:DSD_INFRINV@DF_INFRINV(1.0),SWE,A,INV,EUR,TOT_INL,Q,1998,2841061539,,,0,0,
OECD.ITF:DSD_INFRINV@DF_INFRINV(1.0),SWE,A,INV,EUR,TOT_INL,Q,1999,2472892374,,,0,0,
OECD.ITF:DSD_INFRINV@DF_INFRINV(1.0),SWE,A,INV,EUR,TOT_INL,Q,2000,2126542615,,,0,0,
OECD.ITF:DSD_INFRINV@DF_INFRINV(1.0),SWE,A,INV,EUR,TOT_INL,Q,2001,2335100050,,,0,0,
OECD.ITF:DSD_INFRINV@DF_INFRINV(1.0),SWE,A,INV,EUR,TOT_INL,Q,2002,2812608779,,,0,0,
OECD.ITF:DSD_INFRINV@DF_INFRINV(1.0),SWE,A,INV,EUR,TOT_INL,Q,2003,2858721486,,,0,0,
OECD.ITF:DSD_INFRINV@DF_INFRINV(1.0),SWE,A,INV,EUR,TOT_INL,Q,2005,3440510087,,,0,0,
OECD.ITF:DSD_INFRINV@DF_INFRINV(1.0),SWE,A,INV,EUR,TOT_INL,Q,2006,3328466121,,,0,0,
OECD.ITF:DSD_INFRINV@DF_INFRINV(1.0),SWE,A,INV,EUR,TOT_INL,Q,2007,3384019712,,,0,0,
OECD.ITF:DSD_INFRINV@DF_INFRINV(1.0),SWE,A,INV,EUR,TOT_INL,Q,2008,3669406599,,,0,0,
OECD.ITF:DSD_INFRINV@DF_INFRINV(1.0),SWE,A,INV,EUR,TOT_INL,Q,2009,3967890301,,,0,0,
OECD.ITF:DSD_INFRINV@DF_INFRINV(1.0),SWE,A,INV,EUR,TOT_INL,Q,2010,3724017456,,,0,0,
OECD.ITF:DSD_INFRINV@DF_INFRINV(1.0),SWE,A,INV,EUR,TOT_INL,Q,2011,3588293717,,,0,0,
OECD.ITF:DSD_INFRINV@DF_INFRINV(1.0),SWE,A,INV,EUR,TOT_INL,Q,2012,3657916556,,,0,0,
OECD.ITF:DSD_INFRINV@DF_INFRINV(1.0),SWE,A,INV,EUR,TOT_INL,Q,2013,3228641062,,,0,0,
OECD.ITF:DSD_INFRINV@DF_INFRINV(1.0),SWE,A,INV,EUR,TOT_INL,Q,2014,3310570310,,,0,0,
OECD.ITF:DSD_INFRINV@DF_INFRINV(1.0),SWE,A,INV,EUR,TOT_INL,Q,2016,3572103647,,,0,0,
OECD.ITF:DSD_INFRINV@DF_INFRINV(1.0),SWE,A,INV,EUR,TOT_INL,Q,2017,3853865035,,,0,0,
OECD.ITF:DSD_INFRINV@DF_INFRINV(1.0),SWE,A,INV,EUR,TOT_INL,Q,2018,3994244208,,,0,0,
OECD.ITF:DSD_INFRINV@DF_INFRINV(1.0),SWE,A,INV,EUR,TOT_INL,Q,2019,4260590396,,,0,0,
OECD.ITF:DSD_INFRINV@DF_INFRINV(1.0),SWE,A,INV,EUR,TOT_INL,Q,2020,5028825067,,,0,0,
OECD.ITF:DSD_INFRINV@DF_INFRINV(1.0),SWE,A,INV,EUR,TOT_INL,Q,2021,4725927013,,,0,0,
OECD.ITF:DSD_INFRINV@DF_INFRINV(1.0),SWE,A,INV,EUR,TOT_INL,Q,2022,4418647392,,,0,0,
OECD.ITF:DSD_INFRINV@DF_INFRINV(1.0),SWE,A,INV,EUR,TOT_INL,Q,2023,4213630698,,,0,0,
OECD.ITF:DSD_INFRINV@DF_INFRINV(1.0),SWE,A,INV,EUR,TOT_INL,Q,2024,4309037642,,,0,0,
OECD.ITF:DSD_INFRINV@DF_INFRINV(1.0),CHE,A,INV,EUR,TOT_INL,Q,1998,7422997927,,,0,0,
OECD.ITF:DSD_INFRINV@DF_INFRINV(1.0),CHE,A,INV,EUR,TOT_INL,Q,1999,7705649262,,,0,0,
OECD.ITF:DSD_INFRINV@DF_INFRINV(1.0),CHE,A,INV,EUR,TOT_INL,Q,2000,7510634040,,,0,0,
OECD.ITF:DSD_INFRINV@DF_INFRINV(1.0),CHE,A,INV,EUR,TOT_INL,Q,2001,7315841839,,,0,0,
OECD.ITF:DSD_INFRINV@DF_INFRINV(1.0),CHE,A,INV,EUR,TOT_INL,Q,2002,8084696894,,,0,0,
OECD.ITF:DSD_INFRINV@DF_INFRINV(1.0),CHE,A,INV,EUR,TOT_INL,Q,2003,8216074773,,,0,0,
OECD.ITF:DSD_INFRINV@DF_INFRINV(1.0),CHE,A,INV,EUR,TOT_INL,Q,2004,8219886559,,,0,0,
OECD.ITF:DSD_INFRINV@DF_INFRINV(1.0),CHE,A,INV,EUR,TOT_INL,Q,2006,8260707548,,,0,0,
OECD.ITF:DSD_INFRINV@DF_INFRINV(1.0),CHE,A,INV,EUR,TOT_INL,Q,2007,8199744638,,,0,0,
OECD.ITF:DSD_INFRINV@DF_INFRINV(1.0),CHE,A,INV,EUR,TOT_INL,Q,2008,8390002591,,,0,0,
OECD.ITF:DSD_INFRINV@DF_INFRINV(1.0),CHE,A,INV,EUR,TOT_INL,Q,2009,8832256707,,,0,0,
OECD.ITF:DSD_INFRINV@DF_INFRINV(1.0),CHE,A,INV,EUR,TOT_INL,Q,2010,8795622610,,,0,0,
OECD.ITF:DSD_INFRINV@DF_INFRINV(1.0),CHE,A,INV,EUR,TOT_INL,Q,2011,8576956407,,,0,0,
OECD.ITF:DSD_INFRINV@DF_INFRINV(1.0),CHE,A,INV,EUR,TOT_INL,Q,2012,8409492102,,,0,0,
OECD.ITF:DSD_INFRINV@DF_INFRINV(1.0),CHE,A,INV,EUR,TOT_INL,Q,2013,8540011156,,,0,0,
OECD.ITF:DSD_INFRINV@DF_INFRINV(1.0),CHE,A,INV,EUR,TOT_INL,Q,2014,8217496865,,,0,0,
OECD.ITF:DSD_INFRINV@DF_INFRINV(1.0),CHE,A,INV,EUR,TOT_INL,Q,2015,8464826861,,,0,0,
OECD.ITF:DSD_INFRINV@DF_INFRINV(1.0),CHE,A,INV,EUR,TOT_INL,Q,2016,8008333467,,,0,0,
OECD.ITF:DSD_INFRINV@DF_INFRINV(1.0),CHE,A,INV,EUR,TOT_INL,Q,2017,7385270070,,,0,0,
OECD.ITF:DSD_INFRINV@DF_INFRINV(1.0),CHE,A,INV,EUR,TOT_INL,Q,2018,7486563335,,,0,0,
OECD.ITF:DSD_INFRINV@DF_INFRINV(1.0),CHE,A,INV,EUR,TOT_INL,Q,2019,8029718862,,,0,0,
OECD.ITF:DSD_INFRINV@DF_INFRINV(1.0),CHE,A,INV,EUR,TOT_INL,Q,2020,8446840996,,,0,0,
OECD.ITF:DSD_INFRINV@DF_INFRINV(1.0),CHE,A,INV,EUR,TOT_INL,Q,2021,8401056193,,,0,0,
OECD.ITF:DSD_INFRINV@DF_INFRINV(1.0),CHE,A,INV,EUR,TOT_INL,Q,2022,7656535358,,,0,0,
OECD.ITF:DSD_INFRINV@DF_INFRINV(1.0),CHE,A,INV,EUR,TOT_INL,Q,2023,7927896582,,,0,0,
OECD.ITF:DSD_INFRINV@DF_INFRINV(1.0),TUR,A,INV,EUR,TOT_INL,Q,1995,1198880955,,,0,0,
OECD.ITF:DSD_INFRINV@DF_INFRINV(1.0),TUR,A,INV,EUR,TOT_INL,Q,1996,1508978451,,,0,0,
OECD.ITF:DSD_INFRINV@DF_INFRINV(1.0),TUR,A,INV,EUR,TOT_INL,Q,1997,1798873106,,,0,0,
OECD.ITF:DSD_INFRINV@DF_INFRINV(1.0),TUR,A,INV,EUR,TOT_INL,Q,1998,1572909880,,,0,0,
OECD.ITF:DSD_INFRINV@DF_INFRINV(1.0),TUR,A,INV,EUR,TOT_INL,Q,1999,1327692009,,,0,0,
OECD.ITF:DSD_INFRINV@DF_INFRINV(1.0),TUR,A,INV,EUR,TOT_INL,Q,2000,1347845262,,,0,0,
OECD.ITF:DSD_INFRINV@DF_INFRINV(1.0),TUR,A,INV,EUR,TOT_INL,Q,2001,2097318829,,,0,0,
OECD.ITF:DSD_INFRINV@DF_INFRINV(1.0),TUR,A,INV,EUR,TOT_INL,Q,2002,1422684394,,,0,0,
OECD.ITF:DSD_INFRINV@DF_INFRINV(1.0),TUR,A,INV,EUR,TOT_INL,Q,2003,1520542941,,,0,0,
OECD.ITF:DSD_INFRINV@DF_INFRINV(1.0),TUR,A,INV,EUR,TOT_INL,Q,2004,2028355281,,,0,0,
OECD.ITF:DSD_INFRINV@DF_INFRINV(1.0),TUR,A,INV,EUR,TOT_INL,Q,2005,2436451218,,,0,0,
OECD.ITF:DSD_INFRINV@DF_INFRINV(1.0),TUR,A,INV,EUR,TOT_INL,Q,2006,3108485931,,,0,0,
OECD.ITF:DSD_INFRINV@DF_INFRINV(1.0),TUR,A,INV,EUR,TOT_INL,Q,2007,3026906870,,,0,0,
OECD.ITF:DSD_INFRINV@DF_INFRINV(1.0),TUR,A,INV,EUR,TOT_INL,Q,2008,4193848524,,,0,0,
OECD.ITF:DSD_INFRINV@DF_INFRINV(1.0),TUR,A,INV,EUR,TOT_INL,Q,2009,4840591302,,,0,0,
OECD.ITF:DSD_INFRINV@DF_INFRINV(1.0),TUR,A,INV,EUR,TOT_INL,Q,2010,7021136149,,,0,0,
OECD.ITF:DSD_INFRINV@DF_INFRINV(1.0),TUR,A,INV,EUR,TOT_INL,Q,2011,7049772444,,,0,0,
OECD.ITF:DSD_INFRINV@DF_INFRINV(1.0),TUR,A,INV,EUR,TOT_INL,Q,2012,6585258034,,,0,0,
OECD.ITF:DSD_INFRINV@DF_INFRINV(1.0),TUR,A,INV,EUR,TOT_INL,Q,2013,8813364456,,,0,0,
OECD.ITF:DSD_INFRINV@DF_INFRINV(1.0),TUR,A,INV,EUR,TOT_INL,Q,2014,8638983071,,,0,0,
OECD.ITF:DSD_INFRINV@DF_INFRINV(1.0),TUR,A,INV,EUR,TOT_INL,Q,2015,10670406518,,,0,0,
OECD.ITF:DSD_INFRINV@DF_INFRINV(1.0),TUR,A,INV,EUR,TOT_INL,Q,2016,9780636658,,,0,0,
OECD.ITF:DSD_INFRINV@DF_INFRINV(1.0),TUR,A,INV,EUR,TOT_INL,Q,2017,8521033275,,,0,0,
OECD.ITF:DSD_INFRINV@DF_INFRINV(1.0),TUR,A,INV,EUR,TOT_INL,Q,2018,11603671901,,,0,0,
OECD.ITF:DSD_INFRINV@DF_INFRINV(1.0),TUR,A,INV,EUR,TOT_INL,Q,2019,8940745873,,,0,0,
OECD.ITF:DSD_INFRINV@DF_INFRINV(1.0),TUR,A,INV,EUR,TOT_INL,Q,2020,9649497502,,,0,0,
OECD.ITF:DSD_INFRINV@DF_INFRINV(1.0),TUR,A,INV,EUR,TOT_INL,Q,2021,6954540488,,,0,0,
OECD.ITF:DSD_INFRINV@DF_INFRINV(1.0),TUR,A,INV,EUR,TOT_INL,Q,2022,6934165745,,,0,0,
OECD.ITF:DSD_INFRINV@DF_INFRINV(1.0),TUR,A,INV,EUR,TOT_INL,Q,2023,7593990715,,,0,0,
OECD.ITF:DSD_INFRINV@DF_INFRINV(1.0),TUR,A,INV,EUR,TOT_INL,Q,2024,6710604663,,,0,0,
OECD.ITF:DSD_INFRINV@DF_INFRINV(1.0),GBR,A,INV,EUR,TOT_INL,Q,1997,12893442425,,,0,0,
OECD.ITF:DSD_INFRINV@DF_INFRINV(1.0),GBR,A,INV,EUR,TOT_INL,Q,1998,13005791792,,,0,0,
OECD.ITF:DSD_INFRINV@DF_INFRINV(1.0),GBR,A,INV,EUR,TOT_INL,Q,1999,13809564335,,,0,0,
OECD.ITF:DSD_INFRINV@DF_INFRINV(1.0),GBR,A,INV,EUR,TOT_INL,Q,2000,12493527893,,,0,0,
OECD.ITF:DSD_INFRINV@DF_INFRINV(1.0),GBR,A,INV,EUR,TOT_INL,Q,2001,13891602437,,,0,0,
OECD.ITF:DSD_INFRINV@DF_INFRINV(1.0),GBR,A,INV,EUR,TOT_INL,Q,2002,15342108749,,,0,0,
OECD.ITF:DSD_INFRINV@DF_INFRINV(1.0),GBR,A,INV,EUR,TOT_INL,Q,2003,16743501795,,,0,0,
OECD.ITF:DSD_INFRINV@DF_INFRINV(1.0),GBR,A,INV,EUR,TOT_INL,Q,2004,13354253610,,,0,0,
OECD.ITF:DSD_INFRINV@DF_INFRINV(1.0),GBR,A,INV,EUR,TOT_INL,Q,2005,14163098886,,,0,0,
OECD.ITF:DSD_INFRINV@DF_INFRINV(1.0),GBR,A,INV,EUR,TOT_INL,Q,2006,16486726644,,,0,0,
OECD.ITF:DSD_INFRINV@DF_INFRINV(1.0),GBR,A,INV,EUR,TOT_INL,Q,2008,17000309585,,,0,0,
OECD.ITF:DSD_INFRINV@DF_INFRINV(1.0),GBR,A,INV,EUR,TOT_INL,Q,2009,18661764261,,,0,0,
OECD.ITF:DSD_INFRINV@DF_INFRINV(1.0),GBR,A,INV,EUR,TOT_INL,Q,2010,18297852059,,,0,0,
OECD.ITF:DSD_INFRINV@DF_INFRINV(1.0),GBR,A,INV,EUR,TOT_INL,Q,2011,18046916076,,,0,0,
OECD.ITF:DSD_INFRINV@DF_INFRINV(1.0),GBR,A,INV,EUR,TOT_INL,Q,2012,17525840909,,,0,0,
OECD.ITF:DSD_INFRINV@DF_INFRINV(1.0),GBR,A,INV,EUR,TOT_INL,Q,2013,17815591333,,,0,0,
OECD.ITF:DSD_INFRINV@DF_INFRINV(1.0),GBR,A,INV,EUR,TOT_INL,Q,2014,20325114692,,,0,0,
OECD.ITF:DSD_INFRINV@DF_INFRINV(1.0),GBR,A,INV,EUR,TOT_INL,Q,2016,24289687563,,,0,0,
OECD.ITF:DSD_INFRINV@DF_INFRINV(1.0),GBR,A,INV,EUR,TOT_INL,Q,2017,25494315075,,,0,0,
OECD.ITF:DSD_INFRINV@DF_INFRINV(1.0),GBR,A,INV,EUR,TOT_INL,Q,2018,24931450365,,,0,0,
OECD.ITF:DSD_INFRINV@DF_INFRINV(1.0),GBR,A,INV,EUR,TOT_INL,Q,2019,24751661501,,,0,0,
OECD.ITF:DSD_INFRINV@DF_INFRINV(1.0),USA,A,INV,EUR,TOT_INL,Q,1995,79674952549,,,0,0,
OECD.ITF:DSD_INFRINV@DF_INFRINV(1.0),USA,A,INV,EUR,TOT_INL,Q,1996,80577682188,,,0,0,
OECD.ITF:DSD_INFRINV@DF_INFRINV(1.0),USA,A,INV,EUR,TOT_INL,Q,1997,83193740258,,,0,0,
OECD.ITF:DSD_INFRINV@DF_INFRINV(1.0),USA,A,INV,EUR,TOT_INL,Q,1998,90934396147,,,0,0,
OECD.ITF:DSD_INFRINV@DF_INFRINV(1.0),USA,A,INV,EUR,TOT_INL,Q,1999,94430141310,,,0,0,
OECD.ITF:DSD_INFRINV@DF_INFRINV(1.0),USA,A,INV,EUR,TOT_INL,Q,2000,95681069801,,,0,0,
OECD.ITF:DSD_INFRINV@DF_INFRINV(1.0),USA,A,INV,EUR,TOT_INL,Q,2001,100516000000,,,0,0,
OECD.ITF:DSD_INFRINV@DF_INFRINV(1.0),USA,A,INV,EUR,TOT_INL,Q,2002,106060000000,,,0,0,
OECD.ITF:DSD_INFRINV@DF_INFRINV(1.0),USA,A,INV,EUR,TOT_INL,Q,2003,101040000000,,,0,0,
OECD.ITF:DSD_INFRINV@DF_INFRINV(1.0),USA,A,INV,EUR,TOT_INL,Q,2008,82765482026,,,0,0,
OECD.ITF:DSD_INFRINV@DF_INFRINV(1.0),USA,A,INV,EUR,TOT_INL,Q,2009,91653193874,,,0,0,
OECD.ITF:DSD_INFRINV@DF_INFRINV(1.0),USA,A,INV,EUR,TOT_INL,Q,2010,87172189761,,,0,0,
OECD.ITF:DSD_INFRINV@DF_INFRINV(1.0),USA,A,INV,EUR,TOT_INL,Q,2011,82643847259,,,0,0,
OECD.ITF:DSD_INFRINV@DF_INFRINV(1.0),USA,A,INV,EUR,TOT_INL,Q,2012,83237738001,,,0,0,
OECD.ITF:DSD_INFRINV@DF_INFRINV(1.0),USA,A,INV,EUR,TOT_INL,Q,2013,81010470007,,,0,0,
OECD.ITF:DSD_INFRINV@DF_INFRINV(1.0),USA,A,INV,EUR,TOT_INL,Q,2014,84015307623,,,0,0,
OECD.ITF:DSD_INFRINV@DF_INFRINV(1.0),USA,A,INV,EUR,TOT_INL,Q,2015,96197342286,,,0,0,
OECD.ITF:DSD_INFRINV@DF_INFRINV(1.0),USA,A,INV,EUR,TOT_INL,Q,2016,98479426228,,,0,0,
OECD.ITF:DSD_INFRINV@DF_INFRINV(1.0),USA,A,INV,EUR,TOT_INL,Q,2017,97095936582,,,0,0,
OECD.ITF:DSD_INFRINV@DF_INFRINV(1.0),USA,A,INV,EUR,TOT_INL,Q,2018,94969097494,,,0,0,
OECD.ITF:DSD_INFRINV@DF_INFRINV(1.0),USA,A,INV,EUR,TOT_INL,Q,2019,99660193663,,,0,0,
OECD.ITF:DSD_INFRINV@DF_INFRINV(1.0),USA,A,INV,EUR,TOT_INL,Q,2020,99293642204,,,0,0,
OECD.ITF:DSD_INFRINV@DF_INFRINV(1.0),ALB,A,INV,EUR,TOT_INL,Q,1996,34177859.14,,,0,0,
OECD.ITF:DSD_INFRINV@DF_INFRINV(1.0),ALB,A,INV,EUR,TOT_INL,Q,1997,30803372.87,,,0,0,
OECD.ITF:DSD_INFRINV@DF_INFRINV(1.0),ALB,A,INV,EUR,TOT_INL,Q,1998,55750542.94,,,0,0,
OECD.ITF:DSD_INFRINV@DF_INFRINV(1.0),ALB,A,INV,EUR,TOT_INL,Q,2000,157355158,,,0,0,
OECD.ITF:DSD_INFRINV@DF_INFRINV(1.0),ALB,A,INV,EUR,TOT_INL,Q,2001,145026806.6,,,0,0,
OECD.ITF:DSD_INFRINV@DF_INFRINV(1.0),ALB,A,INV,EUR,TOT_INL,Q,2002,92450531.42,,,0,0,
OECD.ITF:DSD_INFRINV@DF_INFRINV(1.0),ALB,A,INV,EUR,TOT_INL,Q,2003,80358655.41,,,0,0,
OECD.ITF:DSD_INFRINV@DF_INFRINV(1.0),ALB,A,INV,EUR,TOT_INL,Q,2004,109604144.6,,,0,0,
OECD.ITF:DSD_INFRINV@DF_INFRINV(1.0),ALB,A,INV,EUR,TOT_INL,Q,2005,78340121.9,,,0,0,
OECD.ITF:DSD_INFRINV@DF_INFRINV(1.0),ALB,A,INV,EUR,TOT_INL,Q,2006,189075150.9,,,0,0,
OECD.ITF:DSD_INFRINV@DF_INFRINV(1.0),ALB,A,INV,EUR,TOT_INL,Q,2007,259948851.9,,,0,0,
OECD.ITF:DSD_INFRINV@DF_INFRINV(1.0),ALB,A,INV,EUR,TOT_INL,Q,2008,492195288.6,,,0,0,
OECD.ITF:DSD_INFRINV@DF_INFRINV(1.0),ALB,A,INV,EUR,TOT_INL,Q,2009,501599565.5,,,0,0,
OECD.ITF:DSD_INFRINV@DF_INFRINV(1.0),ALB,A,INV,EUR,TOT_INL,Q,2010,249831830.9,,,0,0,
OECD.ITF:DSD_INFRINV@DF_INFRINV(1.0),ALB,A,INV,EUR,TOT_INL,Q,2011,217959317.5,,,0,0,
OECD.ITF:DSD_INFRINV@DF_INFRINV(1.0),ALB,A,INV,EUR,TOT_INL,Q,2012,185178758.8,,,0,0,
OECD.ITF:DSD_INFRINV@DF_INFRINV(1.0),ALB,A,INV,EUR,TOT_INL,Q,2013,241097803.4,,,0,0,
OECD.ITF:DSD_INFRINV@DF_INFRINV(1.0),ALB,A,INV,EUR,TOT_INL,Q,2014,195262198,,,0,0,
OECD.ITF:DSD_INFRINV@DF_INFRINV(1.0),ALB,A,INV,EUR,TOT_INL,Q,2015,179805725.3,,,0,0,
OECD.ITF:DSD_INFRINV@DF_INFRINV(1.0),ALB,A,INV,EUR,TOT_INL,Q,2016,88388416.99,,,0,0,
OECD.ITF:DSD_INFRINV@DF_INFRINV(1.0),ALB,A,INV,EUR,TOT_INL,Q,2017,149989602.9,,,0,0,
OECD.ITF:DSD_INFRINV@DF_INFRINV(1.0),ALB,A,INV,EUR,TOT_INL,Q,2018,149866747.6,,,0,0,
OECD.ITF:DSD_INFRINV@DF_INFRINV(1.0),ALB,A,INV,EUR,TOT_INL,Q,2019,149276804.1,,,0,0,
OECD.ITF:DSD_INFRINV@DF_INFRINV(1.0),ALB,A,INV,EUR,TOT_INL,Q,2020,190849075.1,,,0,0,
OECD.ITF:DSD_INFRINV@DF_INFRINV(1.0),ALB,A,INV,EUR,TOT_INL,Q,2021,220139987.2,,,0,0,
OECD.ITF:DSD_INFRINV@DF_INFRINV(1.0),ALB,A,INV,EUR,TOT_INL,Q,2022,157157682.8,,,0,0,
OECD.ITF:DSD_INFRINV@DF_INFRINV(1.0),ALB,A,INV,EUR,TOT_INL,Q,2023,221872681.5,,,0,0,
OECD.ITF:DSD_INFRINV@DF_INFRINV(1.0),ALB,A,INV,EUR,TOT_INL,Q,2024,223458526.2,,,0,0,
OECD.ITF:DSD_INFRINV@DF_INFRINV(1.0),ARM,A,INV,EUR,TOT_INL,Q,2008,74391992.8,,,0,0,
OECD.ITF:DSD_INFRINV@DF_INFRINV(1.0),ARM,A,INV,EUR,TOT_INL,Q,2009,143088915.5,,,0,0,
OECD.ITF:DSD_INFRINV@DF_INFRINV(1.0),ARM,A,INV,EUR,TOT_INL,Q,2010,77367378.48,,,0,0,
OECD.ITF:DSD_INFRINV@DF_INFRINV(1.0),ARM,A,INV,EUR,TOT_INL,Q,2011,60224785.23,,,0,0,
OECD.ITF:DSD_INFRINV@DF_INFRINV(1.0),ARM,A,INV,EUR,TOT_INL,Q,2012,54468809.18,,,0,0,
OECD.ITF:DSD_INFRINV@DF_INFRINV(1.0),ARM,A,INV,EUR,TOT_INL,Q,2013,38735385.2,,,0,0,
OECD.ITF:DSD_INFRINV@DF_INFRINV(1.0),ARM,A,INV,EUR,TOT_INL,Q,2014,87053713.96,,,0,0,
OECD.ITF:DSD_INFRINV@DF_INFRINV(1.0),ARM,A,INV,EUR,TOT_INL,Q,2015,90106618.44,,,0,0,
OECD.ITF:DSD_INFRINV@DF_INFRINV(1.0),ARM,A,INV,EUR,TOT_INL,Q,2016,98079563.45,,,0,0,
OECD.ITF:DSD_INFRINV@DF_INFRINV(1.0),AZE,A,INV,EUR,TOT_INL,Q,2006,325638436.2,,,0,0,
OECD.ITF:DSD_INFRINV@DF_INFRINV(1.0),AZE,A,INV,EUR,TOT_INL,Q,2007,457571808.6,,,0,0,
OECD.ITF:DSD_INFRINV@DF_INFRINV(1.0),AZE,A,INV,EUR,TOT_INL,Q,2008,1487066127,,,0,0,
OECD.ITF:DSD_INFRINV@DF_INFRINV(1.0),AZE,A,INV,EUR,TOT_INL,Q,2009,1310712392,,,0,0,
OECD.ITF:DSD_INFRINV@DF_INFRINV(1.0),AZE,A,INV,EUR,TOT_INL,Q,2010,1514621398,,,0,0,
OECD.ITF:DSD_INFRINV@DF_INFRINV(1.0),AZE,A,INV,EUR,TOT_INL,Q,2011,1575763237,,,0,0,
OECD.ITF:DSD_INFRINV@DF_INFRINV(1.0),AZE,A,INV,EUR,TOT_INL,Q,2012,1367272018,,,0,0,
OECD.ITF:DSD_INFRINV@DF_INFRINV(1.0),AZE,A,INV,EUR,TOT_INL,Q,2013,1831610660,,,0,0,
OECD.ITF:DSD_INFRINV@DF_INFRINV(1.0),AZE,A,INV,EUR,TOT_INL,Q,2014,1320471405,,,0,0,
OECD.ITF:DSD_INFRINV@DF_INFRINV(1.0),AZE,A,INV,EUR,TOT_INL,Q,2015,874966957.4,,,0,0,
OECD.ITF:DSD_INFRINV@DF_INFRINV(1.0),AZE,A,INV,EUR,TOT_INL,Q,2016,763303685.8,,,0,0,
OECD.ITF:DSD_INFRINV@DF_INFRINV(1.0),AZE,A,INV,EUR,TOT_INL,Q,2017,904798213,,,0,0,
OECD.ITF:DSD_INFRINV@DF_INFRINV(1.0),AZE,A,INV,EUR,TOT_INL,Q,2018,1141393852,,,0,0,
OECD.ITF:DSD_INFRINV@DF_INFRINV(1.0),AZE,A,INV,EUR,TOT_INL,Q,2019,1288832319,,,0,0,
OECD.ITF:DSD_INFRINV@DF_INFRINV(1.0),AZE,A,INV,EUR,TOT_INL,Q,2020,1161956981,,,0,0,
OECD.ITF:DSD_INFRINV@DF_INFRINV(1.0),AZE,A,INV,EUR,TOT_INL,Q,2021,1865611317,,,0,0,
OECD.ITF:DSD_INFRINV@DF_INFRINV(1.0),AZE,A,INV,EUR,TOT_INL,Q,2022,3143451109,,,0,0,
OECD.ITF:DSD_INFRINV@DF_INFRINV(1.0),AZE,A,INV,EUR,TOT_INL,Q,2023,3010776023,,,0,0,
OECD.ITF:DSD_INFRINV@DF_INFRINV(1.0),AZE,A,INV,EUR,TOT_INL,Q,2024,3535560646,,,0,0,
OECD.ITF:DSD_INFRINV@DF_INFRINV(1.0),BGR,A,INV,EUR,TOT_INL,Q,2005,553721235.3,,,0,0,
OECD.ITF:DSD_INFRINV@DF_INFRINV(1.0),BGR,A,INV,EUR,TOT_INL,Q,2006,637585313.4,,,0,0,
OECD.ITF:DSD_INFRINV@DF_INFRINV(1.0),BGR,A,INV,EUR,TOT_INL,Q,2007,807613583.6,,,0,0,
OECD.ITF:DSD_INFRINV@DF_INFRINV(1.0),BGR,A,INV,EUR,TOT_INL,Q,2008,356192193.5,,,0,0,
OECD.ITF:DSD_INFRINV@DF_INFRINV(1.0),BGR,A,INV,EUR,TOT_INL,Q,2009,182906830.8,,,0,0,
OECD.ITF:DSD_INFRINV@DF_INFRINV(1.0),BGR,A,INV,EUR,TOT_INL,Q,2010,515581313.4,,,0,0,
OECD.ITF:DSD_INFRINV@DF_INFRINV(1.0),BGR,A,INV,EUR,TOT_INL,Q,2011,616610765.6,,,0,0,
OECD.ITF:DSD_INFRINV@DF_INFRINV(1.0),BGR,A,INV,EUR,TOT_INL,Q,2012,721543471.8,,,0,0,
OECD.ITF:DSD_INFRINV@DF_INFRINV(1.0),BGR,A,INV,EUR,TOT_INL,Q,2013,639670715.2,,,0,0,
OECD.ITF:DSD_INFRINV@DF_INFRINV(1.0),BGR,A,INV,EUR,TOT_INL,Q,2014,739545046,,,0,0,
OECD.ITF:DSD_INFRINV@DF_INFRINV(1.0),BGR,A,INV,EUR,TOT_INL,Q,2015,1140198384,,,0,0,
OECD.ITF:DSD_INFRINV@DF_INFRINV(1.0),BGR,A,INV,EUR,TOT_INL,Q,2016,314366269.4,,,0,0,
OECD.ITF:DSD_INFRINV@DF_INFRINV(1.0),BGR,A,INV,EUR,TOT_INL,Q,2017,200681539.5,,,0,0,
OECD.ITF:DSD_INFRINV@DF_INFRINV(1.0),BGR,A,INV,EUR,TOT_INL,Q,2018,922250498.6,,,0,0,
OECD.ITF:DSD_INFRINV@DF_INFRINV(1.0),BGR,A,INV,EUR,TOT_INL,Q,2019,583725617.1,,,0,0,
OECD.ITF:DSD_INFRINV@DF_INFRINV(1.0),BGR,A,INV,EUR,TOT_INL,Q,2020,610679662.2,,,0,0,
OECD.ITF:DSD_INFRINV@DF_INFRINV(1.0),BGR,A,INV,EUR,TOT_INL,Q,2021,250248596,,,0,0,
OECD.ITF:DSD_INFRINV@DF_INFRINV(1.0),BGR,A,INV,EUR,TOT_INL,Q,2022,316845120.8,,,0,0,
OECD.ITF:DSD_INFRINV@DF_INFRINV(1.0),BGR,A,INV,EUR,TOT_INL,Q,2023,418636701.6,,,0,0,
OECD.ITF:DSD_INFRINV@DF_INFRINV(1.0),BGR,A,INV,EUR,TOT_INL,Q,2024,291106896.8,,,0,0,
OECD.ITF:DSD_INFRINV@DF_INFRINV(1.0),CHN,A,INV,EUR,TOT_INL,Q,2011,289535000000,,,0,0,
OECD.ITF:DSD_INFRINV@DF_INFRINV(1.0),CHN,A,INV,EUR,TOT_INL,Q,2012,287806000000,,,0,0,
OECD.ITF:DSD_INFRINV@DF_INFRINV(1.0),CHN,A,INV,EUR,TOT_INL,Q,2013,304330000000,,,0,0,
OECD.ITF:DSD_INFRINV@DF_INFRINV(1.0),CHN,A,INV,EUR,TOT_INL,Q,2014,347814000000,,,0,0,
OECD.ITF:DSD_INFRINV@DF_INFRINV(1.0),CHN,A,INV,EUR,TOT_INL,Q,2015,361777000000,,,0,0,
OECD.ITF:DSD_INFRINV@DF_INFRINV(1.0),CHN,A,INV,EUR,TOT_INL,Q,2016,377769000000,,,0,0,
OECD.ITF:DSD_INFRINV@DF_INFRINV(1.0),CHN,A,INV,EUR,TOT_INL,Q,2017,408395000000,,,0,0,
OECD.ITF:DSD_INFRINV@DF_INFRINV(1.0),CHN,A,INV,EUR,TOT_INL,Q,2018,396060000000,,,0,0,
OECD.ITF:DSD_INFRINV@DF_INFRINV(1.0),CHN,A,INV,EUR,TOT_INL,Q,2019,398384000000,,,0,0,
OECD.ITF:DSD_INFRINV@DF_INFRINV(1.0),CHN,A,INV,EUR,TOT_INL,Q,2020,428318000000,,,0,0,
OECD.ITF:DSD_INFRINV@DF_INFRINV(1.0),CHN,A,INV,EUR,TOT_INL,Q,2021,424444000000,,,0,0,
OECD.ITF:DSD_INFRINV@DF_INFRINV(1.0),CHN,A,INV,EUR,TOT_INL,Q,2022,443123000000,,,0,0,
OECD.ITF:DSD_INFRINV@DF_INFRINV(1.0),CHN,A,INV,EUR,TOT_INL,Q,2023,448396000000,,,0,0,
OECD.ITF:DSD_INFRINV@DF_INFRINV(1.0),CHN,A,INV,EUR,TOT_INL,Q,2024,431509000000,,,0,0,
OECD.ITF:DSD_INFRINV@DF_INFRINV(1.0),HRV,A,INV,EUR,TOT_INL,Q,1995,136915028.4,,,0,0,
OECD.ITF:DSD_INFRINV@DF_INFRINV(1.0),HRV,A,INV,EUR,TOT_INL,Q,1996,253318961.1,,,0,0,
OECD.ITF:DSD_INFRINV@DF_INFRINV(1.0),HRV,A,INV,EUR,TOT_INL,Q,1997,345774554.1,,,0,0,
OECD.ITF:DSD_INFRINV@DF_INFRINV(1.0),HRV,A,INV,EUR,TOT_INL,Q,1999,573128733.9,,,0,0,
OECD.ITF:DSD_INFRINV@DF_INFRINV(1.0),HRV,A,INV,EUR,TOT_INL,Q,2000,492380208.8,,,0,0,
OECD.ITF:DSD_INFRINV@DF_INFRINV(1.0),HRV,A,INV,EUR,TOT_INL,Q,2001,465947434.6,,,0,0,
OECD.ITF:DSD_INFRINV@DF_INFRINV(1.0),HRV,A,INV,EUR,TOT_INL,Q,2002,886819526.2,,,0,0,
OECD.ITF:DSD_INFRINV@DF_INFRINV(1.0),HRV,A,INV,EUR,TOT_INL,Q,2003,1532577706,,,0,0,
OECD.ITF:DSD_INFRINV@DF_INFRINV(1.0),HRV,A,INV,EUR,TOT_INL,Q,2004,1279700698,,,0,0,
OECD.ITF:DSD_INFRINV@DF_INFRINV(1.0),HRV,A,INV,EUR,TOT_INL,Q,2005,1028081239,,,0,0,
OECD.ITF:DSD_INFRINV@DF_INFRINV(1.0),HRV,A,INV,EUR,TOT_INL,Q,2006,1155197270,,,0,0,
OECD.ITF:DSD_INFRINV@DF_INFRINV(1.0),HRV,A,INV,EUR,TOT_INL,Q,2007,1290501685,,,0,0,
OECD.ITF:DSD_INFRINV@DF_INFRINV(1.0),HRV,A,INV,EUR,TOT_INL,Q,2008,1275175418,,,0,0,
OECD.ITF:DSD_INFRINV@DF_INFRINV(1.0),HRV,A,INV,EUR,TOT_INL,Q,2009,1035031485,,,0,0,
OECD.ITF:DSD_INFRINV@DF_INFRINV(1.0),HRV,A,INV,EUR,TOT_INL,Q,2010,605741728.8,,,0,0,
OECD.ITF:DSD_INFRINV@DF_INFRINV(1.0),HRV,A,INV,EUR,TOT_INL,Q,2011,555826630.3,,,0,0,
OECD.ITF:DSD_INFRINV@DF_INFRINV(1.0),HRV,A,INV,EUR,TOT_INL,Q,2012,548219804.9,,,0,0,
OECD.ITF:DSD_INFRINV@DF_INFRINV(1.0),HRV,A,INV,EUR,TOT_INL,Q,2013,614202415.8,,,0,0,
OECD.ITF:DSD_INFRINV@DF_INFRINV(1.0),HRV,A,INV,EUR,TOT_INL,Q,2014,420287417.4,,,0,0,
OECD.ITF:DSD_INFRINV@DF_INFRINV(1.0),HRV,A,INV,EUR,TOT_INL,Q,2015,307546220.7,,,0,0,
OECD.ITF:DSD_INFRINV@DF_INFRINV(1.0),HRV,A,INV,EUR,TOT_INL,Q,2016,244653982.6,,,0,0,
OECD.ITF:DSD_INFRINV@DF_INFRINV(1.0),HRV,A,INV,EUR,TOT_INL,Q,2017,255504875.8,,,0,0,
OECD.ITF:DSD_INFRINV@DF_INFRINV(1.0),HRV,A,INV,EUR,TOT_INL,Q,2018,369997641.4,,,0,0,
OECD.ITF:DSD_INFRINV@DF_INFRINV(1.0),HRV,A,INV,EUR,TOT_INL,Q,2019,454256715.9,,,0,0,
OECD.ITF:DSD_INFRINV@DF_INFRINV(1.0),HRV,A,INV,EUR,TOT_INL,Q,2020,541923011.7,,,0,0,
OECD.ITF:DSD_INFRINV@DF_INFRINV(1.0),HRV,A,INV,EUR,TOT_INL,Q,2021,627469434.8,,,0,0,
OECD.ITF:DSD_INFRINV@DF_INFRINV(1.0),HRV,A,INV,EUR,TOT_INL,Q,2022,531252290.8,,,0,0,
OECD.ITF:DSD_INFRINV@DF_INFRINV(1.0),HRV,A,INV,EUR,TOT_INL,Q,2023,631037927.2,,,0,0,
OECD.ITF:DSD_INFRINV@DF_INFRINV(1.0),HRV,A,INV,EUR,TOT_INL,Q,2024,625742344.8,,,0,0,
OECD.ITF:DSD_INFRINV@DF_INFRINV(1.0),GEO,A,INV,EUR,TOT_INL,Q,2002,148095891.8,,,0,0,
OECD.ITF:DSD_INFRINV@DF_INFRINV(1.0),GEO,A,INV,EUR,TOT_INL,Q,2003,120149927.4,,,0,0,
OECD.ITF:DSD_INFRINV@DF_INFRINV(1.0),GEO,A,INV,EUR,TOT_INL,Q,2004,91831316.6,,,0,0,
OECD.ITF:DSD_INFRINV@DF_INFRINV(1.0),GEO,A,INV,EUR,TOT_INL,Q,2005,121644116.4,,,0,0,
OECD.ITF:DSD_INFRINV@DF_INFRINV(1.0),GEO,A,INV,EUR,TOT_INL,Q,2006,221097672.9,,,0,0,
OECD.ITF:DSD_INFRINV@DF_INFRINV(1.0),GEO,A,INV,EUR,TOT_INL,Q,2007,453106434.3,,,0,0,
OECD.ITF:DSD_INFRINV@DF_INFRINV(1.0),GEO,A,INV,EUR,TOT_INL,Q,2008,204292557.4,,,0,0,
OECD.ITF:DSD_INFRINV@DF_INFRINV(1.0),GEO,A,INV,EUR,TOT_INL,Q,2009,398507942.6,,,0,0,
OECD.ITF:DSD_INFRINV@DF_INFRINV(1.0),GEO,A,INV,EUR,TOT_INL,Q,2010,355865900.8,,,0,0,
OECD.ITF:DSD_INFRINV@DF_INFRINV(1.0),GEO,A,INV,EUR,TOT_INL,Q,2011,526677757.1,,,0,0,
OECD.ITF:DSD_INFRINV@DF_INFRINV(1.0),GEO,A,INV,EUR,TOT_INL,Q,2012,389182240.9,,,0,0,
OECD.ITF:DSD_INFRINV@DF_INFRINV(1.0),GEO,A,INV,EUR,TOT_INL,Q,2013,289722482.1,,,0,0,
OECD.ITF:DSD_INFRINV@DF_INFRINV(1.0),GEO,A,INV,EUR,TOT_INL,Q,2014,295644253.4,,,0,0,
OECD.ITF:DSD_INFRINV@DF_INFRINV(1.0),GEO,A,INV,EUR,TOT_INL,Q,2015,282329608.2,,,0,0,
OECD.ITF:DSD_INFRINV@DF_INFRINV(1.0),GEO,A,INV,EUR,TOT_INL,Q,2016,296044896.9,,,0,0,
OECD.ITF:DSD_INFRINV@DF_INFRINV(1.0),GEO,A,INV,EUR,TOT_INL,Q,2017,363386348.6,,,0,0,
OECD.ITF:DSD_INFRINV@DF_INFRINV(1.0),GEO,A,INV,EUR,TOT_INL,Q,2018,476903805.3,,,0,0,
OECD.ITF:DSD_INFRINV@DF_INFRINV(1.0),GEO,A,INV,EUR,TOT_INL,Q,2019,513152046.6,,,0,0,
OECD.ITF:DSD_INFRINV@DF_INFRINV(1.0),IND,A,INV,EUR,TOT_INL,Q,2004,7057813188,,,0,0,
OECD.ITF:DSD_INFRINV@DF_INFRINV(1.0),IND,A,INV,EUR,TOT_INL,Q,2005,9395022248,,,0,0,
OECD.ITF:DSD_INFRINV@DF_INFRINV(1.0),IND,A,INV,EUR,TOT_INL,Q,2006,10754360269,,,0,0,
OECD.ITF:DSD_INFRINV@DF_INFRINV(1.0),IND,A,INV,EUR,TOT_INL,Q,2007,11460824780,,,0,0,
OECD.ITF:DSD_INFRINV@DF_INFRINV(1.0),IND,A,INV,EUR,TOT_INL,Q,2008,13318703891,,,0,0,
OECD.ITF:DSD_INFRINV@DF_INFRINV(1.0),IND,A,INV,EUR,TOT_INL,Q,2009,13359206767,,,0,0,
OECD.ITF:DSD_INFRINV@DF_INFRINV(1.0),IND,A,INV,EUR,TOT_INL,Q,2010,13144265107,,,0,0,
OECD.ITF:DSD_INFRINV@DF_INFRINV(1.0),IND,A,INV,EUR,TOT_INL,Q,2011,11886624668,,,0,0,
OECD.ITF:DSD_INFRINV@DF_INFRINV(1.0),IND,A,INV,EUR,TOT_INL,Q,2012,13557630441,,,0,0,
OECD.ITF:DSD_INFRINV@DF_INFRINV(1.0),IND,A,INV,EUR,TOT_INL,Q,2013,16954787558,,,0,0,
OECD.ITF:DSD_INFRINV@DF_INFRINV(1.0),IND,A,INV,EUR,TOT_INL,Q,2014,20756408840,,,0,0,
OECD.ITF:DSD_INFRINV@DF_INFRINV(1.0),IND,A,INV,EUR,TOT_INL,Q,2015,23775755167,,,0,0,
OECD.ITF:DSD_INFRINV@DF_INFRINV(1.0),IND,A,INV,EUR,TOT_INL,Q,2016,23035576092,,,0,0,
OECD.ITF:DSD_INFRINV@DF_INFRINV(1.0),MLT,A,INV,EUR,TOT_INL,Q,1995,203770.4036,,,0,0,
OECD.ITF:DSD_INFRINV@DF_INFRINV(1.0),MLT,A,INV,EUR,TOT_INL,Q,1996,6175098.667,,,0,0,
OECD.ITF:DSD_INFRINV@DF_INFRINV(1.0),MLT,A,INV,EUR,TOT_INL,Q,1997,653395.7044,,,0,0,
OECD.ITF:DSD_INFRINV@DF_INFRINV(1.0),MLT,A,INV,EUR,TOT_INL,Q,1998,1887222.56,,,0,0,
OECD.ITF:DSD_INFRINV@DF_INFRINV(1.0),MLT,A,INV,EUR,TOT_INL,Q,1999,7066576.157,,,0,0,
OECD.ITF:DSD_INFRINV@DF_INFRINV(1.0),MLT,A,INV,EUR,TOT_INL,Q,2000,8341729.366,,,0,0,
OECD.ITF:DSD_INFRINV@DF_INFRINV(1.0),MLT,A,INV,EUR,TOT_INL,Q,2001,6182703.633,,,0,0,
OECD.ITF:DSD_INFRINV@DF_INFRINV(1.0),MLT,A,INV,EUR,TOT_INL,Q,2002,13541175.17,,,0,0,
OECD.ITF:DSD_INFRINV@DF_INFRINV(1.0),MLT,A,INV,EUR,TOT_INL,Q,2003,10770796.41,,,0,0,
OECD.ITF:DSD_INFRINV@DF_INFRINV(1.0),MLT,A,INV,EUR,TOT_INL,Q,2004,18223156.69,,,0,0,
OECD.ITF:DSD_INFRINV@DF_INFRINV(1.0),MLT,A,INV,EUR,TOT_INL,Q,2005,45925190.22,,,0,0,
OECD.ITF:DSD_INFRINV@DF_INFRINV(1.0),MLT,A,INV,EUR,TOT_INL,Q,2006,33306081.86,,,0,0,
OECD.ITF:DSD_INFRINV@DF_INFRINV(1.0),MLT,A,INV,EUR,TOT_INL,Q,2007,31764126.33,,,0,0,
OECD.ITF:DSD_INFRINV@DF_INFRINV(1.0),MLT,A,INV,EUR,TOT_INL,Q,2008,19108478.56,,,0,0,
OECD.ITF:DSD_INFRINV@DF_INFRINV(1.0),MLT,A,INV,EUR,TOT_INL,Q,2009,4297252.249,,,0,0,
OECD.ITF:DSD_INFRINV@DF_INFRINV(1.0),MLT,A,INV,EUR,TOT_INL,Q,2010,14216508.48,,,0,0,
OECD.ITF:DSD_INFRINV@DF_INFRINV(1.0),MLT,A,INV,EUR,TOT_INL,Q,2011,19304173.65,,,0,0,
OECD.ITF:DSD_INFRINV@DF_INFRINV(1.0),MLT,A,INV,EUR,TOT_INL,Q,2012,29146449.69,,,0,0,
OECD.ITF:DSD_INFRINV@DF_INFRINV(1.0),MLT,A,INV,EUR,TOT_INL,Q,2013,11792727.24,,,0,0,
OECD.ITF:DSD_INFRINV@DF_INFRINV(1.0),MLT,A,INV,EUR,TOT_INL,Q,2014,40140904.45,,,0,0,
OECD.ITF:DSD_INFRINV@DF_INFRINV(1.0),MDA,A,INV,EUR,TOT_INL,Q,1995,16777388.81,,,0,0,
OECD.ITF:DSD_INFRINV@DF_INFRINV(1.0),MDA,A,INV,EUR,TOT_INL,Q,1996,41310206.62,,,0,0,
OECD.ITF:DSD_INFRINV@DF_INFRINV(1.0),MDA,A,INV,EUR,TOT_INL,Q,1997,41901848.42,,,0,0,
OECD.ITF:DSD_INFRINV@DF_INFRINV(1.0),MDA,A,INV,EUR,TOT_INL,Q,1998,26045039.18,,,0,0,
OECD.ITF:DSD_INFRINV@DF_INFRINV(1.0),MDA,A,INV,EUR,TOT_INL,Q,1999,10728076.99,,,0,0,
OECD.ITF:DSD_INFRINV@DF_INFRINV(1.0),MDA,A,INV,EUR,TOT_INL,Q,2000,8203860.469,,,0,0,
OECD.ITF:DSD_INFRINV@DF_INFRINV(1.0),MDA,A,INV,EUR,TOT_INL,Q,2001,6725742.335,,,0,0,
OECD.ITF:DSD_INFRINV@DF_INFRINV(1.0),MDA,A,INV,EUR,TOT_INL,Q,2002,23414454.59,,,0,0,
OECD.ITF:DSD_INFRINV@DF_INFRINV(1.0),MDA,A,INV,EUR,TOT_INL,Q,2003,30106607.63,,,0,0,
OECD.ITF:DSD_INFRINV@DF_INFRINV(1.0),MDA,A,INV,EUR,TOT_INL,Q,2004,21345239.14,,,0,0,
OECD.ITF:DSD_INFRINV@DF_INFRINV(1.0),MDA,A,INV,EUR,TOT_INL,Q,2005,24567698.34,,,0,0,
OECD.ITF:DSD_INFRINV@DF_INFRINV(1.0),MDA,A,INV,EUR,TOT_INL,Q,2006,24939253.4,,,0,0,
OECD.ITF:DSD_INFRINV@DF_INFRINV(1.0),MDA,A,INV,EUR,TOT_INL,Q,2007,64044224.71,,,0,0,
OECD.ITF:DSD_INFRINV@DF_INFRINV(1.0),MDA,A,INV,EUR,TOT_INL,Q,2008,71385164.03,,,0,0,
OECD.ITF:DSD_INFRINV@DF_INFRINV(1.0),MDA,A,INV,EUR,TOT_INL,Q,2009,30681081.38,,,0,0,
OECD.ITF:DSD_INFRINV@DF_INFRINV(1.0),MDA,A,INV,EUR,TOT_INL,Q,2010,23423169.98,,,0,0,
OECD.ITF:DSD_INFRINV@DF_INFRINV(1.0),MDA,A,INV,EUR,TOT_INL,Q,2011,16378507.88,,,0,0,
OECD.ITF:DSD_INFRINV@DF_INFRINV(1.0),MDA,A,INV,EUR,TOT_INL,Q,2012,46206901.53,,,0,0,
OECD.ITF:DSD_INFRINV@DF_INFRINV(1.0),MDA,A,INV,EUR,TOT_INL,Q,2013,46092634.29,,,0,0,
OECD.ITF:DSD_INFRINV@DF_INFRINV(1.0),MDA,A,INV,EUR,TOT_INL,Q,2014,43249970.48,,,0,0,
OECD.ITF:DSD_INFRINV@DF_INFRINV(1.0),MDA,A,INV,EUR,TOT_INL,Q,2015,55605333.9,,,0,0,
OECD.ITF:DSD_INFRINV@DF_INFRINV(1.0),MDA,A,INV,EUR,TOT_INL,Q,2016,38118762.97,,,0,0,
OECD.ITF:DSD_INFRINV@DF_INFRINV(1.0),MDA,A,INV,EUR,TOT_INL,Q,2017,29343434.03,,,0,0,
OECD.ITF:DSD_INFRINV@DF_INFRINV(1.0),MDA,A,INV,EUR,TOT_INL,Q,2018,29249074.39,,,0,0,
OECD.ITF:DSD_INFRINV@DF_INFRINV(1.0),MDA,A,INV,EUR,TOT_INL,Q,2019,45757852.37,,,0,0,
OECD.ITF:DSD_INFRINV@DF_INFRINV(1.0),MDA,A,INV,EUR,TOT_INL,Q,2020,62139057.59,,,0,0,
OECD.ITF:DSD_INFRINV@DF_INFRINV(1.0),MDA,A,INV,EUR,TOT_INL,Q,2021,71926316.16,,,0,0,
OECD.ITF:DSD_INFRINV@DF_INFRINV(1.0),MDA,A,INV,EUR,TOT_INL,Q,2022,80857897.06,,,0,0,
OECD.ITF:DSD_INFRINV@DF_INFRINV(1.0),MDA,A,INV,EUR,TOT_INL,Q,2023,41265780.28,,,0,0,
OECD.ITF:DSD_INFRINV@DF_INFRINV(1.0),MDA,A,INV,EUR,TOT_INL,Q,2024,61834091.24,,,0,0,
OECD.ITF:DSD_INFRINV@DF_INFRINV(1.0),MNE,A,INV,EUR,TOT_INL,Q,1997,75217.95486,,,0,0,
OECD.ITF:DSD_INFRINV@DF_INFRINV(1.0),MNE,A,INV,EUR,TOT_INL,Q,1998,42344.0172,,,0,0,
OECD.ITF:DSD_INFRINV@DF_INFRINV(1.0),MNE,A,INV,EUR,TOT_INL,Q,1999,39652.7636,,,0,0,
OECD.ITF:DSD_INFRINV@DF_INFRINV(1.0),MNE,A,INV,EUR,TOT_INL,Q,2000,1717363.595,,,0,0,
OECD.ITF:DSD_INFRINV@DF_INFRINV(1.0),MNE,A,INV,EUR,TOT_INL,Q,2001,512228.4182,,,0,0,
OECD.ITF:DSD_INFRINV@DF_INFRINV(1.0),MNE,A,INV,EUR,TOT_INL,Q,2002,1813302.386,,,0,0,
OECD.ITF:DSD_INFRINV@DF_INFRINV(1.0),MNE,A,INV,EUR,TOT_INL,Q,2003,1674032.409,,,0,0,
OECD.ITF:DSD_INFRINV@DF_INFRINV(1.0),MNE,A,INV,EUR,TOT_INL,Q,2004,6323910.706,,,0,0,
OECD.ITF:DSD_INFRINV@DF_INFRINV(1.0),MNE,A,INV,EUR,TOT_INL,Q,2005,4545936.69,,,0,0,
OECD.ITF:DSD_INFRINV@DF_INFRINV(1.0),MNE,A,INV,EUR,TOT_INL,Q,2006,50997904.95,,,0,0,
OECD.ITF:DSD_INFRINV@DF_INFRINV(1.0),MNE,A,INV,EUR,TOT_INL,Q,2007,60715731.33,,,0,0,
OECD.ITF:DSD_INFRINV@DF_INFRINV(1.0),MNE,A,INV,EUR,TOT_INL,Q,2008,12134048.14,,,0,0,
OECD.ITF:DSD_INFRINV@DF_INFRINV(1.0),MNE,A,INV,EUR,TOT_INL,Q,2009,24795437.64,,,0,0,
OECD.ITF:DSD_INFRINV@DF_INFRINV(1.0),MNE,A,INV,EUR,TOT_INL,Q,2010,19057702.49,,,0,0,
OECD.ITF:DSD_INFRINV@DF_INFRINV(1.0),MNE,A,INV,EUR,TOT_INL,Q,2011,15827292.58,,,0,0,
OECD.ITF:DSD_INFRINV@DF_INFRINV(1.0),MNE,A,INV,EUR,TOT_INL,Q,2012,18921873.69,,,0,0,
OECD.ITF:DSD_INFRINV@DF_INFRINV(1.0),MNE,A,INV,EUR,TOT_INL,Q,2013,20689369.8,,,0,0,
OECD.ITF:DSD_INFRINV@DF_INFRINV(1.0),MNE,A,INV,EUR,TOT_INL,Q,2014,9205748.478,,,0,0,
OECD.ITF:DSD_INFRINV@DF_INFRINV(1.0),MNE,A,INV,EUR,TOT_INL,Q,2015,12000000,,,0,0,
OECD.ITF:DSD_INFRINV@DF_INFRINV(1.0),MNE,A,INV,EUR,TOT_INL,Q,2016,15198001.46,,,0,0,
OECD.ITF:DSD_INFRINV@DF_INFRINV(1.0),MNE,A,INV,EUR,TOT_INL,Q,2017,9983663.097,,,0,0,
OECD.ITF:DSD_INFRINV@DF_INFRINV(1.0),MNE,A,INV,EUR,TOT_INL,Q,2018,23809523.81,,,0,0,
OECD.ITF:DSD_INFRINV@DF_INFRINV(1.0),MNE,A,INV,EUR,TOT_INL,Q,2019,27050543.16,,,0,0,
OECD.ITF:DSD_INFRINV@DF_INFRINV(1.0),MKD,A,INV,EUR,TOT_INL,Q,1995,400062753.8,,,0,0,
OECD.ITF:DSD_INFRINV@DF_INFRINV(1.0),MKD,A,INV,EUR,TOT_INL,Q,1996,344252484.4,,,0,0,
OECD.ITF:DSD_INFRINV@DF_INFRINV(1.0),MKD,A,INV,EUR,TOT_INL,Q,1997,174400342.3,,,0,0,
OECD.ITF:DSD_INFRINV@DF_INFRINV(1.0),MKD,A,INV,EUR,TOT_INL,Q,1998,231492074.4,,,0,0,
OECD.ITF:DSD_INFRINV@DF_INFRINV(1.0),MKD,A,INV,EUR,TOT_INL,Q,1999,129095284.4,,,0,0,
OECD.ITF:DSD_INFRINV@DF_INFRINV(1.0),MKD,A,INV,EUR,TOT_INL,Q,2000,114331000.1,,,0,0,
OECD.ITF:DSD_INFRINV@DF_INFRINV(1.0),MKD,A,INV,EUR,TOT_INL,Q,2001,97716725.39,,,0,0,
OECD.ITF:DSD_INFRINV@DF_INFRINV(1.0),MKD,A,INV,EUR,TOT_INL,Q,2002,112113011.8,,,0,0,
OECD.ITF:DSD_INFRINV@DF_INFRINV(1.0),MKD,A,INV,EUR,TOT_INL,Q,2003,151015067.6,,,0,0,
OECD.ITF:DSD_INFRINV@DF_INFRINV(1.0),MKD,A,INV,EUR,TOT_INL,Q,2004,82621393.87,,,0,0,
OECD.ITF:DSD_INFRINV@DF_INFRINV(1.0),MKD,A,INV,EUR,TOT_INL,Q,2005,87325722.37,,,0,0,
OECD.ITF:DSD_INFRINV@DF_INFRINV(1.0),MKD,A,INV,EUR,TOT_INL,Q,2006,77191546.16,,,0,0,
OECD.ITF:DSD_INFRINV@DF_INFRINV(1.0),MKD,A,INV,EUR,TOT_INL,Q,2007,92990254.36,,,0,0,
OECD.ITF:DSD_INFRINV@DF_INFRINV(1.0),MKD,A,INV,EUR,TOT_INL,Q,2008,111115459,,,0,0,
OECD.ITF:DSD_INFRINV@DF_INFRINV(1.0),MKD,A,INV,EUR,TOT_INL,Q,2009,123086094.8,,,0,0,
OECD.ITF:DSD_INFRINV@DF_INFRINV(1.0),MKD,A,INV,EUR,TOT_INL,Q,2010,97072343.99,,,0,0,
OECD.ITF:DSD_INFRINV@DF_INFRINV(1.0),MKD,A,INV,EUR,TOT_INL,Q,2011,113799106.2,,,0,0,
OECD.ITF:DSD_INFRINV@DF_INFRINV(1.0),MKD,A,INV,EUR,TOT_INL,Q,2012,76764488.51,,,0,0,
OECD.ITF:DSD_INFRINV@DF_INFRINV(1.0),MKD,A,INV,EUR,TOT_INL,Q,2013,93242837.75,,,0,0,
OECD.ITF:DSD_INFRINV@DF_INFRINV(1.0),MKD,A,INV,EUR,TOT_INL,Q,2014,181225991.1,,,0,0,
OECD.ITF:DSD_INFRINV@DF_INFRINV(1.0),MKD,A,INV,EUR,TOT_INL,Q,2015,172397792.5,,,0,0,
OECD.ITF:DSD_INFRINV@DF_INFRINV(1.0),MKD,A,INV,EUR,TOT_INL,Q,2016,228638971.2,,,0,0,
OECD.ITF:DSD_INFRINV@DF_INFRINV(1.0),MKD,A,INV,EUR,TOT_INL,Q,2017,188588788.2,,,0,0,
OECD.ITF:DSD_INFRINV@DF_INFRINV(1.0),MKD,A,INV,EUR,TOT_INL,Q,2018,139577917.5,,,0,0,
OECD.ITF:DSD_INFRINV@DF_INFRINV(1.0),MKD,A,INV,EUR,TOT_INL,Q,2019,219278563,,,0,0,
OECD.ITF:DSD_INFRINV@DF_INFRINV(1.0),MKD,A,INV,EUR,TOT_INL,Q,2020,150244229.6,,,0,0,
OECD.ITF:DSD_INFRINV@DF_INFRINV(1.0),MKD,A,INV,EUR,TOT_INL,Q,2021,172210820.5,,,0,0,
OECD.ITF:DSD_INFRINV@DF_INFRINV(1.0),MKD,A,INV,EUR,TOT_INL,Q,2022,171533139.4,,,0,0,
OECD.ITF:DSD_INFRINV@DF_INFRINV(1.0),MKD,A,INV,EUR,TOT_INL,Q,2023,348701389.4,,,0,0,
OECD.ITF:DSD_INFRINV@DF_INFRINV(1.0),MKD,A,INV,EUR,TOT_INL,Q,2024,189631846.2,,,0,0,
OECD.ITF:DSD_INFRINV@DF_INFRINV(1.0),ROU,A,INV,EUR,TOT_INL,Q,1995,1954764777,,,0,0,
OECD.ITF:DSD_INFRINV@DF_INFRINV(1.0),ROU,A,INV,EUR,TOT_INL,Q,1996,1772425960,,,0,0,
OECD.ITF:DSD_INFRINV@DF_INFRINV(1.0),ROU,A,INV,EUR,TOT_INL,Q,1997,1587360487,,,0,0,
OECD.ITF:DSD_INFRINV@DF_INFRINV(1.0),ROU,A,INV,EUR,TOT_INL,Q,1998,1384480039,,,0,0,
OECD.ITF:DSD_INFRINV@DF_INFRINV(1.0),ROU,A,INV,EUR,TOT_INL,Q,1999,1346321406,,,0,0,
OECD.ITF:DSD_INFRINV@DF_INFRINV(1.0),ROU,A,INV,EUR,TOT_INL,Q,2000,1569665270,,,0,0,
OECD.ITF:DSD_INFRINV@DF_INFRINV(1.0),ROU,A,INV,EUR,TOT_INL,Q,2001,1800788932,,,0,0,
OECD.ITF:DSD_INFRINV@DF_INFRINV(1.0),ROU,A,INV,EUR,TOT_INL,Q,2002,1555853272,,,0,0,
OECD.ITF:DSD_INFRINV@DF_INFRINV(1.0),ROU,A,INV,EUR,TOT_INL,Q,2003,1844712742,,,0,0,
OECD.ITF:DSD_INFRINV@DF_INFRINV(1.0),ROU,A,INV,EUR,TOT_INL,Q,2004,2248502196,,,0,0,
OECD.ITF:DSD_INFRINV@DF_INFRINV(1.0),ROU,A,INV,EUR,TOT_INL,Q,2005,2072836024,,,0,0,
OECD.ITF:DSD_INFRINV@DF_INFRINV(1.0),ROU,A,INV,EUR,TOT_INL,Q,2006,2615682018,,,0,0,
OECD.ITF:DSD_INFRINV@DF_INFRINV(1.0),ROU,A,INV,EUR,TOT_INL,Q,2007,3520731209,,,0,0,
OECD.ITF:DSD_INFRINV@DF_INFRINV(1.0),ROU,A,INV,EUR,TOT_INL,Q,2008,4497051591,,,0,0,
OECD.ITF:DSD_INFRINV@DF_INFRINV(1.0),ROU,A,INV,EUR,TOT_INL,Q,2009,4084251010,,,0,0,
OECD.ITF:DSD_INFRINV@DF_INFRINV(1.0),ROU,A,INV,EUR,TOT_INL,Q,2010,3546967646,,,0,0,
OECD.ITF:DSD_INFRINV@DF_INFRINV(1.0),ROU,A,INV,EUR,TOT_INL,Q,2011,3779807433,,,0,0,
OECD.ITF:DSD_INFRINV@DF_INFRINV(1.0),ROU,A,INV,EUR,TOT_INL,Q,2012,3293512086,,,0,0,
OECD.ITF:DSD_INFRINV@DF_INFRINV(1.0),ROU,A,INV,EUR,TOT_INL,Q,2013,3091205824,,,0,0,
OECD.ITF:DSD_INFRINV@DF_INFRINV(1.0),ROU,A,INV,EUR,TOT_INL,Q,2014,3018131400,,,0,0,
OECD.ITF:DSD_INFRINV@DF_INFRINV(1.0),ROU,A,INV,EUR,TOT_INL,Q,2015,3698146315,,,0,0,
OECD.ITF:DSD_INFRINV@DF_INFRINV(1.0),ROU,A,INV,EUR,TOT_INL,Q,2016,2875315630,,,0,0,
OECD.ITF:DSD_INFRINV@DF_INFRINV(1.0),ROU,A,INV,EUR,TOT_INL,Q,2017,2347820477,,,0,0,
OECD.ITF:DSD_INFRINV@DF_INFRINV(1.0),ROU,A,INV,EUR,TOT_INL,Q,2018,2169530902,,,0,0,
OECD.ITF:DSD_INFRINV@DF_INFRINV(1.0),SRB,A,INV,EUR,TOT_INL,Q,1995,107777013.1,,,0,0,
OECD.ITF:DSD_INFRINV@DF_INFRINV(1.0),SRB,A,INV,EUR,TOT_INL,Q,1996,122139373.3,,,0,0,
OECD.ITF:DSD_INFRINV@DF_INFRINV(1.0),SRB,A,INV,EUR,TOT_INL,Q,1997,182519668.2,,,0,0,
OECD.ITF:DSD_INFRINV@DF_INFRINV(1.0),SRB,A,INV,EUR,TOT_INL,Q,1998,160180296.7,,,0,0,
OECD.ITF:DSD_INFRINV@DF_INFRINV(1.0),SRB,A,INV,EUR,TOT_INL,Q,1999,112113025.4,,,0,0,
OECD.ITF:DSD_INFRINV@DF_INFRINV(1.0),SRB,A,INV,EUR,TOT_INL,Q,2001,151631069.5,,,0,0,
OECD.ITF:DSD_INFRINV@DF_INFRINV(1.0),SRB,A,INV,EUR,TOT_INL,Q,2002,228512508.9,,,0,0,
OECD.ITF:DSD_INFRINV@DF_INFRINV(1.0),SRB,A,INV,EUR,TOT_INL,Q,2003,254474574.7,,,0,0,
OECD.ITF:DSD_INFRINV@DF_INFRINV(1.0),SRB,A,INV,EUR,TOT_INL,Q,2004,293115682.8,,,0,0,
OECD.ITF:DSD_INFRINV@DF_INFRINV(1.0),SRB,A,INV,EUR,TOT_INL,Q,2005,273091669.8,,,0,0,
OECD.ITF:DSD_INFRINV@DF_INFRINV(1.0),SRB,A,INV,EUR,TOT_INL,Q,2006,485607724.4,,,0,0,
OECD.ITF:DSD_INFRINV@DF_INFRINV(1.0),SRB,A,INV,EUR,TOT_INL,Q,2007,475790630.7,,,0,0,
OECD.ITF:DSD_INFRINV@DF_INFRINV(1.0),SRB,A,INV,EUR,TOT_INL,Q,2008,427938559,,,0,0,
OECD.ITF:DSD_INFRINV@DF_INFRINV(1.0),SRB,A,INV,EUR,TOT_INL,Q,2009,301179291.7,,,0,0,
OECD.ITF:DSD_INFRINV@DF_INFRINV(1.0),SRB,A,INV,EUR,TOT_INL,Q,2010,298246457,,,0,0,
OECD.ITF:DSD_INFRINV@DF_INFRINV(1.0),SRB,A,INV,EUR,TOT_INL,Q,2011,377340071.8,,,0,0,
OECD.ITF:DSD_INFRINV@DF_INFRINV(1.0),SRB,A,INV,EUR,TOT_INL,Q,2012,301573788.4,,,0,0,
OECD.ITF:DSD_INFRINV@DF_INFRINV(1.0),SRB,A,INV,EUR,TOT_INL,Q,2013,299592269.4,,,0,0,
OECD.ITF:DSD_INFRINV@DF_INFRINV(1.0),SRB,A,INV,EUR,TOT_INL,Q,2014,363643521.9,,,0,0,
OECD.ITF:DSD_INFRINV@DF_INFRINV(1.0),SRB,A,INV,EUR,TOT_INL,Q,2015,610462105.5,,,0,0,
OECD.ITF:DSD_INFRINV@DF_INFRINV(1.0),SRB,A,INV,EUR,TOT_INL,Q,2016,610561487,,,0,0,
OECD.ITF:DSD_INFRINV@DF_INFRINV(1.0),SRB,A,INV,EUR,TOT_INL,Q,2017,563375372.8,,,0,0,
OECD.ITF:DSD_INFRINV@DF_INFRINV(1.0),SRB,A,INV,EUR,TOT_INL,Q,2018,511333184.1,,,0,0,
OECD.ITF:DSD_INFRINV@DF_INFRINV(1.0),SRB,A,INV,EUR,TOT_INL,Q,2019,690785330.9,,,0,0,
OECD.ITF:DSD_INFRINV@DF_INFRINV(1.0),SRB,A,INV,EUR,TOT_INL,Q,2020,555533793.9,,,0,0,
OECD.ITF:DSD_INFRINV@DF_INFRINV(1.0),SRB,A,INV,EUR,TOT_INL,Q,2021,1002648565,,,0,0,
OECD.ITF:DSD_INFRINV@DF_INFRINV(1.0),SRB,A,INV,EUR,TOT_INL,Q,2022,1035027299,,,0,0,
OECD.ITF:DSD_INFRINV@DF_INFRINV(1.0),SRB,A,INV,EUR,TOT_INL,Q,2023,1257739943,,,0,0,
OECD.ITF:DSD_INFRINV@DF_INFRINV(1.0),UZB,A,INV,EUR,TOT_INL,Q,2019,182076.575,,,0,0,
OECD.ITF:DSD_INFRINV@DF_INFRINV(1.0),UZB,A,INV,EUR,TOT_INL,Q,2020,172701.3215,,,0,0,
OECD.ITF:DSD_INFRINV@DF_INFRINV(1.0),UZB,A,INV,EUR,TOT_INL,Q,2021,202363.3109,,,0,0,
OECD.ITF:DSD_INFRINV@DF_INFRINV(1.0),EST,A,INV,EUR,MAR,Q,2023,0,,,0,0,
OECD.ITF:DSD_INFRINV@DF_INFRINV(1.0),ALB,A,INV,EUR,MAR,Q,2017,0,,,0,0,
OECD.ITF:DSD_INFRINV@DF_INFRINV(1.0),BGR,A,MNT,EUR,MAR,Q,2006,0,,,0,0,
OECD.ITF:DSD_INFRINV@DF_INFRINV(1.0),BGR,A,MNT,EUR,MAR,Q,2008,0,,,0,0,
OECD.ITF:DSD_INFRINV@DF_INFRINV(1.0),GEO,A,INV,EUR,MAR,Q,2003,0,,,0,0,
OECD.ITF:DSD_INFRINV@DF_INFRINV(1.0),GEO,A,MNT,EUR,MAR,Q,2008,0,,,0,0,
OECD.ITF:DSD_INFRINV@DF_INFRINV(1.0),GEO,A,MNT,EUR,MAR,Q,2009,0,,,0,0,
OECD.ITF:DSD_INFRINV@DF_INFRINV(1.0),GEO,A,MNT,EUR,MAR,Q,2010,0,,,0,0,
OECD.ITF:DSD_INFRINV@DF_INFRINV(1.0),GEO,A,MNT,EUR,MAR,Q,2011,0,,,0,0,
OECD.ITF:DSD_INFRINV@DF_INFRINV(1.0),GEO,A,MNT,EUR,MAR,Q,2012,0,,,0,0,
OECD.ITF:DSD_INFRINV@DF_INFRINV(1.0),GEO,A,MNT,EUR,MAR,Q,2013,0,,,0,0,
OECD.ITF:DSD_INFRINV@DF_INFRINV(1.0),GEO,A,MNT,EUR,MAR,Q,2014,0,,,0,0,
OECD.ITF:DSD_INFRINV@DF_INFRINV(1.0),GEO,A,MNT,EUR,MAR,Q,2015,0,,,0,0,
OECD.ITF:DSD_INFRINV@DF_INFRINV(1.0),GEO,A,MNT,EUR,MAR,Q,2016,0,,,0,0,
OECD.ITF:DSD_INFRINV@DF_INFRINV(1.0),GEO,A,MNT,EUR,MAR,Q,2017,0,,,0,0,
OECD.ITF:DSD_INFRINV@DF_INFRINV(1.0),GEO,A,MNT,EUR,MAR,Q,2018,0,,,0,0,
OECD.ITF:DSD_INFRINV@DF_INFRINV(1.0),GEO,A,MNT,EUR,MAR,Q,2019,0,,,0,0,
OECD.ITF:DSD_INFRINV@DF_INFRINV(1.0),MLT,A,MNT,EUR,MAR,Q,2013,0,,,0,0,
OECD.ITF:DSD_INFRINV@DF_INFRINV(1.0),MNE,A,INV,EUR,MAR,Q,2002,0,,,0,0,
OECD.ITF:DSD_INFRINV@DF_INFRINV(1.0),MNE,A,INV,EUR,MAR,Q,2004,0,,,0,0,
OECD.ITF:DSD_INFRINV@DF_INFRINV(1.0),EST,A,INV,EUR,AIR,Q,1996,0,,,0,0,
OECD.ITF:DSD_INFRINV@DF_INFRINV(1.0),EST,A,INV,EUR,AIR,Q,1997,0,,,0,0,
OECD.ITF:DSD_INFRINV@DF_INFRINV(1.0),EST,A,INV,EUR,AIR,Q,1999,0,,,0,0,
OECD.ITF:DSD_INFRINV@DF_INFRINV(1.0),EST,A,INV,EUR,AIR,Q,2002,0,,,0,0,
OECD.ITF:DSD_INFRINV@DF_INFRINV(1.0),EST,A,INV,EUR,AIR,Q,2003,0,,,0,0,
OECD.ITF:DSD_INFRINV@DF_INFRINV(1.0),EST,A,INV,EUR,AIR,Q,2015,0,,,0,0,
OECD.ITF:DSD_INFRINV@DF_INFRINV(1.0),EST,A,INV,EUR,AIR,Q,2023,0,,,0,0,
OECD.ITF:DSD_INFRINV@DF_INFRINV(1.0),EST,A,INV,EUR,AIR,Q,2024,0,,,0,0,
OECD.ITF:DSD_INFRINV@DF_INFRINV(1.0),LUX,A,INV,EUR,AIR,Q,1995,0,,,0,0,
OECD.ITF:DSD_INFRINV@DF_INFRINV(1.0),LUX,A,INV,EUR,AIR,Q,1996,0,,,0,0,
OECD.ITF:DSD_INFRINV@DF_INFRINV(1.0),SVN,A,INV,EUR,AIR,Q,2016,0,,,0,0,
OECD.ITF:DSD_INFRINV@DF_INFRINV(1.0),SVN,A,MNT,EUR,AIR,Q,2017,0,,,0,0,
OECD.ITF:DSD_INFRINV@DF_INFRINV(1.0),SVN,A,MNT,EUR,AIR,Q,2018,0,,,0,0,
OECD.ITF:DSD_INFRINV@DF_INFRINV(1.0),SVN,A,MNT,EUR,AIR,Q,2019,0,,,0,0,
OECD.ITF:DSD_INFRINV@DF_INFRINV(1.0),SVN,A,MNT,EUR,AIR,Q,2020,0,,,0,0,
OECD.ITF:DSD_INFRINV@DF_INFRINV(1.0),SVN,A,MNT,EUR,AIR,Q,2021,0,,,0,0,
OECD.ITF:DSD_INFRINV@DF_INFRINV(1.0),SVN,A,MNT,EUR,AIR,Q,2022,0,,,0,0,
OECD.ITF:DSD_INFRINV@DF_INFRINV(1.0),TUR,A,MNT,EUR,AIR,Q,1995,0,,,0,0,
OECD.ITF:DSD_INFRINV@DF_INFRINV(1.0),ALB,A,INV,EUR,AIR,Q,2009,0,,,0,0,
OECD.ITF:DSD_INFRINV@DF_INFRINV(1.0),ALB,A,INV,EUR,AIR,Q,2010,0,,,0,0,
OECD.ITF:DSD_INFRINV@DF_INFRINV(1.0),ALB,A,INV,EUR,AIR,Q,2011,0,,,0,0,
OECD.ITF:DSD_INFRINV@DF_INFRINV(1.0),ALB,A,INV,EUR,AIR,Q,2012,0,,,0,0,
OECD.ITF:DSD_INFRINV@DF_INFRINV(1.0),ALB,A,INV,EUR,AIR,Q,2013,0,,,0,0,
OECD.ITF:DSD_INFRINV@DF_INFRINV(1.0),ALB,A,INV,EUR,AIR,Q,2014,0,,,0,0,
OECD.ITF:DSD_INFRINV@DF_INFRINV(1.0),ALB,A,MNT,EUR,AIR,Q,2015,0,,,0,0,
OECD.ITF:DSD_INFRINV@DF_INFRINV(1.0),ALB,A,INV,EUR,AIR,Q,2015,0,,,0,0,
OECD.ITF:DSD_INFRINV@DF_INFRINV(1.0),ALB,A,INV,EUR,AIR,Q,2016,0,,,0,0,
OECD.ITF:DSD_INFRINV@DF_INFRINV(1.0),ALB,A,MNT,EUR,AIR,Q,2016,0,,,0,0,
OECD.ITF:DSD_INFRINV@DF_INFRINV(1.0),ALB,A,MNT,EUR,AIR,Q,2017,0,,,0,0,
OECD.ITF:DSD_INFRINV@DF_INFRINV(1.0),ALB,A,INV,EUR,AIR,Q,2017,0,,,0,0,
OECD.ITF:DSD_INFRINV@DF_INFRINV(1.0),ALB,A,INV,EUR,AIR,Q,2018,0,,,0,0,
OECD.ITF:DSD_INFRINV@DF_INFRINV(1.0),ALB,A,MNT,EUR,AIR,Q,2018,0,,,0,0,
OECD.ITF:DSD_INFRINV@DF_INFRINV(1.0),ALB,A,INV,EUR,AIR,Q,2019,0,,,0,0,
OECD.ITF:DSD_INFRINV@DF_INFRINV(1.0),BGR,A,MNT,EUR,AIR,Q,2012,0,,,0,0,
OECD.ITF:DSD_INFRINV@DF_INFRINV(1.0),BGR,A,MNT,EUR,AIR,Q,2020,0,,,0,0,
OECD.ITF:DSD_INFRINV@DF_INFRINV(1.0),BGR,A,MNT,EUR,AIR,Q,2021,0,,,0,0,
OECD.ITF:DSD_INFRINV@DF_INFRINV(1.0),BGR,A,MNT,EUR,AIR,Q,2022,0,,,0,0,
OECD.ITF:DSD_INFRINV@DF_INFRINV(1.0),BGR,A,MNT,EUR,AIR,Q,2023,0,,,0,0,
OECD.ITF:DSD_INFRINV@DF_INFRINV(1.0),MNE,A,INV,EUR,AIR,Q,2002,0,,,0,0,
OECD.ITF:DSD_INFRINV@DF_INFRINV(1.0),MNE,A,INV,EUR,AIR,Q,2003,0,,,0,0,
OECD.ITF:DSD_INFRINV@DF_INFRINV(1.0),MNE,A,INV,EUR,AIR,Q,2008,0,,,0,0,
OECD.ITF:DSD_INFRINV@DF_INFRINV(1.0),ROU,A,MNT,EUR,AIR,Q,2001,0,,,0,0,
OECD.ITF:DSD_INFRINV@DF_INFRINV(1.0),ROU,A,MNT,EUR,AIR,Q,2005,0,,,0,0,
OECD.ITF:DSD_INFRINV@DF_INFRINV(1.0),SRB,A,INV,EUR,AIR,Q,1995,0,,,0,0,
OECD.ITF:DSD_INFRINV@DF_INFRINV(1.0),SRB,A,MNT,EUR,AIR,Q,1995,0,,,0,0,
OECD.ITF:DSD_INFRINV@DF_INFRINV(1.0),SRB,A,MNT,EUR,AIR,Q,1996,0,,,0,0,
OECD.ITF:DSD_INFRINV@DF_INFRINV(1.0),SRB,A,MNT,EUR,AIR,Q,1997,0,,,0,0,
OECD.ITF:DSD_INFRINV@DF_INFRINV(1.0),SRB,A,MNT,EUR,AIR,Q,1998,0,,,0,0,
OECD.ITF:DSD_INFRINV@DF_INFRINV(1.0),SRB,A,INV,EUR,AIR,Q,1998,0,,,0,0,
OECD.ITF:DSD_INFRINV@DF_INFRINV(1.0),SRB,A,MNT,EUR,AIR,Q,1999,0,,,0,0,
OECD.ITF:DSD_INFRINV@DF_INFRINV(1.0),SRB,A,INV,EUR,AIR,Q,2001,0,,,0,0,
OECD.ITF:DSD_INFRINV@DF_INFRINV(1.0),SRB,A,MNT,EUR,AIR,Q,2001,0,,,0,0,
OECD.ITF:DSD_INFRINV@DF_INFRINV(1.0),SRB,A,MNT,EUR,AIR,Q,2002,0,,,0,0,
OECD.ITF:DSD_INFRINV@DF_INFRINV(1.0),SRB,A,INV,EUR,AIR,Q,2002,0,,,0,0,
OECD.ITF:DSD_INFRINV@DF_INFRINV(1.0),SRB,A,MNT,EUR,AIR,Q,2003,0,,,0,0,
OECD.ITF:DSD_INFRINV@DF_INFRINV(1.0),SRB,A,MNT,EUR,AIR,Q,2004,0,,,0,0,
OECD.ITF:DSD_INFRINV@DF_INFRINV(1.0),SRB,A,MNT,EUR,AIR,Q,2007,0,,,0,0,
OECD.ITF:DSD_INFRINV@DF_INFRINV(1.0),SRB,A,MNT,EUR,AIR,Q,2008,0,,,0,0,
OECD.ITF:DSD_INFRINV@DF_INFRINV(1.0),SRB,A,MNT,EUR,AIR,Q,2009,0,,,0,0,
OECD.ITF:DSD_INFRINV@DF_INFRINV(1.0),SRB,A,MNT,EUR,AIR,Q,2010,0,,,0,0,
OECD.ITF:DSD_INFRINV@DF_INFRINV(1.0),SRB,A,MNT,EUR,AIR,Q,2018,0,,,0,0,
OECD.ITF:DSD_INFRINV@DF_INFRINV(1.0),GEO,A,MNT,EUR,AIR,Q,1995,0,,,0,0,
OECD.ITF:DSD_INFRINV@DF_INFRINV(1.0),GEO,A,INV,EUR,AIR,Q,1995,0,,,0,0,
OECD.ITF:DSD_INFRINV@DF_INFRINV(1.0),GEO,A,MNT,EUR,AIR,Q,1996,0,,,0,0,
OECD.ITF:DSD_INFRINV@DF_INFRINV(1.0),GEO,A,MNT,EUR,AIR,Q,1997,0,,,0,0,
OECD.ITF:DSD_INFRINV@DF_INFRINV(1.0),GEO,A,INV,EUR,AIR,Q,1998,0,,,0,0,
OECD.ITF:DSD_INFRINV@DF_INFRINV(1.0),GEO,A,MNT,EUR,AIR,Q,1998,0,,,0,0,
OECD.ITF:DSD_INFRINV@DF_INFRINV(1.0),GEO,A,MNT,EUR,AIR,Q,1999,0,,,0,0,
OECD.ITF:DSD_INFRINV@DF_INFRINV(1.0),GEO,A,INV,EUR,AIR,Q,1999,0,,,0,0,
OECD.ITF:DSD_INFRINV@DF_INFRINV(1.0),GEO,A,INV,EUR,AIR,Q,2000,0,,,0,0,
OECD.ITF:DSD_INFRINV@DF_INFRINV(1.0),GEO,A,MNT,EUR,AIR,Q,2000,0,,,0,0,
OECD.ITF:DSD_INFRINV@DF_INFRINV(1.0),GEO,A,MNT,EUR,AIR,Q,2001,0,,,0,0,
OECD.ITF:DSD_INFRINV@DF_INFRINV(1.0),GEO,A,INV,EUR,AIR,Q,2001,0,,,0,0,
OECD.ITF:DSD_INFRINV@DF_INFRINV(1.0),GEO,A,INV,EUR,AIR,Q,2002,0,,,0,0,
OECD.ITF:DSD_INFRINV@DF_INFRINV(1.0),GEO,A,MNT,EUR,AIR,Q,2002,0,,,0,0,
OECD.ITF:DSD_INFRINV@DF_INFRINV(1.0),GEO,A,MNT,EUR,AIR,Q,2003,0,,,0,0,
OECD.ITF:DSD_INFRINV@DF_INFRINV(1.0),GEO,A,INV,EUR,AIR,Q,2003,0,,,0,0,
OECD.ITF:DSD_INFRINV@DF_INFRINV(1.0),GEO,A,INV,EUR,AIR,Q,2004,0,,,0,0,
OECD.ITF:DSD_INFRINV@DF_INFRINV(1.0),GEO,A,MNT,EUR,AIR,Q,2004,0,,,0,0,
OECD.ITF:DSD_INFRINV@DF_INFRINV(1.0),GEO,A,MNT,EUR,AIR,Q,2005,0,,,0,0,
OECD.ITF:DSD_INFRINV@DF_INFRINV(1.0),GEO,A,MNT,EUR,AIR,Q,2006,0,,,0,0,
OECD.ITF:DSD_INFRINV@DF_INFRINV(1.0),GEO,A,MNT,EUR,AIR,Q,2007,0,,,0,0,
OECD.ITF:DSD_INFRINV@DF_INFRINV(1.0),GEO,A,INV,EUR,AIR,Q,2008,0,,,0,0,
OECD.ITF:DSD_INFRINV@DF_INFRINV(1.0),MDA,A,INV,EUR,AIR,Q,1995,0,,,0,0,
OECD.ITF:DSD_INFRINV@DF_INFRINV(1.0),MDA,A,INV,EUR,AIR,Q,2010,0,,,0,0,
OECD.ITF:DSD_INFRINV@DF_INFRINV(1.0),MDA,A,MNT,EUR,AIR,Q,2014,0,,,0,0,
OECD.ITF:DSD_INFRINV@DF_INFRINV(1.0),MDA,A,INV,EUR,MAR,Q,2015,0,,,0,0,
OECD.ITF:DSD_INFRINV@DF_INFRINV(1.0),MDA,A,MNT,EUR,MAR,Q,2017,0,,,0,0,
OECD.ITF:DSD_INFRINV@DF_INFRINV(1.0),MDA,A,INV,EUR,MAR,Q,2018,0,,,0,0,
OECD.ITF:DSD_INFRINV@DF_INFRINV(1.0),MDA,A,INV,EUR,MAR,Q,2019,0,,,0,0,
OECD.ITF:DSD_INFRINV@DF_INFRINV(1.0),MDA,A,MNT,EUR,MAR,Q,2019,0,,,0,0,
OECD.ITF:DSD_INFRINV@DF_INFRINV(1.0),MDA,A,MNT,EUR,MAR,Q,2020,0,,,0,0,
OECD.ITF:DSD_INFRINV@DF_INFRINV(1.0),MDA,A,INV,EUR,MAR,Q,2020,0,,,0,0,
OECD.ITF:DSD_INFRINV@DF_INFRINV(1.0),MDA,A,INV,EUR,MAR,Q,2021,0,,,0,0,
OECD.ITF:DSD_INFRINV@DF_INFRINV(1.0),MDA,A,MNT,EUR,MAR,Q,2021,0,,,0,0,
OECD.ITF:DSD_INFRINV@DF_INFRINV(1.0),MDA,A,MNT,EUR,MAR,Q,2022,0,,,0,0,
OECD.ITF:DSD_INFRINV@DF_INFRINV(1.0),MDA,A,MNT,EUR,AIR,Q,2022,0,,,0,0,
OECD.ITF:DSD_INFRINV@DF_INFRINV(1.0),MDA,A,INV,EUR,AIR,Q,2022,0,,,0,0,
OECD.ITF:DSD_INFRINV@DF_INFRINV(1.0),MDA,A,INV,EUR,MAR,Q,2022,0,,,0,0,
OECD.ITF:DSD_INFRINV@DF_INFRINV(1.0),MDA,A,INV,EUR,MAR,Q,2023,0,,,0,0,
OECD.ITF:DSD_INFRINV@DF_INFRINV(1.0),MDA,A,MNT,EUR,AIR,Q,2023,0,,,0,0,
OECD.ITF:DSD_INFRINV@DF_INFRINV(1.0),MDA,A,MNT,EUR,MAR,Q,2023,0,,,0,0,
OECD.ITF:DSD_INFRINV@DF_INFRINV(1.0),MDA,A,MNT,EUR,MAR,Q,2024,0,,,0,0,
OECD.ITF:DSD_INFRINV@DF_INFRINV(1.0),MDA,A,MNT,EUR,AIR,Q,2024,0,,,0,0,
OECD.ITF:DSD_INFRINV@DF_INFRINV(1.0),MDA,A,INV,EUR,MAR,Q,2024,0,,,0,0,
